  x,     y,    camp
    0.27075E+01,    0.95468E+02,    0.49146E-01
    0.14850E+01,    0.94360E+02,    0.49128E-01
    0.12200E+01,    0.92705E+02,    0.49086E-01
    0.11950E+01,    0.90882E+02,    0.49020E-01
    0.12025E+01,    0.88915E+02,    0.48940E-01
    0.11225E+01,    0.86885E+02,    0.48820E-01
    0.10525E+01,    0.84897E+02,    0.48664E-01
    0.10125E+01,    0.82933E+02,    0.48463E-01
    0.10050E+01,    0.80968E+02,    0.48207E-01
    0.10075E+01,    0.78992E+02,    0.47873E-01
    0.10150E+01,    0.77005E+02,    0.47425E-01
    0.10250E+01,    0.75005E+02,    0.46813E-01
    0.10350E+01,    0.72998E+02,    0.45961E-01
    0.10450E+01,    0.70983E+02,    0.44747E-01
    0.10575E+01,    0.68960E+02,    0.42961E-01
    0.10750E+01,    0.66912E+02,    0.40178E-01
    0.11125E+01,    0.64778E+02,    0.35164E-01
    0.93750E+00,    0.62648E+02,    0.27203E-01
    0.49250E+00,    0.60812E+02,    0.14739E-01
    0.10900E+01,    0.60425E+02,    0.12150E-01
    0.13975E+01,    0.60177E+02,    0.11410E-01
    0.18325E+01,    0.60070E+02,    0.13749E-01
    0.23100E+01,    0.59980E+02,    0.16827E-01
    0.27875E+01,    0.59858E+02,    0.19972E-01
    0.32575E+01,    0.59700E+02,    0.23407E-01
    0.37375E+01,    0.59553E+02,    0.26390E-01
    0.42100E+01,    0.59358E+02,    0.29537E-01
    0.46750E+01,    0.59110E+02,    0.33015E-01
    0.51350E+01,    0.58848E+02,    0.36279E-01
    0.55575E+01,    0.58565E+02,    0.39465E-01
    0.59500E+01,    0.58282E+02,    0.42889E-01
    0.63475E+01,    0.57998E+02,    0.45133E-01
    0.67450E+01,    0.57688E+02,    0.47469E-01
    0.71225E+01,    0.57355E+02,    0.50349E-01
    0.74800E+01,    0.57010E+02,    0.52896E-01
    0.78325E+01,    0.56660E+02,    0.54855E-01
    0.81875E+01,    0.56292E+02,    0.57067E-01
    0.85550E+01,    0.55875E+02,    0.58861E-01
    0.88375E+01,    0.55392E+02,    0.61074E-01
    0.90375E+01,    0.54902E+02,    0.63647E-01
    0.92450E+01,    0.54438E+02,    0.65178E-01
    0.94400E+01,    0.53972E+02,    0.66166E-01
    0.96200E+01,    0.53507E+02,    0.67792E-01
    0.97900E+01,    0.53047E+02,    0.68957E-01
    0.99850E+01,    0.52593E+02,    0.69520E-01
    0.10140E+02,    0.52082E+02,    0.70050E-01
    0.10215E+02,    0.51530E+02,    0.70676E-01
    0.10263E+02,    0.51003E+02,    0.71037E-01
    0.10285E+02,    0.50488E+02,    0.71715E-01
    0.10285E+02,    0.49975E+02,    0.72147E-01
    0.10262E+02,    0.49468E+02,    0.71821E-01
    0.10217E+02,    0.48965E+02,    0.71259E-01
    0.10155E+02,    0.48463E+02,    0.71057E-01
    0.10072E+02,    0.47960E+02,    0.70595E-01
    0.99650E+01,    0.47460E+02,    0.69780E-01
    0.98300E+01,    0.46960E+02,    0.68775E-01
    0.96675E+01,    0.46463E+02,    0.67519E-01
    0.94650E+01,    0.45995E+02,    0.65952E-01
    0.92525E+01,    0.45550E+02,    0.64977E-01
    0.90450E+01,    0.45087E+02,    0.63388E-01
    0.88075E+01,    0.44598E+02,    0.61009E-01
    0.84975E+01,    0.44162E+02,    0.59162E-01
    0.81575E+01,    0.43790E+02,    0.57554E-01
    0.78375E+01,    0.43413E+02,    0.55287E-01
    0.75025E+01,    0.43037E+02,    0.53256E-01
    0.71500E+01,    0.42675E+02,    0.50741E-01
    0.67825E+01,    0.42332E+02,    0.47755E-01
    0.64125E+01,    0.42000E+02,    0.45310E-01
    0.60550E+01,    0.41648E+02,    0.42674E-01
    0.56275E+01,    0.41315E+02,    0.39341E-01
    0.51350E+01,    0.41038E+02,    0.35959E-01
    0.46500E+01,    0.40795E+02,    0.32611E-01
    0.41700E+01,    0.40565E+02,    0.29228E-01
    0.36975E+01,    0.40388E+02,    0.26074E-01
    0.32250E+01,    0.40260E+02,    0.23070E-01
    0.27575E+01,    0.40108E+02,    0.19789E-01
    0.22850E+01,    0.39990E+02,    0.16751E-01
    0.18150E+01,    0.39910E+02,    0.13634E-01
    0.13825E+01,    0.39807E+02,    0.11372E-01
    0.10625E+01,    0.39553E+02,    0.12242E-01
    0.47250E+00,    0.39173E+02,    0.14771E-01
    0.85250E+00,    0.37310E+02,    0.27087E-01
    0.99250E+00,    0.35188E+02,    0.35286E-01
    0.98000E+00,    0.33085E+02,    0.40214E-01
    0.10000E+01,    0.31058E+02,    0.42977E-01
    0.10225E+01,    0.29037E+02,    0.44731E-01
    0.10275E+01,    0.27017E+02,    0.45941E-01
    0.10250E+01,    0.25005E+02,    0.46801E-01
    0.10200E+01,    0.22997E+02,    0.47419E-01
    0.10150E+01,    0.21002E+02,    0.47871E-01
    0.10125E+01,    0.19010E+02,    0.48209E-01
    0.10150E+01,    0.17023E+02,    0.48467E-01
    0.10325E+01,    0.15033E+02,    0.48668E-01
    0.10675E+01,    0.13025E+02,    0.48825E-01
    0.11100E+01,    0.10997E+02,    0.48945E-01
    0.10875E+01,    0.90550E+01,    0.49025E-01
    0.11200E+01,    0.72625E+01,    0.49089E-01
    0.13775E+01,    0.56275E+01,    0.49125E-01
    0.25225E+01,    0.45250E+01,    0.49141E-01
    0.42425E+01,    0.20925E+01,    0.49154E-01
    0.13690E+02,    0.40050E+01,    0.49315E-01
    0.23990E+02,    0.47525E+01,    0.49509E-01
    0.34180E+02,    0.49925E+01,    0.49676E-01
    0.44638E+02,    0.49250E+01,    0.49753E-01
    0.44825E+02,    0.14290E+02,    0.49815E-01
    0.45332E+02,    0.23230E+02,    0.49934E-01
    0.45345E+02,    0.32123E+02,    0.50096E-01
    0.45645E+02,    0.40838E+02,    0.50254E-01
    0.45780E+02,    0.49543E+02,    0.50325E-01
    0.45513E+02,    0.58507E+02,    0.50262E-01
    0.45492E+02,    0.67703E+02,    0.50099E-01
    0.45545E+02,    0.76750E+02,    0.49937E-01
    0.44892E+02,    0.85663E+02,    0.49816E-01
    0.44663E+02,    0.95070E+02,    0.49753E-01
    0.34263E+02,    0.95050E+02,    0.49677E-01
    0.24233E+02,    0.95507E+02,    0.49515E-01
    0.14003E+02,    0.96203E+02,    0.49321E-01
    0.43700E+01,    0.97903E+02,    0.49162E-01
    0.42100E+01,    0.65125E+01,    0.49117E-01
    0.32225E+01,    0.90225E+01,    0.49058E-01
    0.49675E+01,    0.78525E+01,    0.49111E-01
    0.31475E+01,    0.76325E+01,    0.49093E-01
    0.34000E+01,    0.10913E+02,    0.48965E-01
    0.12883E+02,    0.13930E+02,    0.49069E-01
    0.17205E+02,    0.13015E+02,    0.49272E-01
    0.15227E+02,    0.11975E+02,    0.49236E-01
    0.14988E+02,    0.14228E+02,    0.49155E-01
    0.10250E+02,    0.12670E+02,    0.49011E-01
    0.11600E+02,    0.96925E+01,    0.49161E-01
    0.67850E+01,    0.93900E+01,    0.49112E-01
    0.55475E+01,    0.11330E+02,    0.48979E-01
    0.75600E+01,    0.11882E+02,    0.48997E-01
    0.50150E+01,    0.17133E+02,    0.48541E-01
    0.69250E+01,    0.17153E+02,    0.48616E-01
    0.30350E+01,    0.17075E+02,    0.48493E-01
    0.72150E+01,    0.13810E+02,    0.48882E-01
    0.69275E+01,    0.15482E+02,    0.48753E-01
    0.50675E+01,    0.15275E+02,    0.48716E-01
    0.52525E+01,    0.13377E+02,    0.48860E-01
    0.30800E+01,    0.15120E+02,    0.48684E-01
    0.31975E+01,    0.13105E+02,    0.48839E-01
    0.91350E+01,    0.14515E+02,    0.48880E-01
    0.87475E+01,    0.17035E+02,    0.48715E-01
    0.98600E+01,    0.15965E+02,    0.48824E-01
    0.84975E+01,    0.15712E+02,    0.48785E-01
    0.11930E+02,    0.16555E+02,    0.48909E-01
    0.17590E+02,    0.16508E+02,    0.49217E-01
    0.14753E+02,    0.16890E+02,    0.49046E-01
    0.23933E+02,    0.16623E+02,    0.49493E-01
    0.20610E+02,    0.16405E+02,    0.49357E-01
    0.27475E+02,    0.16672E+02,    0.49608E-01
    0.20100E+02,    0.12822E+02,    0.49371E-01
    0.27027E+02,    0.12800E+02,    0.49578E-01
    0.23198E+02,    0.10870E+02,    0.49492E-01
    0.23625E+02,    0.13610E+02,    0.49488E-01
    0.36750E+02,    0.16362E+02,    0.49772E-01
    0.32462E+02,    0.12430E+02,    0.49688E-01
    0.31580E+02,    0.17220E+02,    0.49719E-01
    0.30750E+01,    0.25025E+02,    0.46932E-01
    0.30900E+01,    0.27073E+02,    0.46122E-01
    0.30550E+01,    0.23005E+02,    0.47508E-01
    0.50775E+01,    0.22995E+02,    0.47665E-01
    0.51750E+01,    0.27110E+02,    0.46466E-01
    0.51200E+01,    0.25028E+02,    0.47158E-01
    0.30400E+01,    0.21008E+02,    0.47933E-01
    0.50500E+01,    0.20995E+02,    0.48041E-01
    0.30325E+01,    0.19030E+02,    0.48250E-01
    0.50300E+01,    0.19032E+02,    0.48327E-01
    0.90975E+01,    0.24912E+02,    0.47783E-01
    0.93250E+01,    0.26957E+02,    0.47438E-01
    0.90125E+01,    0.22902E+02,    0.48092E-01
    0.70725E+01,    0.22960E+02,    0.47865E-01
    0.72575E+01,    0.27075E+02,    0.46914E-01
    0.71400E+01,    0.24990E+02,    0.47461E-01
    0.90325E+01,    0.18795E+02,    0.48593E-01
    0.89800E+01,    0.20885E+02,    0.48351E-01
    0.70350E+01,    0.20953E+02,    0.48190E-01
    0.70075E+01,    0.18980E+02,    0.48437E-01
    0.14953E+02,    0.25867E+02,    0.48670E-01
    0.15125E+02,    0.22873E+02,    0.48831E-01
    0.14872E+02,    0.19925E+02,    0.48941E-01
    0.10880E+02,    0.22862E+02,    0.48310E-01
    0.12790E+02,    0.22855E+02,    0.48573E-01
    0.12553E+02,    0.20485E+02,    0.48717E-01
    0.11200E+02,    0.18985E+02,    0.48706E-01
    0.10815E+02,    0.20898E+02,    0.48514E-01
    0.11380E+02,    0.26620E+02,    0.47927E-01
    0.12603E+02,    0.25205E+02,    0.48324E-01
    0.10902E+02,    0.24808E+02,    0.48077E-01
    0.17898E+02,    0.25927E+02,    0.49042E-01
    0.20795E+02,    0.25835E+02,    0.49352E-01
    0.17910E+02,    0.22840E+02,    0.49099E-01
    0.20855E+02,    0.22828E+02,    0.49330E-01
    0.17793E+02,    0.19735E+02,    0.49155E-01
    0.20812E+02,    0.19695E+02,    0.49343E-01
    0.24003E+02,    0.19835E+02,    0.49497E-01
    0.23805E+02,    0.26015E+02,    0.49565E-01
    0.23928E+02,    0.22957E+02,    0.49524E-01
    0.27075E+02,    0.23185E+02,    0.49656E-01
    0.27097E+02,    0.26395E+02,    0.49746E-01
    0.27335E+02,    0.20108E+02,    0.49633E-01
    0.30785E+02,    0.20787E+02,    0.49745E-01
    0.30670E+02,    0.26072E+02,    0.49816E-01
    0.32523E+02,    0.23392E+02,    0.49827E-01
    0.29942E+02,    0.23335E+02,    0.49746E-01
    0.37237E+02,    0.23585E+02,    0.49898E-01
    0.74075E+01,    0.41670E+02,    0.46016E-01
    0.71050E+01,    0.42008E+02,    0.46765E-01
    0.67525E+01,    0.41682E+02,    0.44439E-01
    0.70500E+01,    0.41375E+02,    0.44023E-01
    0.78150E+01,    0.41965E+02,    0.48008E-01
    0.74775E+01,    0.42340E+02,    0.49129E-01
    0.88200E+01,    0.43190E+02,    0.54152E-01
    0.84900E+01,    0.43468E+02,    0.55448E-01
    0.81750E+01,    0.43100E+02,    0.53561E-01
    0.85350E+01,    0.42805E+02,    0.52267E-01
    0.78400E+01,    0.42710E+02,    0.51393E-01
    0.82125E+01,    0.42352E+02,    0.50040E-01
    0.92075E+01,    0.42957E+02,    0.53110E-01
    0.94350E+01,    0.42532E+02,    0.51969E-01
    0.89350E+01,    0.42562E+02,    0.51637E-01
    0.86800E+01,    0.42010E+02,    0.49491E-01
    0.93525E+01,    0.41825E+02,    0.49857E-01
    0.85050E+01,    0.41117E+02,    0.46932E-01
    0.80250E+01,    0.41585E+02,    0.47336E-01
    0.84050E+01,    0.41560E+02,    0.47225E-01
    0.81850E+01,    0.41297E+02,    0.46283E-01
    0.79225E+01,    0.41053E+02,    0.45559E-01
    0.81675E+01,    0.40742E+02,    0.45211E-01
    0.76850E+01,    0.40740E+02,    0.44150E-01
    0.76650E+01,    0.41330E+02,    0.45685E-01
    0.73150E+01,    0.41010E+02,    0.43726E-01
    0.91775E+01,    0.40992E+02,    0.47696E-01
    0.64500E+01,    0.41350E+02,    0.41884E-01
    0.68575E+01,    0.40780E+02,    0.41694E-01
    0.64450E+01,    0.40955E+02,    0.41360E-01
    0.67350E+01,    0.41138E+02,    0.42731E-01
    0.94100E+01,    0.43407E+02,    0.55119E-01
    0.88075E+01,    0.43788E+02,    0.57053E-01
    0.92000E+01,    0.43812E+02,    0.56094E-01
    0.90400E+01,    0.43518E+02,    0.55136E-01
    0.59800E+01,    0.40717E+02,    0.38709E-01
    0.93900E+01,    0.44280E+02,    0.58462E-01
    0.53800E+01,    0.40422E+02,    0.35129E-01
    0.95775E+01,    0.44873E+02,    0.60913E-01
    0.90675E+01,    0.40040E+02,    0.45898E-01
    0.82450E+01,    0.40123E+02,    0.44601E-01
    0.78325E+01,    0.39562E+02,    0.42955E-01
    0.76125E+01,    0.40208E+02,    0.42924E-01
    0.69150E+01,    0.40167E+02,    0.40942E-01
    0.70125E+01,    0.39358E+02,    0.40515E-01
    0.61325E+01,    0.39332E+02,    0.37645E-01
    0.55900E+01,    0.39740E+02,    0.35684E-01
    0.61950E+01,    0.40052E+02,    0.38570E-01
    0.48175E+01,    0.39523E+02,    0.31961E-01
    0.42700E+01,    0.39895E+02,    0.29360E-01
    0.48125E+01,    0.40198E+02,    0.32423E-01
    0.10043E+02,    0.43392E+02,    0.54616E-01
    0.10178E+02,    0.42620E+02,    0.52365E-01
    0.10160E+02,    0.44758E+02,    0.59211E-01
    0.10070E+02,    0.44115E+02,    0.57078E-01
    0.10037E+02,    0.40015E+02,    0.47493E-01
    0.10120E+02,    0.40902E+02,    0.48716E-01
    0.10230E+02,    0.41782E+02,    0.50413E-01
    0.10215E+02,    0.46205E+02,    0.64190E-01
    0.10380E+02,    0.46778E+02,    0.65595E-01
    0.99475E+01,    0.45745E+02,    0.63384E-01
    0.10190E+02,    0.45333E+02,    0.61368E-01
    0.97150E+01,    0.45360E+02,    0.62621E-01
    0.28550E+01,    0.39570E+02,    0.22615E-01
    0.37700E+01,    0.39755E+02,    0.26199E-01
    0.33525E+01,    0.39355E+02,    0.24534E-01
    0.32950E+01,    0.39790E+02,    0.23703E-01
    0.10508E+02,    0.47322E+02,    0.66657E-01
    0.15450E+01,    0.39255E+02,    0.16202E-01
    0.23975E+01,    0.39462E+02,    0.18758E-01
    0.20100E+01,    0.39078E+02,    0.17646E-01
    0.19325E+01,    0.39475E+02,    0.16080E-01
    0.81275E+01,    0.36415E+02,    0.43355E-01
    0.74075E+01,    0.37175E+02,    0.41892E-01
    0.83975E+01,    0.37500E+02,    0.43693E-01
    0.62025E+01,    0.36840E+02,    0.39597E-01
    0.93000E+01,    0.36162E+02,    0.44903E-01
    0.94900E+01,    0.37373E+02,    0.45154E-01
    0.82175E+01,    0.38660E+02,    0.43365E-01
    0.97875E+01,    0.38365E+02,    0.45869E-01
    0.91750E+01,    0.39015E+02,    0.45281E-01
    0.10012E+02,    0.39157E+02,    0.46722E-01
    0.71700E+01,    0.38370E+02,    0.40804E-01
    0.60475E+01,    0.38285E+02,    0.37741E-01
    0.32150E+01,    0.37020E+02,    0.32062E-01
    0.22625E+01,    0.38017E+02,    0.26591E-01
    0.34400E+01,    0.38425E+02,    0.28663E-01
    0.47075E+01,    0.36843E+02,    0.36371E-01
    0.47475E+01,    0.38385E+02,    0.33328E-01
    0.77975E+01,    0.35102E+02,    0.43466E-01
    0.63025E+01,    0.35188E+02,    0.41571E-01
    0.91200E+01,    0.34875E+02,    0.45043E-01
    0.29025E+01,    0.35270E+02,    0.36760E-01
    0.46600E+01,    0.35145E+02,    0.39238E-01
    0.10607E+02,    0.47852E+02,    0.67453E-01
    0.10685E+02,    0.48372E+02,    0.68034E-01
    0.12883E+02,    0.48052E+02,    0.60223E-01
    0.13422E+02,    0.48038E+02,    0.59010E-01
    0.12343E+02,    0.48112E+02,    0.61611E-01
    0.12860E+02,    0.47525E+02,    0.59712E-01
    0.13432E+02,    0.47497E+02,    0.58553E-01
    0.12293E+02,    0.47580E+02,    0.61115E-01
    0.11725E+02,    0.47657E+02,    0.62821E-01
    0.11160E+02,    0.47750E+02,    0.64919E-01
    0.11792E+02,    0.48192E+02,    0.63345E-01
    0.11235E+02,    0.48282E+02,    0.65474E-01
    0.12248E+02,    0.47020E+02,    0.60417E-01
    0.13443E+02,    0.46940E+02,    0.57967E-01
    0.12843E+02,    0.46965E+02,    0.59069E-01
    0.12823E+02,    0.46380E+02,    0.58311E-01
    0.13453E+02,    0.46352E+02,    0.57304E-01
    0.12203E+02,    0.46435E+02,    0.59529E-01
    0.11658E+02,    0.47100E+02,    0.62067E-01
    0.11075E+02,    0.47200E+02,    0.64133E-01
    0.10973E+02,    0.46625E+02,    0.63097E-01
    0.11588E+02,    0.46517E+02,    0.61105E-01
    0.10845E+02,    0.46008E+02,    0.61819E-01
    0.11515E+02,    0.45910E+02,    0.59876E-01
    0.10790E+02,    0.45355E+02,    0.59894E-01
    0.11470E+02,    0.45285E+02,    0.58554E-01
    0.10795E+02,    0.44713E+02,    0.57977E-01
    0.11450E+02,    0.44665E+02,    0.57038E-01
    0.12718E+02,    0.44572E+02,    0.55620E-01
    0.13345E+02,    0.44490E+02,    0.55017E-01
    0.12092E+02,    0.44620E+02,    0.56312E-01
    0.13410E+02,    0.45108E+02,    0.55792E-01
    0.12760E+02,    0.45162E+02,    0.56538E-01
    0.12120E+02,    0.45220E+02,    0.57417E-01
    0.13442E+02,    0.45735E+02,    0.56567E-01
    0.12795E+02,    0.45773E+02,    0.57440E-01
    0.12158E+02,    0.45830E+02,    0.58533E-01
    0.11378E+02,    0.42363E+02,    0.52276E-01
    0.10920E+02,    0.42773E+02,    0.52725E-01
    0.11518E+02,    0.42898E+02,    0.53263E-01
    0.11163E+02,    0.41670E+02,    0.50884E-01
    0.11473E+02,    0.43465E+02,    0.54270E-01
    0.10800E+02,    0.43425E+02,    0.54431E-01
    0.11057E+02,    0.40810E+02,    0.49517E-01
    0.11442E+02,    0.44060E+02,    0.55634E-01
    0.10775E+02,    0.44078E+02,    0.56137E-01
    0.13218E+02,    0.43893E+02,    0.54221E-01
    0.12803E+02,    0.43547E+02,    0.54037E-01
    0.12678E+02,    0.44035E+02,    0.54839E-01
    0.12970E+02,    0.42943E+02,    0.53112E-01
    0.12995E+02,    0.42210E+02,    0.52104E-01
    0.12190E+02,    0.42888E+02,    0.53144E-01
    0.12155E+02,    0.42243E+02,    0.52096E-01
    0.12085E+02,    0.44045E+02,    0.55185E-01
    0.12135E+02,    0.43483E+02,    0.54156E-01
    0.12948E+02,    0.40645E+02,    0.50432E-01
    0.12980E+02,    0.41453E+02,    0.51247E-01
    0.12070E+02,    0.41520E+02,    0.51071E-01
    0.11998E+02,    0.40712E+02,    0.50081E-01
    0.12830E+02,    0.37980E+02,    0.48576E-01
    0.12910E+02,    0.39797E+02,    0.49716E-01
    0.12867E+02,    0.38913E+02,    0.49081E-01
    0.11935E+02,    0.39860E+02,    0.49181E-01
    0.11870E+02,    0.38972E+02,    0.48451E-01
    0.11790E+02,    0.38037E+02,    0.47848E-01
    0.10977E+02,    0.39940E+02,    0.48478E-01
    0.10902E+02,    0.39060E+02,    0.47642E-01
    0.10765E+02,    0.38155E+02,    0.46917E-01
    0.11707E+02,    0.37017E+02,    0.47424E-01
    0.12812E+02,    0.36980E+02,    0.48188E-01
    0.11633E+02,    0.35888E+02,    0.47156E-01
    0.12800E+02,    0.35875E+02,    0.47932E-01
    0.10605E+02,    0.37135E+02,    0.46446E-01
    0.10473E+02,    0.35980E+02,    0.46200E-01
    0.11560E+02,    0.34657E+02,    0.47053E-01
    0.10355E+02,    0.34722E+02,    0.46164E-01
    0.12765E+02,    0.34662E+02,    0.47767E-01
    0.30050E+01,    0.31192E+02,    0.43339E-01
    0.29050E+01,    0.33205E+02,    0.40803E-01
    0.30850E+01,    0.29143E+02,    0.44963E-01
    0.63550E+01,    0.33475E+02,    0.43155E-01
    0.77550E+01,    0.33575E+02,    0.44323E-01
    0.47350E+01,    0.33295E+02,    0.41912E-01
    0.76675E+01,    0.31005E+02,    0.45576E-01
    0.66400E+01,    0.31872E+02,    0.44617E-01
    0.78300E+01,    0.32235E+02,    0.45093E-01
    0.50325E+01,    0.31383E+02,    0.44005E-01
    0.52275E+01,    0.29288E+02,    0.45472E-01
    0.73875E+01,    0.29260E+02,    0.46164E-01
    0.10277E+02,    0.33375E+02,    0.46324E-01
    0.90450E+01,    0.33513E+02,    0.45378E-01
    0.10227E+02,    0.31930E+02,    0.46613E-01
    0.93425E+01,    0.31043E+02,    0.46361E-01
    0.90375E+01,    0.32240E+02,    0.45792E-01
    0.95675E+01,    0.29223E+02,    0.46995E-01
    0.12280E+02,    0.30942E+02,    0.47717E-01
    0.11430E+02,    0.31905E+02,    0.47166E-01
    0.12640E+02,    0.32165E+02,    0.47746E-01
    0.12707E+02,    0.33398E+02,    0.47713E-01
    0.11492E+02,    0.33337E+02,    0.47069E-01
    0.11905E+02,    0.28910E+02,    0.47755E-01
    0.15588E+02,    0.47110E+02,    0.55436E-01
    0.15500E+02,    0.46453E+02,    0.55130E-01
    0.15747E+02,    0.47722E+02,    0.55547E-01
    0.15012E+02,    0.47315E+02,    0.56100E-01
    0.14640E+02,    0.47002E+02,    0.56387E-01
    0.14537E+02,    0.47470E+02,    0.56849E-01
    0.14782E+02,    0.46425E+02,    0.55778E-01
    0.15152E+02,    0.47865E+02,    0.56255E-01
    0.14580E+02,    0.47983E+02,    0.57074E-01
    0.14005E+02,    0.47485E+02,    0.57584E-01
    0.13995E+02,    0.48032E+02,    0.57985E-01
    0.14100E+02,    0.46357E+02,    0.56477E-01
    0.14047E+02,    0.46945E+02,    0.57065E-01
    0.15548E+02,    0.45775E+02,    0.54613E-01
    0.15598E+02,    0.45075E+02,    0.54097E-01
    0.14820E+02,    0.45740E+02,    0.55167E-01
    0.14830E+02,    0.45053E+02,    0.54587E-01
    0.14115E+02,    0.45720E+02,    0.55831E-01
    0.14098E+02,    0.45065E+02,    0.55151E-01
    0.14800E+02,    0.44358E+02,    0.53978E-01
    0.14037E+02,    0.44402E+02,    0.54494E-01
    0.15588E+02,    0.44343E+02,    0.53560E-01
    0.17595E+02,    0.46775E+02,    0.53731E-01
    0.17432E+02,    0.46008E+02,    0.53553E-01
    0.17672E+02,    0.47510E+02,    0.53900E-01
    0.17275E+02,    0.44305E+02,    0.52845E-01
    0.17312E+02,    0.45168E+02,    0.53252E-01
    0.16727E+02,    0.46230E+02,    0.54019E-01
    0.16270E+02,    0.45847E+02,    0.54183E-01
    0.16163E+02,    0.46410E+02,    0.54569E-01
    0.16418E+02,    0.45150E+02,    0.53676E-01
    0.16892E+02,    0.46890E+02,    0.54213E-01
    0.16253E+02,    0.47005E+02,    0.54764E-01
    0.16405E+02,    0.44333E+02,    0.53182E-01
    0.16982E+02,    0.47553E+02,    0.54382E-01
    0.16360E+02,    0.47613E+02,    0.54937E-01
    0.18295E+02,    0.45922E+02,    0.53085E-01
    0.18428E+02,    0.47447E+02,    0.53451E-01
    0.18373E+02,    0.46700E+02,    0.53289E-01
    0.19165E+02,    0.46663E+02,    0.52909E-01
    0.19182E+02,    0.47398E+02,    0.53060E-01
    0.19142E+02,    0.45887E+02,    0.52722E-01
    0.18177E+02,    0.44267E+02,    0.52533E-01
    0.18225E+02,    0.45105E+02,    0.52835E-01
    0.19072E+02,    0.44240E+02,    0.52255E-01
    0.19108E+02,    0.45070E+02,    0.52504E-01
    0.19950E+02,    0.46675E+02,    0.52590E-01
    0.19912E+02,    0.47380E+02,    0.52744E-01
    0.19995E+02,    0.45898E+02,    0.52423E-01
    0.21205E+02,    0.47220E+02,    0.52243E-01
    0.20722E+02,    0.46770E+02,    0.52354E-01
    0.20585E+02,    0.47387E+02,    0.52492E-01
    0.22005E+02,    0.46977E+02,    0.52000E-01
    0.20895E+02,    0.45985E+02,    0.52157E-01
    0.21885E+02,    0.46008E+02,    0.51910E-01
    0.19985E+02,    0.45055E+02,    0.52223E-01
    0.20890E+02,    0.45045E+02,    0.51976E-01
    0.21855E+02,    0.45010E+02,    0.51752E-01
    0.21767E+02,    0.44020E+02,    0.51597E-01
    0.19942E+02,    0.44215E+02,    0.52015E-01
    0.20812E+02,    0.44133E+02,    0.51791E-01
    0.13912E+02,    0.40612E+02,    0.50707E-01
    0.14902E+02,    0.40608E+02,    0.50897E-01
    0.13895E+02,    0.39755E+02,    0.50084E-01
    0.14893E+02,    0.39722E+02,    0.50348E-01
    0.16992E+02,    0.39655E+02,    0.50654E-01
    0.15915E+02,    0.39688E+02,    0.50527E-01
    0.17008E+02,    0.40645E+02,    0.51069E-01
    0.15930E+02,    0.40627E+02,    0.51013E-01
    0.14872E+02,    0.41463E+02,    0.51493E-01
    0.16980E+02,    0.41642E+02,    0.51547E-01
    0.15883E+02,    0.41575E+02,    0.51579E-01
    0.16183E+02,    0.42800E+02,    0.52255E-01
    0.15655E+02,    0.42352E+02,    0.52117E-01
    0.15492E+02,    0.42960E+02,    0.52565E-01
    0.17052E+02,    0.42600E+02,    0.52044E-01
    0.14715E+02,    0.42955E+02,    0.52747E-01
    0.14783E+02,    0.42242E+02,    0.52098E-01
    0.16335E+02,    0.43550E+02,    0.52718E-01
    0.17200E+02,    0.43467E+02,    0.52458E-01
    0.14743E+02,    0.43657E+02,    0.53360E-01
    0.15543E+02,    0.43623E+02,    0.53027E-01
    0.13840E+02,    0.42975E+02,    0.52938E-01
    0.13908E+02,    0.43715E+02,    0.53795E-01
    0.13912E+02,    0.41435E+02,    0.51380E-01
    0.13883E+02,    0.42213E+02,    0.52117E-01
    0.20325E+02,    0.40725E+02,    0.51009E-01
    0.20332E+02,    0.39685E+02,    0.50747E-01
    0.21402E+02,    0.39630E+02,    0.50722E-01
    0.21433E+02,    0.40723E+02,    0.50949E-01
    0.19242E+02,    0.39665E+02,    0.50755E-01
    0.19222E+02,    0.40680E+02,    0.51057E-01
    0.18115E+02,    0.40652E+02,    0.51084E-01
    0.18117E+02,    0.39645E+02,    0.50722E-01
    0.21440E+02,    0.41862E+02,    0.51200E-01
    0.20280E+02,    0.41815E+02,    0.51304E-01
    0.19183E+02,    0.41682E+02,    0.51379E-01
    0.20635E+02,    0.43248E+02,    0.51603E-01
    0.20052E+02,    0.42723E+02,    0.51591E-01
    0.19887E+02,    0.43435E+02,    0.51816E-01
    0.21572E+02,    0.42985E+02,    0.51424E-01
    0.19053E+02,    0.43420E+02,    0.51983E-01
    0.19102E+02,    0.42595E+02,    0.51680E-01
    0.18102E+02,    0.42562E+02,    0.51828E-01
    0.18135E+02,    0.43428E+02,    0.52195E-01
    0.18100E+02,    0.41635E+02,    0.51461E-01
    0.21283E+02,    0.38530E+02,    0.50492E-01
    0.20595E+02,    0.37808E+02,    0.50361E-01
    0.20325E+02,    0.38712E+02,    0.50528E-01
    0.19268E+02,    0.38642E+02,    0.50478E-01
    0.19375E+02,    0.37570E+02,    0.50224E-01
    0.19535E+02,    0.36330E+02,    0.49994E-01
    0.20998E+02,    0.36610E+02,    0.50166E-01
    0.18105E+02,    0.38602E+02,    0.50386E-01
    0.18090E+02,    0.37477E+02,    0.50063E-01
    0.18110E+02,    0.36212E+02,    0.49789E-01
    0.19705E+02,    0.33400E+02,    0.49594E-01
    0.19648E+02,    0.34907E+02,    0.49778E-01
    0.18150E+02,    0.34812E+02,    0.49545E-01
    0.18163E+02,    0.33325E+02,    0.49357E-01
    0.21308E+02,    0.33407E+02,    0.49774E-01
    0.21205E+02,    0.35053E+02,    0.49954E-01
    0.15837E+02,    0.38735E+02,    0.50092E-01
    0.14850E+02,    0.38832E+02,    0.49861E-01
    0.16925E+02,    0.38628E+02,    0.50265E-01
    0.16753E+02,    0.37500E+02,    0.49868E-01
    0.15652E+02,    0.37767E+02,    0.49652E-01
    0.14995E+02,    0.37170E+02,    0.49295E-01
    0.14795E+02,    0.37985E+02,    0.49492E-01
    0.15260E+02,    0.36087E+02,    0.49098E-01
    0.16657E+02,    0.36192E+02,    0.49488E-01
    0.13915E+02,    0.37020E+02,    0.48804E-01
    0.13995E+02,    0.35927E+02,    0.48552E-01
    0.13868E+02,    0.38873E+02,    0.49556E-01
    0.13853E+02,    0.37970E+02,    0.49115E-01
    0.15287E+02,    0.34727E+02,    0.48843E-01
    0.13998E+02,    0.34690E+02,    0.48362E-01
    0.16680E+02,    0.34763E+02,    0.49235E-01
    0.16633E+02,    0.33265E+02,    0.49042E-01
    0.13938E+02,    0.33400E+02,    0.48218E-01
    0.15217E+02,    0.33322E+02,    0.48669E-01
    0.18230E+02,    0.28457E+02,    0.49108E-01
    0.16733E+02,    0.29640E+02,    0.48883E-01
    0.18400E+02,    0.30212E+02,    0.49205E-01
    0.18185E+02,    0.31777E+02,    0.49240E-01
    0.16492E+02,    0.31605E+02,    0.48873E-01
    0.15023E+02,    0.31835E+02,    0.48511E-01
    0.14023E+02,    0.30897E+02,    0.48219E-01
    0.13838E+02,    0.32150E+02,    0.48145E-01
    0.14513E+02,    0.28832E+02,    0.48426E-01
    0.21203E+02,    0.31657E+02,    0.49608E-01
    0.20157E+02,    0.30520E+02,    0.49443E-01
    0.19720E+02,    0.31918E+02,    0.49468E-01
    0.20668E+02,    0.28572E+02,    0.49396E-01
    0.27412E+02,    0.42515E+02,    0.50781E-01
    0.26127E+02,    0.42613E+02,    0.50877E-01
    0.27577E+02,    0.43865E+02,    0.50864E-01
    0.26250E+02,    0.43978E+02,    0.50993E-01
    0.22700E+02,    0.42880E+02,    0.51250E-01
    0.24920E+02,    0.42725E+02,    0.50989E-01
    0.23797E+02,    0.42805E+02,    0.51110E-01
    0.23870E+02,    0.43925E+02,    0.51256E-01
    0.25000E+02,    0.43990E+02,    0.51121E-01
    0.22805E+02,    0.43947E+02,    0.51409E-01
    0.26642E+02,    0.46422E+02,    0.51113E-01
    0.27745E+02,    0.46333E+02,    0.50990E-01
    0.22975E+02,    0.46862E+02,    0.51755E-01
    0.23900E+02,    0.46775E+02,    0.51558E-01
    0.25657E+02,    0.46565E+02,    0.51246E-01
    0.24780E+02,    0.46693E+02,    0.51396E-01
    0.22892E+02,    0.45927E+02,    0.51670E-01
    0.22857E+02,    0.44960E+02,    0.51553E-01
    0.26440E+02,    0.45265E+02,    0.51068E-01
    0.25455E+02,    0.45595E+02,    0.51204E-01
    0.24832E+02,    0.45038E+02,    0.51254E-01
    0.24692E+02,    0.45848E+02,    0.51347E-01
    0.23837E+02,    0.45877E+02,    0.51489E-01
    0.23855E+02,    0.44950E+02,    0.51377E-01
    0.27697E+02,    0.45135E+02,    0.50929E-01
    0.29945E+02,    0.46017E+02,    0.50776E-01
    0.29030E+02,    0.45095E+02,    0.50819E-01
    0.28848E+02,    0.46297E+02,    0.50889E-01
    0.31613E+02,    0.45625E+02,    0.50668E-01
    0.28957E+02,    0.43835E+02,    0.50751E-01
    0.29840E+02,    0.42988E+02,    0.50667E-01
    0.28667E+02,    0.42520E+02,    0.50706E-01
    0.31438E+02,    0.43330E+02,    0.50593E-01
    0.25567E+02,    0.39775E+02,    0.50612E-01
    0.25932E+02,    0.41235E+02,    0.50755E-01
    0.24432E+02,    0.40303E+02,    0.50709E-01
    0.23672E+02,    0.39655E+02,    0.50675E-01
    0.23545E+02,    0.40630E+02,    0.50820E-01
    0.24745E+02,    0.41485E+02,    0.50850E-01
    0.23678E+02,    0.41678E+02,    0.50962E-01
    0.22533E+02,    0.40675E+02,    0.50890E-01
    0.22595E+02,    0.41775E+02,    0.51075E-01
    0.22527E+02,    0.39573E+02,    0.50695E-01
    0.27123E+02,    0.39453E+02,    0.50536E-01
    0.27293E+02,    0.41070E+02,    0.50670E-01
    0.22578E+02,    0.36890E+02,    0.50273E-01
    0.22470E+02,    0.38340E+02,    0.50500E-01
    0.25120E+02,    0.38190E+02,    0.50436E-01
    0.24160E+02,    0.37170E+02,    0.50340E-01
    0.23833E+02,    0.38492E+02,    0.50501E-01
    0.26785E+02,    0.37537E+02,    0.50375E-01
    0.31405E+02,    0.37832E+02,    0.50336E-01
    0.31562E+02,    0.41273E+02,    0.50479E-01
    0.30683E+02,    0.39915E+02,    0.50459E-01
    0.30098E+02,    0.41375E+02,    0.50558E-01
    0.28722E+02,    0.41095E+02,    0.50610E-01
    0.28870E+02,    0.39443E+02,    0.50484E-01
    0.28990E+02,    0.37343E+02,    0.50345E-01
    0.37725E+02,    0.38520E+02,    0.50286E-01
    0.38820E+02,    0.44278E+02,    0.50363E-01
    0.39990E+02,    0.41045E+02,    0.50285E-01
    0.37413E+02,    0.41603E+02,    0.50355E-01
    0.35267E+02,    0.42517E+02,    0.50416E-01
    0.33615E+02,    0.41142E+02,    0.50435E-01
    0.33432E+02,    0.43195E+02,    0.50510E-01
    0.36078E+02,    0.45038E+02,    0.50453E-01
    0.33803E+02,    0.45405E+02,    0.50548E-01
    0.34237E+02,    0.38510E+02,    0.50310E-01
    0.36597E+02,    0.29185E+02,    0.50033E-01
    0.37547E+02,    0.35440E+02,    0.50165E-01
    0.39227E+02,    0.32457E+02,    0.50101E-01
    0.36310E+02,    0.32542E+02,    0.50107E-01
    0.33363E+02,    0.33108E+02,    0.50132E-01
    0.31750E+02,    0.35035E+02,    0.50182E-01
    0.34355E+02,    0.35620E+02,    0.50211E-01
    0.31992E+02,    0.29688E+02,    0.49983E-01
    0.22875E+02,    0.35265E+02,    0.50086E-01
    0.23140E+02,    0.33492E+02,    0.49928E-01
    0.26390E+02,    0.35330E+02,    0.50166E-01
    0.25183E+02,    0.33887E+02,    0.50042E-01
    0.24590E+02,    0.35623E+02,    0.50185E-01
    0.28940E+02,    0.34597E+02,    0.50175E-01
    0.28420E+02,    0.31335E+02,    0.49959E-01
    0.26445E+02,    0.29300E+02,    0.49820E-01
    0.25712E+02,    0.31788E+02,    0.49925E-01
    0.23218E+02,    0.31413E+02,    0.49767E-01
    0.23438E+02,    0.28893E+02,    0.49640E-01
    0.32585E+02,    0.87555E+02,    0.49689E-01
    0.36817E+02,    0.83398E+02,    0.49772E-01
    0.31608E+02,    0.82525E+02,    0.49720E-01
    0.20508E+02,    0.83955E+02,    0.49356E-01
    0.23960E+02,    0.83547E+02,    0.49494E-01
    0.27530E+02,    0.83305E+02,    0.49612E-01
    0.27200E+02,    0.87350E+02,    0.49582E-01
    0.20360E+02,    0.87730E+02,    0.49392E-01
    0.23590E+02,    0.89575E+02,    0.49499E-01
    0.23818E+02,    0.86692E+02,    0.49495E-01
    0.96800E+01,    0.87047E+02,    0.49000E-01
    0.96200E+01,    0.85248E+02,    0.48906E-01
    0.80575E+01,    0.86382E+02,    0.48925E-01
    0.77625E+01,    0.90093E+02,    0.49098E-01
    0.61750E+01,    0.87917E+02,    0.48945E-01
    0.12750E+02,    0.90547E+02,    0.49194E-01
    0.16730E+02,    0.87850E+02,    0.49276E-01
    0.12830E+02,    0.87060E+02,    0.49096E-01
    0.35550E+01,    0.90773E+02,    0.49052E-01
    0.45325E+01,    0.93453E+02,    0.49114E-01
    0.54075E+01,    0.91983E+02,    0.49104E-01
    0.34275E+01,    0.92272E+02,    0.49088E-01
    0.37050E+01,    0.88782E+02,    0.48952E-01
    0.10582E+02,    0.83450E+02,    0.48848E-01
    0.25530E+02,    0.67775E+02,    0.49947E-01
    0.26998E+02,    0.66245E+02,    0.50068E-01
    0.26520E+02,    0.70415E+02,    0.49837E-01
    0.25005E+02,    0.65790E+02,    0.50058E-01
    0.17040E+02,    0.84023E+02,    0.49203E-01
    0.13490E+02,    0.83688E+02,    0.48998E-01
    0.30050E+01,    0.82782E+02,    0.48478E-01
    0.64925E+01,    0.82458E+02,    0.48565E-01
    0.48725E+01,    0.82605E+02,    0.48513E-01
    0.33550E+01,    0.86588E+02,    0.48818E-01
    0.31175E+01,    0.84647E+02,    0.48666E-01
    0.66450E+01,    0.83727E+02,    0.48690E-01
    0.72425E+01,    0.85030E+02,    0.48800E-01
    0.54600E+01,    0.85970E+02,    0.48815E-01
    0.50350E+01,    0.84260E+02,    0.48677E-01
    0.48950E+01,    0.80845E+02,    0.48307E-01
    0.29875E+01,    0.80900E+02,    0.48241E-01
    0.30075E+01,    0.78970E+02,    0.47930E-01
    0.49575E+01,    0.78965E+02,    0.48032E-01
    0.31075E+01,    0.72985E+02,    0.46159E-01
    0.30725E+01,    0.75005E+02,    0.46947E-01
    0.30375E+01,    0.77000E+02,    0.47513E-01
    0.50975E+01,    0.75028E+02,    0.47175E-01
    0.51750E+01,    0.73005E+02,    0.46510E-01
    0.50275E+01,    0.77015E+02,    0.47667E-01
    0.70850E+01,    0.75090E+02,    0.47477E-01
    0.72325E+01,    0.73078E+02,    0.46964E-01
    0.69625E+01,    0.77067E+02,    0.47864E-01
    0.90050E+01,    0.75213E+02,    0.47797E-01
    0.92825E+01,    0.73255E+02,    0.47482E-01
    0.88325E+01,    0.77165E+02,    0.48086E-01
    0.66950E+01,    0.80865E+02,    0.48405E-01
    0.68400E+01,    0.79010E+02,    0.48174E-01
    0.86525E+01,    0.79123E+02,    0.48330E-01
    0.84650E+01,    0.81097E+02,    0.48552E-01
    0.20575E+02,    0.74275E+02,    0.49327E-01
    0.17600E+02,    0.74475E+02,    0.49017E-01
    0.20665E+02,    0.77320E+02,    0.49318E-01
    0.17613E+02,    0.77452E+02,    0.49079E-01
    0.20635E+02,    0.80523E+02,    0.49334E-01
    0.17392E+02,    0.80597E+02,    0.49136E-01
    0.12463E+02,    0.77373E+02,    0.48552E-01
    0.10628E+02,    0.77273E+02,    0.48301E-01
    0.10457E+02,    0.81105E+02,    0.48669E-01
    0.11950E+02,    0.79738E+02,    0.48682E-01
    0.10375E+02,    0.79205E+02,    0.48488E-01
    0.12438E+02,    0.75067E+02,    0.48336E-01
    0.11303E+02,    0.73662E+02,    0.47959E-01
    0.10765E+02,    0.75377E+02,    0.48086E-01
    0.14768E+02,    0.77450E+02,    0.48808E-01
    0.14712E+02,    0.74610E+02,    0.48645E-01
    0.14240E+02,    0.80405E+02,    0.48908E-01
    0.26958E+02,    0.76660E+02,    0.49663E-01
    0.26885E+02,    0.73600E+02,    0.49738E-01
    0.27300E+02,    0.79757E+02,    0.49635E-01
    0.23812E+02,    0.77047E+02,    0.49517E-01
    0.23663E+02,    0.73978E+02,    0.49561E-01
    0.23938E+02,    0.80222E+02,    0.49497E-01
    0.30348E+02,    0.73308E+02,    0.49829E-01
    0.30722E+02,    0.78808E+02,    0.49755E-01
    0.32302E+02,    0.75683E+02,    0.49852E-01
    0.29785E+02,    0.76195E+02,    0.49760E-01
    0.37318E+02,    0.75817E+02,    0.49901E-01
    0.17047E+02,    0.63425E+02,    0.49687E-01
    0.17150E+02,    0.65065E+02,    0.49374E-01
    0.17262E+02,    0.66785E+02,    0.49161E-01
    0.17495E+02,    0.71610E+02,    0.48999E-01
    0.17385E+02,    0.68948E+02,    0.49037E-01
    0.15283E+02,    0.63508E+02,    0.49183E-01
    0.13473E+02,    0.63747E+02,    0.48369E-01
    0.13890E+02,    0.65632E+02,    0.48261E-01
    0.15185E+02,    0.66705E+02,    0.48652E-01
    0.15445E+02,    0.65135E+02,    0.48949E-01
    0.14782E+02,    0.68873E+02,    0.48436E-01
    0.14643E+02,    0.71710E+02,    0.48466E-01
    0.19352E+02,    0.66455E+02,    0.49574E-01
    0.20585E+02,    0.65180E+02,    0.49852E-01
    0.18872E+02,    0.64940E+02,    0.49699E-01
    0.18787E+02,    0.63375E+02,    0.49959E-01
    0.20590E+02,    0.63320E+02,    0.50153E-01
    0.22168E+02,    0.62883E+02,    0.50276E-01
    0.23285E+02,    0.63775E+02,    0.50232E-01
    0.23515E+02,    0.62407E+02,    0.50391E-01
    0.22732E+02,    0.65657E+02,    0.49988E-01
    0.20360E+02,    0.71350E+02,    0.49366E-01
    0.23347E+02,    0.70978E+02,    0.49636E-01
    0.20023E+02,    0.68560E+02,    0.49472E-01
    0.22820E+02,    0.68162E+02,    0.49754E-01
    0.32100E+01,    0.66802E+02,    0.40996E-01
    0.53075E+01,    0.66775E+02,    0.42449E-01
    0.73975E+01,    0.66697E+02,    0.44170E-01
    0.11912E+02,    0.66245E+02,    0.47277E-01
    0.95650E+01,    0.66510E+02,    0.45826E-01
    0.11428E+02,    0.63990E+02,    0.46957E-01
    0.32925E+01,    0.64640E+02,    0.37054E-01
    0.53450E+01,    0.64763E+02,    0.40105E-01
    0.92850E+01,    0.64333E+02,    0.45084E-01
    0.72975E+01,    0.64698E+02,    0.42745E-01
    0.52425E+01,    0.70942E+02,    0.45582E-01
    0.31400E+01,    0.70945E+02,    0.45047E-01
    0.73675E+01,    0.70985E+02,    0.46289E-01
    0.74300E+01,    0.68827E+02,    0.45362E-01
    0.31725E+01,    0.68887E+02,    0.43431E-01
    0.52850E+01,    0.68855E+02,    0.44282E-01
    0.11950E+02,    0.71470E+02,    0.47835E-01
    0.95700E+01,    0.71115E+02,    0.47057E-01
    0.96775E+01,    0.68792E+02,    0.46502E-01
    0.12152E+02,    0.68748E+02,    0.47585E-01
    0.58300E+01,    0.58870E+02,    0.39494E-01
    0.62250E+01,    0.58945E+02,    0.40422E-01
    0.61550E+01,    0.58587E+02,    0.41721E-01
    0.54300E+01,    0.59225E+02,    0.36159E-01
    0.65650E+01,    0.58352E+02,    0.43906E-01
    0.67425E+01,    0.58760E+02,    0.42792E-01
    0.10335E+02,    0.54285E+02,    0.62103E-01
    0.98825E+01,    0.54135E+02,    0.64038E-01
    0.10043E+02,    0.53667E+02,    0.65335E-01
    0.10457E+02,    0.53808E+02,    0.63361E-01
    0.10205E+02,    0.53237E+02,    0.66288E-01
    0.10588E+02,    0.53393E+02,    0.64309E-01
    0.11268E+02,    0.53812E+02,    0.61246E-01
    0.10990E+02,    0.53500E+02,    0.62575E-01
    0.10865E+02,    0.53898E+02,    0.61965E-01
    0.11363E+02,    0.54400E+02,    0.59487E-01
    0.10822E+02,    0.54400E+02,    0.60635E-01
    0.99675E+01,    0.55320E+02,    0.59178E-01
    0.95125E+01,    0.55103E+02,    0.61069E-01
    0.97050E+01,    0.54620E+02,    0.62629E-01
    0.10183E+02,    0.54812E+02,    0.60597E-01
    0.11390E+02,    0.55102E+02,    0.57707E-01
    0.10732E+02,    0.55032E+02,    0.58800E-01
    0.10460E+02,    0.55655E+02,    0.57169E-01
    0.91025E+01,    0.56442E+02,    0.55589E-01
    0.99900E+01,    0.56090E+02,    0.56310E-01
    0.93475E+01,    0.55578E+02,    0.58807E-01
    0.95050E+01,    0.56030E+02,    0.57130E-01
    0.97275E+01,    0.55715E+02,    0.58169E-01
    0.85750E+01,    0.56843E+02,    0.53774E-01
    0.81400E+01,    0.57133E+02,    0.52394E-01
    0.86750E+01,    0.58050E+02,    0.49293E-01
    0.88625E+01,    0.57503E+02,    0.51299E-01
    0.83875E+01,    0.57610E+02,    0.50570E-01
    0.95600E+01,    0.57258E+02,    0.52526E-01
    0.10377E+02,    0.56770E+02,    0.53955E-01
    0.10968E+02,    0.56210E+02,    0.55367E-01
    0.11582E+02,    0.56550E+02,    0.54347E-01
    0.11512E+02,    0.55835E+02,    0.55822E-01
    0.77575E+01,    0.57425E+02,    0.50672E-01
    0.73975E+01,    0.57740E+02,    0.48482E-01
    0.76900E+01,    0.58130E+02,    0.47377E-01
    0.81100E+01,    0.58280E+02,    0.47725E-01
    0.80025E+01,    0.57830E+02,    0.49351E-01
    0.10400E+02,    0.52852E+02,    0.66641E-01
    0.11058E+02,    0.53050E+02,    0.63760E-01
    0.10762E+02,    0.52727E+02,    0.65160E-01
    0.10695E+02,    0.53040E+02,    0.64746E-01
    0.72850E+01,    0.58487E+02,    0.45157E-01
    0.70025E+01,    0.58065E+02,    0.46174E-01
    0.10825E+02,    0.52233E+02,    0.66276E-01
    0.10870E+02,    0.51588E+02,    0.67236E-01
    0.10928E+02,    0.57668E+02,    0.52058E-01
    0.11650E+02,    0.58148E+02,    0.51473E-01
    0.11638E+02,    0.57328E+02,    0.52822E-01
    0.10078E+02,    0.58308E+02,    0.50107E-01
    0.90175E+01,    0.58823E+02,    0.47761E-01
    0.70050E+01,    0.59865E+02,    0.41228E-01
    0.68825E+01,    0.59260E+02,    0.41944E-01
    0.78075E+01,    0.59575E+02,    0.43808E-01
    0.81550E+01,    0.58957E+02,    0.45793E-01
    0.75075E+01,    0.59015E+02,    0.44332E-01
    0.56950E+01,    0.59693E+02,    0.36798E-01
    0.61950E+01,    0.59962E+02,    0.38384E-01
    0.62575E+01,    0.59410E+02,    0.39548E-01
    0.39025E+01,    0.60063E+02,    0.26509E-01
    0.29525E+01,    0.60323E+02,    0.23225E-01
    0.35125E+01,    0.60450E+02,    0.25137E-01
    0.33900E+01,    0.60090E+02,    0.24108E-01
    0.44000E+01,    0.59873E+02,    0.30191E-01
    0.49650E+01,    0.60038E+02,    0.32179E-01
    0.48950E+01,    0.59523E+02,    0.32959E-01
    0.10888E+02,    0.51005E+02,    0.67880E-01
    0.10878E+02,    0.50455E+02,    0.68375E-01
    0.10850E+02,    0.49922E+02,    0.68643E-01
    0.10810E+02,    0.49403E+02,    0.68615E-01
    0.24850E+01,    0.60450E+02,    0.18675E-01
    0.15975E+01,    0.60700E+02,    0.16419E-01
    0.21100E+01,    0.60835E+02,    0.17783E-01
    0.19900E+01,    0.60470E+02,    0.16073E-01
    0.24850E+01,    0.61850E+02,    0.26715E-01
    0.37125E+01,    0.62753E+02,    0.32748E-01
    0.38225E+01,    0.61303E+02,    0.29321E-01
    0.50825E+01,    0.60933E+02,    0.34138E-01
    0.58650E+01,    0.61635E+02,    0.36957E-01
    0.61000E+01,    0.60707E+02,    0.37698E-01
    0.71075E+01,    0.60670E+02,    0.40715E-01
    0.71250E+01,    0.61712E+02,    0.40673E-01
    0.71675E+01,    0.63013E+02,    0.41556E-01
    0.54900E+01,    0.62948E+02,    0.37760E-01
    0.87500E+01,    0.62695E+02,    0.44202E-01
    0.96225E+01,    0.61610E+02,    0.45674E-01
    0.83500E+01,    0.61547E+02,    0.43486E-01
    0.81800E+01,    0.60402E+02,    0.43702E-01
    0.94500E+01,    0.60085E+02,    0.46463E-01
    0.10657E+02,    0.59518E+02,    0.48778E-01
    0.11662E+02,    0.60227E+02,    0.48960E-01
    0.11718E+02,    0.59073E+02,    0.50217E-01
    0.11340E+02,    0.61877E+02,    0.47509E-01
    0.10753E+02,    0.48888E+02,    0.68412E-01
    0.12040E+02,    0.49762E+02,    0.63590E-01
    0.12120E+02,    0.50328E+02,    0.63311E-01
    0.11490E+02,    0.50405E+02,    0.65602E-01
    0.11438E+02,    0.49855E+02,    0.65871E-01
    0.11947E+02,    0.49228E+02,    0.63714E-01
    0.11863E+02,    0.48713E+02,    0.63642E-01
    0.11375E+02,    0.49325E+02,    0.65945E-01
    0.11305E+02,    0.48805E+02,    0.65823E-01
    0.13300E+02,    0.49443E+02,    0.59984E-01
    0.14000E+02,    0.49278E+02,    0.58565E-01
    0.12657E+02,    0.49635E+02,    0.61678E-01
    0.13075E+02,    0.48932E+02,    0.60361E-01
    0.13380E+02,    0.48568E+02,    0.59454E-01
    0.12910E+02,    0.48525E+02,    0.60544E-01
    0.13962E+02,    0.48627E+02,    0.58376E-01
    0.12520E+02,    0.49105E+02,    0.61841E-01
    0.12408E+02,    0.48615E+02,    0.61886E-01
    0.13432E+02,    0.50080E+02,    0.59760E-01
    0.14123E+02,    0.49942E+02,    0.58400E-01
    0.12768E+02,    0.50218E+02,    0.61385E-01
    0.13537E+02,    0.50718E+02,    0.59432E-01
    0.13627E+02,    0.51375E+02,    0.58987E-01
    0.14232E+02,    0.50603E+02,    0.58145E-01
    0.14330E+02,    0.51280E+02,    0.57782E-01
    0.14413E+02,    0.51980E+02,    0.57328E-01
    0.13705E+02,    0.52052E+02,    0.58419E-01
    0.11530E+02,    0.50977E+02,    0.65145E-01
    0.11553E+02,    0.51587E+02,    0.64471E-01
    0.12188E+02,    0.50917E+02,    0.62854E-01
    0.12245E+02,    0.51537E+02,    0.62221E-01
    0.12858E+02,    0.50828E+02,    0.60982E-01
    0.12935E+02,    0.51462E+02,    0.60429E-01
    0.12297E+02,    0.52192E+02,    0.61355E-01
    0.11560E+02,    0.52257E+02,    0.63539E-01
    0.13005E+02,    0.52120E+02,    0.59737E-01
    0.12963E+02,    0.55575E+02,    0.55229E-01
    0.13125E+02,    0.56392E+02,    0.53957E-01
    0.13270E+02,    0.57273E+02,    0.52755E-01
    0.12342E+02,    0.56500E+02,    0.54058E-01
    0.12225E+02,    0.55728E+02,    0.55572E-01
    0.12445E+02,    0.57312E+02,    0.52803E-01
    0.11810E+02,    0.53640E+02,    0.60186E-01
    0.11637E+02,    0.52960E+02,    0.62019E-01
    0.12375E+02,    0.52867E+02,    0.60285E-01
    0.12487E+02,    0.53535E+02,    0.59081E-01
    0.12090E+02,    0.54995E+02,    0.56969E-01
    0.11967E+02,    0.54303E+02,    0.58554E-01
    0.12613E+02,    0.54190E+02,    0.57769E-01
    0.12775E+02,    0.54848E+02,    0.56478E-01
    0.14545E+02,    0.55120E+02,    0.54623E-01
    0.14765E+02,    0.55977E+02,    0.53662E-01
    0.14990E+02,    0.56860E+02,    0.52828E-01
    0.14508E+02,    0.53460E+02,    0.56187E-01
    0.14475E+02,    0.52705E+02,    0.56790E-01
    0.14485E+02,    0.54263E+02,    0.55533E-01
    0.14115E+02,    0.57120E+02,    0.52802E-01
    0.13433E+02,    0.54633E+02,    0.56145E-01
    0.13783E+02,    0.54155E+02,    0.56256E-01
    0.13215E+02,    0.54080E+02,    0.57119E-01
    0.13728E+02,    0.55332E+02,    0.55006E-01
    0.13932E+02,    0.56210E+02,    0.53805E-01
    0.13148E+02,    0.53462E+02,    0.57990E-01
    0.13803E+02,    0.53453E+02,    0.57036E-01
    0.13075E+02,    0.52795E+02,    0.58914E-01
    0.13765E+02,    0.52748E+02,    0.57763E-01
    0.12885E+02,    0.58905E+02,    0.50911E-01
    0.13410E+02,    0.58233E+02,    0.51654E-01
    0.12535E+02,    0.58120E+02,    0.51640E-01
    0.14277E+02,    0.58108E+02,    0.51697E-01
    0.15002E+02,    0.58670E+02,    0.51539E-01
    0.15145E+02,    0.57762E+02,    0.52130E-01
    0.15190E+02,    0.61730E+02,    0.49718E-01
    0.14985E+02,    0.59977E+02,    0.50526E-01
    0.13308E+02,    0.61873E+02,    0.48883E-01
    0.13245E+02,    0.60123E+02,    0.49896E-01
    0.15212E+02,    0.52648E+02,    0.55934E-01
    0.15967E+02,    0.52575E+02,    0.55203E-01
    0.16748E+02,    0.52483E+02,    0.54573E-01
    0.16637E+02,    0.51685E+02,    0.54900E-01
    0.15138E+02,    0.51897E+02,    0.56390E-01
    0.15878E+02,    0.51800E+02,    0.55588E-01
    0.15775E+02,    0.51057E+02,    0.55900E-01
    0.15047E+02,    0.51175E+02,    0.56762E-01
    0.16517E+02,    0.50922E+02,    0.55155E-01
    0.18210E+02,    0.51405E+02,    0.53787E-01
    0.18068E+02,    0.50612E+02,    0.53957E-01
    0.17417E+02,    0.51552E+02,    0.54300E-01
    0.17282E+02,    0.50770E+02,    0.54513E-01
    0.18347E+02,    0.52217E+02,    0.53567E-01
    0.17545E+02,    0.52363E+02,    0.54032E-01
    0.16043E+02,    0.48870E+02,    0.55572E-01
    0.15877E+02,    0.48303E+02,    0.55620E-01
    0.16667E+02,    0.48645E+02,    0.54945E-01
    0.16990E+02,    0.48198E+02,    0.54562E-01
    0.16448E+02,    0.48167E+02,    0.55035E-01
    0.17678E+02,    0.48258E+02,    0.54077E-01
    0.17745E+02,    0.49045E+02,    0.54159E-01
    0.16950E+02,    0.49250E+02,    0.54777E-01
    0.16227E+02,    0.49495E+02,    0.55493E-01
    0.17133E+02,    0.50010E+02,    0.54667E-01
    0.17913E+02,    0.49835E+02,    0.54080E-01
    0.16383E+02,    0.50193E+02,    0.55352E-01
    0.15657E+02,    0.50350E+02,    0.56131E-01
    0.15527E+02,    0.49675E+02,    0.56284E-01
    0.14943E+02,    0.50483E+02,    0.57051E-01
    0.14828E+02,    0.49817E+02,    0.57248E-01
    0.14715E+02,    0.49172E+02,    0.57311E-01
    0.14633E+02,    0.48558E+02,    0.57264E-01
    0.15265E+02,    0.48443E+02,    0.56350E-01
    0.15390E+02,    0.49040E+02,    0.56366E-01
    0.18560E+02,    0.48927E+02,    0.53608E-01
    0.18475E+02,    0.48185E+02,    0.53567E-01
    0.18865E+02,    0.50450E+02,    0.53479E-01
    0.18703E+02,    0.49677E+02,    0.53575E-01
    0.19225E+02,    0.48115E+02,    0.53161E-01
    0.19310E+02,    0.48812E+02,    0.53195E-01
    0.19670E+02,    0.50258E+02,    0.53069E-01
    0.19473E+02,    0.49505E+02,    0.53149E-01
    0.20200E+02,    0.49275E+02,    0.52814E-01
    0.20587E+02,    0.48775E+02,    0.52619E-01
    0.19975E+02,    0.48705E+02,    0.52885E-01
    0.20505E+02,    0.50000E+02,    0.52698E-01
    0.19933E+02,    0.48065E+02,    0.52837E-01
    0.20615E+02,    0.48055E+02,    0.52551E-01
    0.22392E+02,    0.49692E+02,    0.52059E-01
    0.21428E+02,    0.49800E+02,    0.52364E-01
    0.21360E+02,    0.48862E+02,    0.52353E-01
    0.22287E+02,    0.48775E+02,    0.52063E-01
    0.21343E+02,    0.48002E+02,    0.52287E-01
    0.22182E+02,    0.47883E+02,    0.52038E-01
    0.22510E+02,    0.50633E+02,    0.52023E-01
    0.21582E+02,    0.50745E+02,    0.52297E-01
    0.22598E+02,    0.51580E+02,    0.51961E-01
    0.21697E+02,    0.51653E+02,    0.52214E-01
    0.19837E+02,    0.51080E+02,    0.52951E-01
    0.19017E+02,    0.51250E+02,    0.53339E-01
    0.20688E+02,    0.50897E+02,    0.52604E-01
    0.19985E+02,    0.51915E+02,    0.52806E-01
    0.19160E+02,    0.52065E+02,    0.53161E-01
    0.20828E+02,    0.51770E+02,    0.52493E-01
    0.15288E+02,    0.54230E+02,    0.54796E-01
    0.16072E+02,    0.54230E+02,    0.54230E-01
    0.15595E+02,    0.55695E+02,    0.53564E-01
    0.16042E+02,    0.55095E+02,    0.53672E-01
    0.15327E+02,    0.55005E+02,    0.54225E-01
    0.15942E+02,    0.56550E+02,    0.52822E-01
    0.15262E+02,    0.53428E+02,    0.55408E-01
    0.16037E+02,    0.53385E+02,    0.54741E-01
    0.16920E+02,    0.54210E+02,    0.53750E-01
    0.16843E+02,    0.53320E+02,    0.54189E-01
    0.17038E+02,    0.56295E+02,    0.52621E-01
    0.16947E+02,    0.55195E+02,    0.53250E-01
    0.18230E+02,    0.56135E+02,    0.52339E-01
    0.18045E+02,    0.55047E+02,    0.52841E-01
    0.17673E+02,    0.53205E+02,    0.53710E-01
    0.17822E+02,    0.54090E+02,    0.53321E-01
    0.18913E+02,    0.54712E+02,    0.52584E-01
    0.19515E+02,    0.55157E+02,    0.52324E-01
    0.19595E+02,    0.54440E+02,    0.52469E-01
    0.18668E+02,    0.53888E+02,    0.52978E-01
    0.19453E+02,    0.53695E+02,    0.52691E-01
    0.19390E+02,    0.56078E+02,    0.52077E-01
    0.18492E+02,    0.53050E+02,    0.53293E-01
    0.19303E+02,    0.52887E+02,    0.52943E-01
    0.20253E+02,    0.53553E+02,    0.52450E-01
    0.20120E+02,    0.52742E+02,    0.52636E-01
    0.20380E+02,    0.54343E+02,    0.52250E-01
    0.20475E+02,    0.56087E+02,    0.51814E-01
    0.20443E+02,    0.55162E+02,    0.52048E-01
    0.22390E+02,    0.54808E+02,    0.51677E-01
    0.21775E+02,    0.52523E+02,    0.52118E-01
    0.22625E+02,    0.52515E+02,    0.51888E-01
    0.22075E+02,    0.53977E+02,    0.51871E-01
    0.22552E+02,    0.53407E+02,    0.51811E-01
    0.21830E+02,    0.53302E+02,    0.52022E-01
    0.21065E+02,    0.53420E+02,    0.52216E-01
    0.20945E+02,    0.52615E+02,    0.52366E-01
    0.21400E+02,    0.55050E+02,    0.51841E-01
    0.21233E+02,    0.54200E+02,    0.52036E-01
    0.22605E+02,    0.55832E+02,    0.51469E-01
    0.21525E+02,    0.56008E+02,    0.51629E-01
    0.22770E+02,    0.56948E+02,    0.51282E-01
    0.21605E+02,    0.57045E+02,    0.51402E-01
    0.19455E+02,    0.57152E+02,    0.51720E-01
    0.20537E+02,    0.57083E+02,    0.51559E-01
    0.19778E+02,    0.59192E+02,    0.51058E-01
    0.19570E+02,    0.58175E+02,    0.51387E-01
    0.20950E+02,    0.58870E+02,    0.51083E-01
    0.21570E+02,    0.58125E+02,    0.51169E-01
    0.20605E+02,    0.58027E+02,    0.51314E-01
    0.22787E+02,    0.58220E+02,    0.51063E-01
    0.21783E+02,    0.61403E+02,    0.50520E-01
    0.21438E+02,    0.59973E+02,    0.50808E-01
    0.20262E+02,    0.61722E+02,    0.50435E-01
    0.20023E+02,    0.60345E+02,    0.50749E-01
    0.22930E+02,    0.59610E+02,    0.50805E-01
    0.23253E+02,    0.61040E+02,    0.50570E-01
    0.18330E+02,    0.57258E+02,    0.51866E-01
    0.17200E+02,    0.57405E+02,    0.51982E-01
    0.16120E+02,    0.57590E+02,    0.52077E-01
    0.16205E+02,    0.58618E+02,    0.51371E-01
    0.18442E+02,    0.58318E+02,    0.51442E-01
    0.17315E+02,    0.58453E+02,    0.51443E-01
    0.16393E+02,    0.59735E+02,    0.50774E-01
    0.17240E+02,    0.60422E+02,    0.50684E-01
    0.17425E+02,    0.59445E+02,    0.51044E-01
    0.18562E+02,    0.59365E+02,    0.51062E-01
    0.18617E+02,    0.60492E+02,    0.50668E-01
    0.18660E+02,    0.61835E+02,    0.50317E-01
    0.16998E+02,    0.61760E+02,    0.50140E-01
    0.24597E+02,    0.52550E+02,    0.51472E-01
    0.23562E+02,    0.52545E+02,    0.51673E-01
    0.25705E+02,    0.52528E+02,    0.51291E-01
    0.23705E+02,    0.55555E+02,    0.51353E-01
    0.24357E+02,    0.54828E+02,    0.51320E-01
    0.23395E+02,    0.54620E+02,    0.51517E-01
    0.23453E+02,    0.53590E+02,    0.51614E-01
    0.24528E+02,    0.53685E+02,    0.51399E-01
    0.25677E+02,    0.53770E+02,    0.51227E-01
    0.25525E+02,    0.55100E+02,    0.51147E-01
    0.28325E+02,    0.55067E+02,    0.50858E-01
    0.26918E+02,    0.55140E+02,    0.50984E-01
    0.28175E+02,    0.53672E+02,    0.50946E-01
    0.26920E+02,    0.53763E+02,    0.51070E-01
    0.26875E+02,    0.52465E+02,    0.51137E-01
    0.28058E+02,    0.52373E+02,    0.51003E-01
    0.25177E+02,    0.49160E+02,    0.51435E-01
    0.25683E+02,    0.48523E+02,    0.51332E-01
    0.24917E+02,    0.48413E+02,    0.51465E-01
    0.26652E+02,    0.48690E+02,    0.51199E-01
    0.24273E+02,    0.49407E+02,    0.51603E-01
    0.24100E+02,    0.48535E+02,    0.51620E-01
    0.27798E+02,    0.48672E+02,    0.51056E-01
    0.24860E+02,    0.47578E+02,    0.51437E-01
    0.23992E+02,    0.47663E+02,    0.51602E-01
    0.25733E+02,    0.47548E+02,    0.51289E-01
    0.27788E+02,    0.47498E+02,    0.51030E-01
    0.26710E+02,    0.47535E+02,    0.51154E-01
    0.23337E+02,    0.49568E+02,    0.51812E-01
    0.23093E+02,    0.47767E+02,    0.51801E-01
    0.23207E+02,    0.48660E+02,    0.51821E-01
    0.23468E+02,    0.50523E+02,    0.51782E-01
    0.24460E+02,    0.50373E+02,    0.51574E-01
    0.25507E+02,    0.50120E+02,    0.51382E-01
    0.24570E+02,    0.51442E+02,    0.51527E-01
    0.23552E+02,    0.51523E+02,    0.51735E-01
    0.25648E+02,    0.51322E+02,    0.51344E-01
    0.26788E+02,    0.51208E+02,    0.51183E-01
    0.27940E+02,    0.51122E+02,    0.51044E-01
    0.26663E+02,    0.49938E+02,    0.51214E-01
    0.27843E+02,    0.49887E+02,    0.51062E-01
    0.28877E+02,    0.48638E+02,    0.50942E-01
    0.28878E+02,    0.47473E+02,    0.50916E-01
    0.29040E+02,    0.51040E+02,    0.50929E-01
    0.29205E+02,    0.52250E+02,    0.50891E-01
    0.28942E+02,    0.49833E+02,    0.50946E-01
    0.29977E+02,    0.49793E+02,    0.50852E-01
    0.31040E+02,    0.49790E+02,    0.50761E-01
    0.30325E+02,    0.52108E+02,    0.50799E-01
    0.30988E+02,    0.51295E+02,    0.50757E-01
    0.30037E+02,    0.50985E+02,    0.50841E-01
    0.30765E+02,    0.48270E+02,    0.50772E-01
    0.29980E+02,    0.47490E+02,    0.50820E-01
    0.29865E+02,    0.48602E+02,    0.50854E-01
    0.32430E+02,    0.49845E+02,    0.50670E-01
    0.32370E+02,    0.51738E+02,    0.50667E-01
    0.32142E+02,    0.47870E+02,    0.50678E-01
    0.29780E+02,    0.54760E+02,    0.50771E-01
    0.30555E+02,    0.53595E+02,    0.50740E-01
    0.29367E+02,    0.53503E+02,    0.50848E-01
    0.32308E+02,    0.53878E+02,    0.50633E-01
    0.34578E+02,    0.53797E+02,    0.50528E-01
    0.34098E+02,    0.51928E+02,    0.50572E-01
    0.34138E+02,    0.47818E+02,    0.50573E-01
    0.34175E+02,    0.50035E+02,    0.50580E-01
    0.35688E+02,    0.52590E+02,    0.50482E-01
    0.37983E+02,    0.52448E+02,    0.50434E-01
    0.36060E+02,    0.50603E+02,    0.50496E-01
    0.36470E+02,    0.48008E+02,    0.50482E-01
    0.39655E+02,    0.48625E+02,    0.50391E-01
    0.25445E+02,    0.56530E+02,    0.51023E-01
    0.24062E+02,    0.56685E+02,    0.51156E-01
    0.26865E+02,    0.56628E+02,    0.50879E-01
    0.30182E+02,    0.56560E+02,    0.50664E-01
    0.28390E+02,    0.56715E+02,    0.50766E-01
    0.25833E+02,    0.59040E+02,    0.50736E-01
    0.26663E+02,    0.58130E+02,    0.50761E-01
    0.25487E+02,    0.57877E+02,    0.50876E-01
    0.28140E+02,    0.58620E+02,    0.50650E-01
    0.24440E+02,    0.59358E+02,    0.50769E-01
    0.24203E+02,    0.58037E+02,    0.50956E-01
    0.30082E+02,    0.58895E+02,    0.50547E-01
    0.29617E+02,    0.63815E+02,    0.50244E-01
    0.25142E+02,    0.63895E+02,    0.50223E-01
    0.27182E+02,    0.63803E+02,    0.50252E-01
    0.26738E+02,    0.61875E+02,    0.50425E-01
    0.27760E+02,    0.60623E+02,    0.50499E-01
    0.26243E+02,    0.60375E+02,    0.50582E-01
    0.29732E+02,    0.61240E+02,    0.50419E-01
    0.25050E+02,    0.62230E+02,    0.50407E-01
    0.24758E+02,    0.60748E+02,    0.50590E-01
    0.33770E+02,    0.62368E+02,    0.50267E-01
    0.36580E+02,    0.61980E+02,    0.50291E-01
    0.34418E+02,    0.59852E+02,    0.50383E-01
    0.35025E+02,    0.56712E+02,    0.50456E-01
    0.38743E+02,    0.57360E+02,    0.50341E-01
    0.32328E+02,    0.63793E+02,    0.50238E-01
    0.31922E+02,    0.61508E+02,    0.50346E-01
    0.32373E+02,    0.56513E+02,    0.50560E-01
    0.32215E+02,    0.59182E+02,    0.50459E-01
    0.37465E+02,    0.67740E+02,    0.50104E-01
    0.30098E+02,    0.70075E+02,    0.49971E-01
    0.32435E+02,    0.67540E+02,    0.50071E-01
    0.29452E+02,    0.66772E+02,    0.50087E-01
    0.87525E+01,    0.83942E+02,    0.48780E-01
    0.78625E+01,    0.82767E+02,    0.48653E-01
    0.25000E+00,    0.60000E+02,    0.71435E+02
    0.75000E+00,    0.59975E+02,    0.71767E+02
    0.12450E+01,    0.59925E+02,    0.71842E+02
    0.17350E+01,    0.59850E+02,    0.71993E+02
    0.22250E+01,    0.59750E+02,    0.71851E+02
    0.27100E+01,    0.59630E+02,    0.71735E+02
    0.31850E+01,    0.59485E+02,    0.72053E+02
    0.36525E+01,    0.59310E+02,    0.60717E+02
    0.41125E+01,    0.59115E+02,    0.59382E+02
    0.45625E+01,    0.58900E+02,    0.58211E+02
    0.50000E+01,    0.58660E+02,    0.45656E+02
    0.54250E+01,    0.58400E+02,    0.43820E+02
    0.58375E+01,    0.58120E+02,    0.54157E+02
    0.62350E+01,    0.57820E+02,    0.71934E+02
    0.66175E+01,    0.57500E+02,    0.51696E+02
    0.69850E+01,    0.57160E+02,    0.36485E+02
    0.73350E+01,    0.56803E+02,    0.47136E+02
    0.76650E+01,    0.56428E+02,    0.43900E+02
    0.79750E+01,    0.56038E+02,    0.40455E+02
    0.82650E+01,    0.55635E+02,    0.49083E+02
    0.85350E+01,    0.55218E+02,    0.34434E+02
    0.87850E+01,    0.54785E+02,    0.25379E+02
    0.90125E+01,    0.54340E+02,    0.38404E+02
    0.92175E+01,    0.53885E+02,    0.36787E+02
    0.94000E+01,    0.53420E+02,    0.19227E+02
    0.95600E+01,    0.52948E+02,    0.19263E+02
    0.96950E+01,    0.52470E+02,    0.18313E+02
    0.98050E+01,    0.51985E+02,    0.14557E+02
    0.98900E+01,    0.51490E+02,    0.10804E+02
    0.99500E+01,    0.50995E+02,    0.71957E+01
    0.99900E+01,    0.50500E+02,    0.36176E+01
    0.10005E+02,    0.50000E+02,    0.37954E-01
    0.99900E+01,    0.49500E+02,    0.36193E+01
    0.99500E+01,    0.49005E+02,    0.71987E+01
    0.98900E+01,    0.48510E+02,    0.10807E+02
    0.98050E+01,    0.48015E+02,    0.14557E+02
    0.96950E+01,    0.47530E+02,    0.18307E+02
    0.95600E+01,    0.47053E+02,    0.19257E+02
    0.94000E+01,    0.46580E+02,    0.19226E+02
    0.92175E+01,    0.46115E+02,    0.36793E+02
    0.90125E+01,    0.45660E+02,    0.38409E+02
    0.87850E+01,    0.45215E+02,    0.25376E+02
    0.85350E+01,    0.44782E+02,    0.34438E+02
    0.82650E+01,    0.44365E+02,    0.49095E+02
    0.79750E+01,    0.43962E+02,    0.40455E+02
    0.76650E+01,    0.43572E+02,    0.43890E+02
    0.73350E+01,    0.43197E+02,    0.47124E+02
    0.69850E+01,    0.42840E+02,    0.36480E+02
    0.66175E+01,    0.42500E+02,    0.51693E+02
    0.62350E+01,    0.42180E+02,    0.71923E+02
    0.58375E+01,    0.41880E+02,    0.54126E+02
    0.54250E+01,    0.41600E+02,    0.43791E+02
    0.50000E+01,    0.41340E+02,    0.45646E+02
    0.45625E+01,    0.41100E+02,    0.58217E+02
    0.41125E+01,    0.40885E+02,    0.59397E+02
    0.36525E+01,    0.40690E+02,    0.60740E+02
    0.31850E+01,    0.40515E+02,    0.72082E+02
    0.27100E+01,    0.40370E+02,    0.71762E+02
    0.22250E+01,    0.40250E+02,    0.71880E+02
    0.17350E+01,    0.40150E+02,    0.72024E+02
    0.12450E+01,    0.40075E+02,    0.71869E+02
    0.75000E+00,    0.40025E+02,    0.71785E+02
    0.25000E+00,    0.40000E+02,    0.71461E+02
    0.36000E+00,    0.58650E+02,    0.17791E-02
    0.48250E+00,    0.57670E+02,    0.17507E-02
    0.47250E+00,    0.56655E+02,    0.17296E-02
    0.39000E+00,    0.55705E+02,    0.17162E-02
    0.38750E+00,    0.54790E+02,    0.17114E-02
    0.45000E+00,    0.53862E+02,    0.17104E-02
    0.48250E+00,    0.52890E+02,    0.17113E-02
    0.45750E+00,    0.51910E+02,    0.17128E-02
    0.45250E+00,    0.50955E+02,    0.17140E-02
    0.45250E+00,    0.50002E+02,    0.17144E-02
    0.45500E+00,    0.49050E+02,    0.17140E-02
    0.46000E+00,    0.48095E+02,    0.17129E-02
    0.48500E+00,    0.47112E+02,    0.17114E-02
    0.45000E+00,    0.46138E+02,    0.17105E-02
    0.38750E+00,    0.45210E+02,    0.17115E-02
    0.39000E+00,    0.44295E+02,    0.17163E-02
    0.47250E+00,    0.43345E+02,    0.17299E-02
    0.48250E+00,    0.42328E+02,    0.17511E-02
    0.36000E+00,    0.41347E+02,    0.17796E-02
    0.27500E+00,    0.40450E+02,    0.17950E-02
    0.78750E+00,    0.40398E+02,    0.18011E-02
    0.12575E+01,    0.40385E+02,    0.18112E-02
    0.17275E+01,    0.40432E+02,    0.18243E-02
    0.22000E+01,    0.40515E+02,    0.18379E-02
    0.26625E+01,    0.40623E+02,    0.18575E-02
    0.31125E+01,    0.40772E+02,    0.18599E-02
    0.35675E+01,    0.40953E+02,    0.17777E-02
    0.40225E+01,    0.41133E+02,    0.16874E-02
    0.44550E+01,    0.41350E+02,    0.16955E-02
    0.48850E+01,    0.41595E+02,    0.15264E-02
    0.53175E+01,    0.41838E+02,    0.14345E-02
    0.57250E+01,    0.42090E+02,    0.15594E-02
    0.61025E+01,    0.42380E+02,    0.18453E-02
    0.64700E+01,    0.42703E+02,    0.18583E-02
    0.68350E+01,    0.43032E+02,    0.15872E-02
    0.71775E+01,    0.43385E+02,    0.15655E-02
    0.75075E+01,    0.43735E+02,    0.16988E-02
    0.78100E+01,    0.44078E+02,    0.15908E-02
    0.80675E+01,    0.44452E+02,    0.17648E-02
    0.83000E+01,    0.44862E+02,    0.18103E-02
    0.85150E+01,    0.45297E+02,    0.16341E-02
    0.87150E+01,    0.45760E+02,    0.16169E-02
    0.89400E+01,    0.46213E+02,    0.19030E-02
    0.91575E+01,    0.46648E+02,    0.18007E-02
    0.93150E+01,    0.47100E+02,    0.17092E-02
    0.94425E+01,    0.47568E+02,    0.17263E-02
    0.95475E+01,    0.48045E+02,    0.17419E-02
    0.96275E+01,    0.48530E+02,    0.17503E-02
    0.96850E+01,    0.49017E+02,    0.17562E-02
    0.97250E+01,    0.49505E+02,    0.17477E-02
    0.97400E+01,    0.49998E+02,    0.17407E-02
    0.97275E+01,    0.50490E+02,    0.17476E-02
    0.96900E+01,    0.50980E+02,    0.17563E-02
    0.96300E+01,    0.51470E+02,    0.17504E-02
    0.95475E+01,    0.51955E+02,    0.17420E-02
    0.94425E+01,    0.52432E+02,    0.17264E-02
    0.93150E+01,    0.52900E+02,    0.17091E-02
    0.91575E+01,    0.53352E+02,    0.18006E-02
    0.89400E+01,    0.53787E+02,    0.19029E-02
    0.87150E+01,    0.54240E+02,    0.16169E-02
    0.85150E+01,    0.54703E+02,    0.16342E-02
    0.83000E+01,    0.55138E+02,    0.18102E-02
    0.80675E+01,    0.55548E+02,    0.17649E-02
    0.78100E+01,    0.55922E+02,    0.15910E-02
    0.75075E+01,    0.56265E+02,    0.16992E-02
    0.71775E+01,    0.56615E+02,    0.15657E-02
    0.68350E+01,    0.56968E+02,    0.15873E-02
    0.64700E+01,    0.57297E+02,    0.18585E-02
    0.61025E+01,    0.57620E+02,    0.18456E-02
    0.57250E+01,    0.57910E+02,    0.15600E-02
    0.53175E+01,    0.58162E+02,    0.14347E-02
    0.48850E+01,    0.58405E+02,    0.15262E-02
    0.44550E+01,    0.58650E+02,    0.16950E-02
    0.40225E+01,    0.58867E+02,    0.16868E-02
    0.35675E+01,    0.59047E+02,    0.17770E-02
    0.31125E+01,    0.59228E+02,    0.18591E-02
    0.26625E+01,    0.59377E+02,    0.18568E-02
    0.22000E+01,    0.59483E+02,    0.18370E-02
    0.17275E+01,    0.59565E+02,    0.18234E-02
    0.12575E+01,    0.59615E+02,    0.18106E-02
    0.78750E+00,    0.59602E+02,    0.18006E-02
    0.27500E+00,    0.59550E+02,    0.17944E-02
    0.17175E+01,    0.59023E+02,    0.18026E-02
    0.16975E+01,    0.58495E+02,    0.17766E-02
    0.12250E+01,    0.58525E+02,    0.17796E-02
    0.90500E+00,    0.58887E+02,    0.17875E-02
    0.12900E+01,    0.59047E+02,    0.17968E-02
    0.15850E+01,    0.57400E+02,    0.17399E-02
    0.12100E+01,    0.57843E+02,    0.17526E-02
    0.16925E+01,    0.57953E+02,    0.17545E-02
    0.11925E+01,    0.56447E+02,    0.17230E-02
    0.15850E+01,    0.56825E+02,    0.17240E-02
    0.16950E+01,    0.56225E+02,    0.17153E-02
    0.10900E+01,    0.55648E+02,    0.17142E-02
    0.16800E+01,    0.55580E+02,    0.17106E-02
    0.10850E+01,    0.54850E+02,    0.17104E-02
    0.16800E+01,    0.54885E+02,    0.17087E-02
    0.15600E+01,    0.53617E+02,    0.17096E-02
    0.11650E+01,    0.54078E+02,    0.17097E-02
    0.16950E+01,    0.54225E+02,    0.17086E-02
    0.13825E+01,    0.52843E+02,    0.17113E-02
    0.13450E+01,    0.51895E+02,    0.17131E-02
    0.84875E+01,    0.52322E+02,    0.17403E-02
    0.85625E+01,    0.51865E+02,    0.17391E-02
    0.90525E+01,    0.51902E+02,    0.17395E-02
    0.89600E+01,    0.52367E+02,    0.17357E-02
    0.80075E+01,    0.52292E+02,    0.17373E-02
    0.80675E+01,    0.51832E+02,    0.17373E-02
    0.75125E+01,    0.52265E+02,    0.17328E-02
    0.75600E+01,    0.51787E+02,    0.17340E-02
    0.46800E+01,    0.51737E+02,    0.17185E-02
    0.43175E+01,    0.52138E+02,    0.17161E-02
    0.48000E+01,    0.52297E+02,    0.17167E-02
    0.37050E+01,    0.51933E+02,    0.17153E-02
    0.52650E+01,    0.51663E+02,    0.17209E-02
    0.53425E+01,    0.52315E+02,    0.17186E-02
    0.29450E+01,    0.51873E+02,    0.17143E-02
    0.58475E+01,    0.51650E+02,    0.17236E-02
    0.59125E+01,    0.52282E+02,    0.17213E-02
    0.64400E+01,    0.51643E+02,    0.17269E-02
    0.64625E+01,    0.52225E+02,    0.17249E-02
    0.21700E+01,    0.51868E+02,    0.17136E-02
    0.70225E+01,    0.51697E+02,    0.17304E-02
    0.69975E+01,    0.52233E+02,    0.17286E-02
    0.75375E+01,    0.53600E+02,    0.17247E-02
    0.74750E+01,    0.54508E+02,    0.17126E-02
    0.75475E+01,    0.54052E+02,    0.17183E-02
    0.74875E+01,    0.52725E+02,    0.17311E-02
    0.74875E+01,    0.53168E+02,    0.17285E-02
    0.88550E+01,    0.52820E+02,    0.17492E-02
    0.84125E+01,    0.52765E+02,    0.17450E-02
    0.87250E+01,    0.53237E+02,    0.17766E-02
    0.83375E+01,    0.53165E+02,    0.17440E-02
    0.79375E+01,    0.53155E+02,    0.17351E-02
    0.79600E+01,    0.52738E+02,    0.17369E-02
    0.85450E+01,    0.53595E+02,    0.17372E-02
    0.79700E+01,    0.53525E+02,    0.17311E-02
    0.82225E+01,    0.53725E+02,    0.17299E-02
    0.82750E+01,    0.53477E+02,    0.17410E-02
    0.79900E+01,    0.54578E+02,    0.17107E-02
    0.81275E+01,    0.54100E+02,    0.17234E-02
    0.65375E+01,    0.53165E+02,    0.17195E-02
    0.65075E+01,    0.52722E+02,    0.17225E-02
    0.64975E+01,    0.54442E+02,    0.17048E-02
    0.65400E+01,    0.53600E+02,    0.17156E-02
    0.65300E+01,    0.54030E+02,    0.17107E-02
    0.61225E+01,    0.53590E+02,    0.17132E-02
    0.57350E+01,    0.53575E+02,    0.17114E-02
    0.57800E+01,    0.54072E+02,    0.17062E-02
    0.60450E+01,    0.54367E+02,    0.17042E-02
    0.61250E+01,    0.54002E+02,    0.17088E-02
    0.60450E+01,    0.52782E+02,    0.17192E-02
    0.57800E+01,    0.53075E+02,    0.17159E-02
    0.61325E+01,    0.53170E+02,    0.17170E-02
    0.70075E+01,    0.54045E+02,    0.17141E-02
    0.69750E+01,    0.54475E+02,    0.17075E-02
    0.70125E+01,    0.53608E+02,    0.17191E-02
    0.69975E+01,    0.52715E+02,    0.17264E-02
    0.70025E+01,    0.53168E+02,    0.17233E-02
    0.53250E+01,    0.52950E+02,    0.17148E-02
    0.47650E+01,    0.52902E+02,    0.17135E-02
    0.42050E+01,    0.52825E+02,    0.17126E-02
    0.52775E+01,    0.53562E+02,    0.17101E-02
    0.47325E+01,    0.53550E+02,    0.17090E-02
    0.41475E+01,    0.53523E+02,    0.17085E-02
    0.41275E+01,    0.54218E+02,    0.17037E-02
    0.53250E+01,    0.54177E+02,    0.17044E-02
    0.47375E+01,    0.54210E+02,    0.17035E-02
    0.35850E+01,    0.52740E+02,    0.17121E-02
    0.29000E+01,    0.52710E+02,    0.17117E-02
    0.28825E+01,    0.53477E+02,    0.17088E-02
    0.35275E+01,    0.53488E+02,    0.17085E-02
    0.35000E+01,    0.54200E+02,    0.17046E-02
    0.28725E+01,    0.54193E+02,    0.17059E-02
    0.63300E+01,    0.56250E+02,    0.16766E-02
    0.65575E+01,    0.56612E+02,    0.16669E-02
    0.61300E+01,    0.55840E+02,    0.16817E-02
    0.59625E+01,    0.54820E+02,    0.16976E-02
    0.59950E+01,    0.55362E+02,    0.16894E-02
    0.64950E+01,    0.55315E+02,    0.16889E-02
    0.64725E+01,    0.54872E+02,    0.16977E-02
    0.69425E+01,    0.54895E+02,    0.16999E-02
    0.69300E+01,    0.55300E+02,    0.16900E-02
    0.69450E+01,    0.55672E+02,    0.16772E-02
    0.65700E+01,    0.55722E+02,    0.16785E-02
    0.68825E+01,    0.56330E+02,    0.16493E-02
    0.69925E+01,    0.56020E+02,    0.16552E-02
    0.66800E+01,    0.56072E+02,    0.16670E-02
    0.73000E+01,    0.55958E+02,    0.16566E-02
    0.75325E+01,    0.55730E+02,    0.16795E-02
    0.72675E+01,    0.55658E+02,    0.16792E-02
    0.73250E+01,    0.55320E+02,    0.16942E-02
    0.76950E+01,    0.55400E+02,    0.17036E-02
    0.73975E+01,    0.54930E+02,    0.17045E-02
    0.78475E+01,    0.55008E+02,    0.17187E-02
    0.54425E+01,    0.55387E+02,    0.16901E-02
    0.53875E+01,    0.54805E+02,    0.16974E-02
    0.57375E+01,    0.56055E+02,    0.16824E-02
    0.54175E+01,    0.55840E+02,    0.16846E-02
    0.53875E+01,    0.56218E+02,    0.16808E-02
    0.58375E+01,    0.57252E+02,    0.17062E-02
    0.54900E+01,    0.57123E+02,    0.16723E-02
    0.55350E+01,    0.57523E+02,    0.16510E-02
    0.54750E+01,    0.56657E+02,    0.16779E-02
    0.59225E+01,    0.56490E+02,    0.16822E-02
    0.61675E+01,    0.56912E+02,    0.17047E-02
    0.47725E+01,    0.54885E+02,    0.16969E-02
    0.49025E+01,    0.55430E+02,    0.16907E-02
    0.45850E+01,    0.55725E+02,    0.16888E-02
    0.49875E+01,    0.55830E+02,    0.16858E-02
    0.49700E+01,    0.56248E+02,    0.16803E-02
    0.45075E+01,    0.56230E+02,    0.16819E-02
    0.40700E+01,    0.55585E+02,    0.16923E-02
    0.39800E+01,    0.56188E+02,    0.16867E-02
    0.41300E+01,    0.54920E+02,    0.16981E-02
    0.44925E+01,    0.56765E+02,    0.16709E-02
    0.49950E+01,    0.56720E+02,    0.16706E-02
    0.39500E+01,    0.56775E+02,    0.16793E-02
    0.45175E+01,    0.57340E+02,    0.16497E-02
    0.39450E+01,    0.57387E+02,    0.16695E-02
    0.50350E+01,    0.57220E+02,    0.16488E-02
    0.42400E+01,    0.58178E+02,    0.16472E-02
    0.38750E+01,    0.57945E+02,    0.16741E-02
    0.38700E+01,    0.58405E+02,    0.16975E-02
    0.51350E+01,    0.57700E+02,    0.15925E-02
    0.46575E+01,    0.57898E+02,    0.16020E-02
    0.34025E+01,    0.56168E+02,    0.16939E-02
    0.33750E+01,    0.56770E+02,    0.16922E-02
    0.27875E+01,    0.56772E+02,    0.17056E-02
    0.28125E+01,    0.56167E+02,    0.17020E-02
    0.34775E+01,    0.54890E+02,    0.17006E-02
    0.34425E+01,    0.55547E+02,    0.16971E-02
    0.28350E+01,    0.55540E+02,    0.17019E-02
    0.28550E+01,    0.54880E+02,    0.17035E-02
    0.33275E+01,    0.57975E+02,    0.17115E-02
    0.33550E+01,    0.57373E+02,    0.16958E-02
    0.27475E+01,    0.57975E+02,    0.17358E-02
    0.27675E+01,    0.57370E+02,    0.17149E-02
    0.29600E+01,    0.58747E+02,    0.17819E-02
    0.26450E+01,    0.58495E+02,    0.17691E-02
    0.25850E+01,    0.58920E+02,    0.18093E-02
    0.33975E+01,    0.58533E+02,    0.17383E-02
    0.22600E+01,    0.54203E+02,    0.17074E-02
    0.22225E+01,    0.53510E+02,    0.17092E-02
    0.22475E+01,    0.55550E+02,    0.17066E-02
    0.22575E+01,    0.54883E+02,    0.17062E-02
    0.22325E+01,    0.56185E+02,    0.17093E-02
    0.21825E+01,    0.57372E+02,    0.17288E-02
    0.21925E+01,    0.56790E+02,    0.17169E-02
    0.21950E+01,    0.57940E+02,    0.17484E-02
    0.21650E+01,    0.58975E+02,    0.18084E-02
    0.21700E+01,    0.58475E+02,    0.17739E-02
    0.21750E+01,    0.52735E+02,    0.17114E-02
    0.63725E+01,    0.51025E+02,    0.17280E-02
    0.58075E+01,    0.50983E+02,    0.17250E-02
    0.68450E+01,    0.50932E+02,    0.17307E-02
    0.71500E+01,    0.51235E+02,    0.17322E-02
    0.72425E+01,    0.50855E+02,    0.17332E-02
    0.81825E+01,    0.50907E+02,    0.17387E-02
    0.81325E+01,    0.51370E+02,    0.17379E-02
    0.76375E+01,    0.51325E+02,    0.17349E-02
    0.76950E+01,    0.50885E+02,    0.17358E-02
    0.45300E+01,    0.50995E+02,    0.17199E-02
    0.52075E+01,    0.50940E+02,    0.17225E-02
    0.37775E+01,    0.51018E+02,    0.17178E-02
    0.86800E+01,    0.50928E+02,    0.17419E-02
    0.86300E+01,    0.51400E+02,    0.17406E-02
    0.29850E+01,    0.50970E+02,    0.17161E-02
    0.91825E+01,    0.50953E+02,    0.17461E-02
    0.91275E+01,    0.51433E+02,    0.17444E-02
    0.21825E+01,    0.50955E+02,    0.17151E-02
    0.13400E+01,    0.50955E+02,    0.17143E-02
    0.61550E+01,    0.49953E+02,    0.17275E-02
    0.58525E+01,    0.50290E+02,    0.17262E-02
    0.62875E+01,    0.50460E+02,    0.17282E-02
    0.66525E+01,    0.49960E+02,    0.17302E-02
    0.67400E+01,    0.50445E+02,    0.17305E-02
    0.71625E+01,    0.49960E+02,    0.17331E-02
    0.72100E+01,    0.50425E+02,    0.17333E-02
    0.52700E+01,    0.50097E+02,    0.17236E-02
    0.45300E+01,    0.50055E+02,    0.17208E-02
    0.37750E+01,    0.50035E+02,    0.17186E-02
    0.76800E+01,    0.49965E+02,    0.17361E-02
    0.77000E+01,    0.50430E+02,    0.17361E-02
    0.29950E+01,    0.50025E+02,    0.17169E-02
    0.81975E+01,    0.49975E+02,    0.17392E-02
    0.82025E+01,    0.50440E+02,    0.17391E-02
    0.21900E+01,    0.50017E+02,    0.17156E-02
    0.87100E+01,    0.49983E+02,    0.17422E-02
    0.87075E+01,    0.50453E+02,    0.17422E-02
    0.92225E+01,    0.49990E+02,    0.17444E-02
    0.92150E+01,    0.50470E+02,    0.17453E-02
    0.13425E+01,    0.50010E+02,    0.17148E-02
    0.12100E+01,    0.42155E+02,    0.17530E-02
    0.15850E+01,    0.42600E+02,    0.17403E-02
    0.16925E+01,    0.42047E+02,    0.17550E-02
    0.17175E+01,    0.40975E+02,    0.18034E-02
    0.16975E+01,    0.41505E+02,    0.17771E-02
    0.90500E+00,    0.41110E+02,    0.17881E-02
    0.12250E+01,    0.41472E+02,    0.17802E-02
    0.12900E+01,    0.40953E+02,    0.17973E-02
    0.16800E+01,    0.45115E+02,    0.17088E-02
    0.10850E+01,    0.45150E+02,    0.17105E-02
    0.11650E+01,    0.45922E+02,    0.17098E-02
    0.15600E+01,    0.46382E+02,    0.17097E-02
    0.16950E+01,    0.45775E+02,    0.17087E-02
    0.13850E+01,    0.47163E+02,    0.17113E-02
    0.13500E+01,    0.48118E+02,    0.17131E-02
    0.16800E+01,    0.44420E+02,    0.17108E-02
    0.10900E+01,    0.44352E+02,    0.17143E-02
    0.15850E+01,    0.43172E+02,    0.17243E-02
    0.11925E+01,    0.43550E+02,    0.17232E-02
    0.16950E+01,    0.43772E+02,    0.17155E-02
    0.75025E+01,    0.47710E+02,    0.17327E-02
    0.75325E+01,    0.48160E+02,    0.17337E-02
    0.80000E+01,    0.47697E+02,    0.17372E-02
    0.80450E+01,    0.48148E+02,    0.17371E-02
    0.84825E+01,    0.47672E+02,    0.17403E-02
    0.85475E+01,    0.48127E+02,    0.17391E-02
    0.89575E+01,    0.47630E+02,    0.17357E-02
    0.90450E+01,    0.48095E+02,    0.17395E-02
    0.43325E+01,    0.47893E+02,    0.17163E-02
    0.47175E+01,    0.48312E+02,    0.17188E-02
    0.48200E+01,    0.47722E+02,    0.17169E-02
    0.37175E+01,    0.48103E+02,    0.17155E-02
    0.53775E+01,    0.47700E+02,    0.17188E-02
    0.53550E+01,    0.48392E+02,    0.17215E-02
    0.29550E+01,    0.48153E+02,    0.17144E-02
    0.59500E+01,    0.47705E+02,    0.17214E-02
    0.59525E+01,    0.48328E+02,    0.17241E-02
    0.64775E+01,    0.47727E+02,    0.17248E-02
    0.64825E+01,    0.48223E+02,    0.17268E-02
    0.21775E+01,    0.48150E+02,    0.17136E-02
    0.69925E+01,    0.47720E+02,    0.17285E-02
    0.70100E+01,    0.48180E+02,    0.17300E-02
    0.29075E+01,    0.47303E+02,    0.17118E-02
    0.35950E+01,    0.47272E+02,    0.17121E-02
    0.28725E+01,    0.45807E+02,    0.17059E-02
    0.35000E+01,    0.45800E+02,    0.17046E-02
    0.35325E+01,    0.46515E+02,    0.17085E-02
    0.28850E+01,    0.46525E+02,    0.17088E-02
    0.52800E+01,    0.46440E+02,    0.17101E-02
    0.47375E+01,    0.46455E+02,    0.17091E-02
    0.41525E+01,    0.46483E+02,    0.17086E-02
    0.47375E+01,    0.45790E+02,    0.17035E-02
    0.53250E+01,    0.45822E+02,    0.17044E-02
    0.41275E+01,    0.45782E+02,    0.17037E-02
    0.47750E+01,    0.47108E+02,    0.17136E-02
    0.53350E+01,    0.47057E+02,    0.17149E-02
    0.42150E+01,    0.47188E+02,    0.17127E-02
    0.79600E+01,    0.47260E+02,    0.17369E-02
    0.79375E+01,    0.46845E+02,    0.17351E-02
    0.84125E+01,    0.47235E+02,    0.17450E-02
    0.88550E+01,    0.47180E+02,    0.17492E-02
    0.83375E+01,    0.46835E+02,    0.17440E-02
    0.87250E+01,    0.46763E+02,    0.17767E-02
    0.79700E+01,    0.46475E+02,    0.17311E-02
    0.85450E+01,    0.46405E+02,    0.17372E-02
    0.82225E+01,    0.46275E+02,    0.17299E-02
    0.82750E+01,    0.46523E+02,    0.17410E-02
    0.79900E+01,    0.45422E+02,    0.17107E-02
    0.81275E+01,    0.45900E+02,    0.17234E-02
    0.75375E+01,    0.46400E+02,    0.17247E-02
    0.74750E+01,    0.45492E+02,    0.17125E-02
    0.75475E+01,    0.45947E+02,    0.17183E-02
    0.74850E+01,    0.47267E+02,    0.17311E-02
    0.74875E+01,    0.46832E+02,    0.17285E-02
    0.57350E+01,    0.46425E+02,    0.17114E-02
    0.61225E+01,    0.46410E+02,    0.17131E-02
    0.60450E+01,    0.45633E+02,    0.17042E-02
    0.57800E+01,    0.45928E+02,    0.17062E-02
    0.61250E+01,    0.45998E+02,    0.17088E-02
    0.57850E+01,    0.46927E+02,    0.17160E-02
    0.60550E+01,    0.47215E+02,    0.17192E-02
    0.61350E+01,    0.46830E+02,    0.17170E-02
    0.65125E+01,    0.47263E+02,    0.17225E-02
    0.65400E+01,    0.46832E+02,    0.17195E-02
    0.65300E+01,    0.45970E+02,    0.17107E-02
    0.65400E+01,    0.46400E+02,    0.17156E-02
    0.64975E+01,    0.45558E+02,    0.17047E-02
    0.70075E+01,    0.45955E+02,    0.17141E-02
    0.69750E+01,    0.45525E+02,    0.17075E-02
    0.70125E+01,    0.46392E+02,    0.17190E-02
    0.69950E+01,    0.47270E+02,    0.17263E-02
    0.70025E+01,    0.46830E+02,    0.17233E-02
    0.73975E+01,    0.45070E+02,    0.17045E-02
    0.78475E+01,    0.44992E+02,    0.17186E-02
    0.75325E+01,    0.44270E+02,    0.16793E-02
    0.73000E+01,    0.44042E+02,    0.16564E-02
    0.72675E+01,    0.44342E+02,    0.16791E-02
    0.76950E+01,    0.44600E+02,    0.17035E-02
    0.73250E+01,    0.44680E+02,    0.16941E-02
    0.69450E+01,    0.44327E+02,    0.16771E-02
    0.65700E+01,    0.44278E+02,    0.16784E-02
    0.69925E+01,    0.43980E+02,    0.16550E-02
    0.68825E+01,    0.43670E+02,    0.16492E-02
    0.66800E+01,    0.43927E+02,    0.16669E-02
    0.64725E+01,    0.45127E+02,    0.16977E-02
    0.64950E+01,    0.44685E+02,    0.16888E-02
    0.69300E+01,    0.44700E+02,    0.16899E-02
    0.69425E+01,    0.45105E+02,    0.16998E-02
    0.63300E+01,    0.43750E+02,    0.16765E-02
    0.65575E+01,    0.43388E+02,    0.16667E-02
    0.61300E+01,    0.44160E+02,    0.16816E-02
    0.59625E+01,    0.45180E+02,    0.16976E-02
    0.59950E+01,    0.44638E+02,    0.16893E-02
    0.61675E+01,    0.43088E+02,    0.17045E-02
    0.59225E+01,    0.43510E+02,    0.16821E-02
    0.54900E+01,    0.42877E+02,    0.16722E-02
    0.58375E+01,    0.42748E+02,    0.17059E-02
    0.55350E+01,    0.42477E+02,    0.16507E-02
    0.54750E+01,    0.43343E+02,    0.16778E-02
    0.53875E+01,    0.45195E+02,    0.16974E-02
    0.54425E+01,    0.44613E+02,    0.16901E-02
    0.54175E+01,    0.44160E+02,    0.16845E-02
    0.57375E+01,    0.43945E+02,    0.16824E-02
    0.53875E+01,    0.43782E+02,    0.16807E-02
    0.47725E+01,    0.45115E+02,    0.16969E-02
    0.45850E+01,    0.44275E+02,    0.16888E-02
    0.49025E+01,    0.44570E+02,    0.16906E-02
    0.49875E+01,    0.44170E+02,    0.16858E-02
    0.45075E+01,    0.43770E+02,    0.16819E-02
    0.49700E+01,    0.43752E+02,    0.16802E-02
    0.41300E+01,    0.45080E+02,    0.16981E-02
    0.39800E+01,    0.43812E+02,    0.16867E-02
    0.40700E+01,    0.44415E+02,    0.16924E-02
    0.45175E+01,    0.42660E+02,    0.16498E-02
    0.39450E+01,    0.42612E+02,    0.16697E-02
    0.50350E+01,    0.42780E+02,    0.16488E-02
    0.44925E+01,    0.43235E+02,    0.16710E-02
    0.49950E+01,    0.43280E+02,    0.16705E-02
    0.39500E+01,    0.43225E+02,    0.16793E-02
    0.46575E+01,    0.42102E+02,    0.16021E-02
    0.51350E+01,    0.42300E+02,    0.15924E-02
    0.38750E+01,    0.42055E+02,    0.16744E-02
    0.42400E+01,    0.41822E+02,    0.16475E-02
    0.38700E+01,    0.41595E+02,    0.16979E-02
    0.34425E+01,    0.44453E+02,    0.16971E-02
    0.34775E+01,    0.45110E+02,    0.17006E-02
    0.28550E+01,    0.45120E+02,    0.17035E-02
    0.28350E+01,    0.44460E+02,    0.17020E-02
    0.33750E+01,    0.43230E+02,    0.16924E-02
    0.34025E+01,    0.43833E+02,    0.16940E-02
    0.28125E+01,    0.43832E+02,    0.17022E-02
    0.27875E+01,    0.43227E+02,    0.17058E-02
    0.33275E+01,    0.42028E+02,    0.17118E-02
    0.33550E+01,    0.42630E+02,    0.16960E-02
    0.27675E+01,    0.42633E+02,    0.17152E-02
    0.27475E+01,    0.42028E+02,    0.17360E-02
    0.33975E+01,    0.41467E+02,    0.17388E-02
    0.26450E+01,    0.41505E+02,    0.17696E-02
    0.29600E+01,    0.41252E+02,    0.17825E-02
    0.25850E+01,    0.41080E+02,    0.18099E-02
    0.21925E+01,    0.43210E+02,    0.17171E-02
    0.21825E+01,    0.42628E+02,    0.17291E-02
    0.22325E+01,    0.43815E+02,    0.17095E-02
    0.21700E+01,    0.41525E+02,    0.17744E-02
    0.21650E+01,    0.41023E+02,    0.18091E-02
    0.21950E+01,    0.42060E+02,    0.17488E-02
    0.22225E+01,    0.46493E+02,    0.17093E-02
    0.22600E+01,    0.45797E+02,    0.17074E-02
    0.22475E+01,    0.44450E+02,    0.17067E-02
    0.22575E+01,    0.45118E+02,    0.17063E-02
    0.21775E+01,    0.47275E+02,    0.17115E-02
    0.45725E+01,    0.49095E+02,    0.17201E-02
    0.53400E+01,    0.49203E+02,    0.17233E-02
    0.37900E+01,    0.49043E+02,    0.17179E-02
    0.29900E+01,    0.49070E+02,    0.17162E-02
    0.21875E+01,    0.49072E+02,    0.17151E-02
    0.13450E+01,    0.49062E+02,    0.17144E-02
    0.76050E+01,    0.49057E+02,    0.17352E-02
    0.76450E+01,    0.49508E+02,    0.17358E-02
    0.75675E+01,    0.48610E+02,    0.17345E-02
    0.81725E+01,    0.49513E+02,    0.17389E-02
    0.81350E+01,    0.49053E+02,    0.17383E-02
    0.80925E+01,    0.48600E+02,    0.17376E-02
    0.86575E+01,    0.49047E+02,    0.17417E-02
    0.86925E+01,    0.49515E+02,    0.17421E-02
    0.86075E+01,    0.48587E+02,    0.17404E-02
    0.92075E+01,    0.49513E+02,    0.17454E-02
    0.91150E+01,    0.48565E+02,    0.17442E-02
    0.91700E+01,    0.49038E+02,    0.17460E-02
    0.65850E+01,    0.49080E+02,    0.17293E-02
    0.66025E+01,    0.49502E+02,    0.17298E-02
    0.65325E+01,    0.48672E+02,    0.17282E-02
    0.70425E+01,    0.48627E+02,    0.17312E-02
    0.71175E+01,    0.49502E+02,    0.17327E-02
    0.70800E+01,    0.49062E+02,    0.17321E-02
    0.61175E+01,    0.49502E+02,    0.17271E-02
    0.60675E+01,    0.48792E+02,    0.17262E-02
    0.58675E+01,    0.49190E+02,    0.17256E-02
    0.61775E+01,    0.49120E+02,    0.17273E-02
