 X,    Y,   CCL  
    0.00000E+00,    0.10000E+03,    0.00000E+00
    0.00000E+00,    0.98000E+02,    0.18282E+09
    0.00000E+00,    0.96000E+02,    0.72271E+08
    0.00000E+00,    0.94000E+02,    0.99674E+08
    0.00000E+00,    0.92000E+02,    0.94868E+08
    0.00000E+00,    0.90000E+02,    0.95443E+08
    0.00000E+00,    0.88000E+02,    0.95004E+08
    0.00000E+00,    0.86000E+02,    0.94655E+08
    0.00000E+00,    0.84000E+02,    0.94164E+08
    0.00000E+00,    0.82000E+02,    0.93475E+08
    0.00000E+00,    0.80000E+02,    0.92500E+08
    0.00000E+00,    0.78010E+02,    0.91122E+08
    0.00000E+00,    0.76010E+02,    0.89160E+08
    0.00000E+00,    0.74010E+02,    0.86436E+08
    0.00000E+00,    0.72010E+02,    0.82879E+08
    0.00000E+00,    0.70010E+02,    0.79049E+08
    0.00000E+00,    0.68010E+02,    0.77233E+08
    0.00000E+00,    0.66010E+02,    0.84640E+08
    0.00000E+00,    0.64010E+02,    0.12806E+09
    0.00000E+00,    0.62010E+02,    0.26680E+09
    0.00000E+00,    0.60010E+02,    0.81038E+09
    0.50000E+00,    0.60000E+02,    0.91162E+09
    0.10000E+01,    0.59960E+02,    0.96598E+09
    0.14900E+01,    0.59900E+02,    0.94863E+09
    0.19800E+01,    0.59810E+02,    0.82924E+09
    0.24700E+01,    0.59700E+02,    0.66493E+09
    0.29500E+01,    0.59570E+02,    0.50361E+09
    0.34200E+01,    0.59410E+02,    0.34928E+09
    0.38900E+01,    0.59220E+02,    0.23113E+09
    0.43400E+01,    0.59020E+02,    0.15455E+09
    0.47900E+01,    0.58790E+02,    0.10202E+09
    0.52200E+01,    0.58540E+02,    0.70608E+08
    0.56400E+01,    0.58270E+02,    0.55670E+08
    0.60400E+01,    0.57980E+02,    0.49853E+08
    0.64300E+01,    0.57670E+02,    0.45197E+08
    0.68100E+01,    0.57340E+02,    0.39914E+08
    0.71700E+01,    0.56990E+02,    0.38485E+08
    0.75100E+01,    0.56620E+02,    0.38717E+08
    0.78300E+01,    0.56240E+02,    0.39029E+08
    0.81300E+01,    0.55840E+02,    0.40500E+08
    0.84100E+01,    0.55430E+02,    0.41745E+08
    0.86700E+01,    0.55010E+02,    0.42810E+08
    0.89100E+01,    0.54570E+02,    0.46694E+08
    0.91200E+01,    0.54120E+02,    0.51185E+08
    0.93200E+01,    0.53660E+02,    0.54938E+08
    0.94900E+01,    0.53190E+02,    0.59885E+08
    0.96400E+01,    0.52710E+02,    0.66737E+08
    0.97600E+01,    0.52230E+02,    0.74853E+08
    0.98600E+01,    0.51740E+02,    0.83193E+08
    0.99300E+01,    0.51240E+02,    0.91270E+08
    0.99800E+01,    0.50750E+02,    0.99332E+08
    0.10010E+02,    0.50250E+02,    0.10804E+09
    0.10010E+02,    0.49750E+02,    0.11683E+09
    0.99800E+01,    0.49250E+02,    0.12439E+09
    0.99300E+01,    0.48760E+02,    0.13019E+09
    0.98600E+01,    0.48260E+02,    0.13495E+09
    0.97600E+01,    0.47770E+02,    0.13817E+09
    0.96400E+01,    0.47290E+02,    0.13887E+09
    0.94900E+01,    0.46810E+02,    0.13729E+09
    0.93200E+01,    0.46340E+02,    0.13145E+09
    0.91200E+01,    0.45880E+02,    0.12460E+09
    0.89100E+01,    0.45430E+02,    0.11518E+09
    0.86700E+01,    0.44990E+02,    0.10174E+09
    0.84100E+01,    0.44570E+02,    0.81465E+08
    0.81300E+01,    0.44160E+02,    0.63904E+08
    0.78300E+01,    0.43760E+02,    0.45116E+08
    0.75100E+01,    0.43380E+02,    0.24203E+08
    0.71700E+01,    0.43010E+02,    0.58707E+07
    0.68100E+01,    0.42660E+02,    0.00000E+00
    0.64300E+01,    0.42330E+02,    0.00000E+00
    0.60400E+01,    0.42020E+02,    0.00000E+00
    0.56400E+01,    0.41730E+02,    0.00000E+00
    0.52200E+01,    0.41460E+02,    0.00000E+00
    0.47900E+01,    0.41210E+02,    0.00000E+00
    0.43400E+01,    0.40980E+02,    0.00000E+00
    0.38900E+01,    0.40780E+02,    0.00000E+00
    0.34200E+01,    0.40590E+02,    0.00000E+00
    0.29500E+01,    0.40430E+02,    0.00000E+00
    0.24700E+01,    0.40300E+02,    0.00000E+00
    0.19800E+01,    0.40190E+02,    0.00000E+00
    0.14900E+01,    0.40100E+02,    0.00000E+00
    0.10000E+01,    0.40040E+02,    0.00000E+00
    0.50000E+00,    0.40000E+02,    0.00000E+00
    0.00000E+00,    0.39990E+02,    0.00000E+00
    0.00000E+00,    0.37990E+02,    0.13146E+09
    0.00000E+00,    0.35990E+02,    0.13442E+09
    0.00000E+00,    0.33990E+02,    0.11429E+09
    0.00000E+00,    0.31990E+02,    0.10738E+09
    0.00000E+00,    0.29990E+02,    0.10369E+09
    0.00000E+00,    0.27990E+02,    0.10147E+09
    0.00000E+00,    0.25990E+02,    0.99999E+08
    0.00000E+00,    0.23990E+02,    0.99018E+08
    0.00000E+00,    0.21990E+02,    0.98330E+08
    0.00000E+00,    0.20000E+02,    0.97857E+08
    0.00000E+00,    0.18000E+02,    0.97499E+08
    0.00000E+00,    0.16000E+02,    0.97228E+08
    0.00000E+00,    0.14000E+02,    0.97004E+08
    0.00000E+00,    0.12000E+02,    0.96819E+08
    0.00000E+00,    0.10000E+02,    0.96632E+08
    0.00000E+00,    0.80000E+01,    0.96528E+08
    0.00000E+00,    0.60000E+01,    0.96411E+08
    0.00000E+00,    0.40000E+01,    0.96322E+08
    0.00000E+00,    0.20000E+01,    0.96328E+08
    0.00000E+00,    0.00000E+00,    0.96320E+08
    0.10000E+02,    0.00000E+00,    0.96320E+08
    0.20000E+02,    0.00000E+00,    0.96320E+08
    0.30000E+02,    0.00000E+00,    0.96320E+08
    0.40000E+02,    0.00000E+00,    0.96320E+08
    0.50000E+02,    0.00000E+00,    0.96320E+08
    0.50000E+02,    0.90900E+01,    0.96227E+08
    0.50000E+02,    0.18180E+02,    0.96087E+08
    0.50000E+02,    0.27270E+02,    0.95937E+08
    0.50000E+02,    0.36360E+02,    0.95872E+08
    0.50000E+02,    0.45450E+02,    0.95990E+08
    0.50000E+02,    0.54550E+02,    0.96327E+08
    0.50000E+02,    0.63640E+02,    0.96349E+08
    0.50000E+02,    0.72730E+02,    0.99104E+08
    0.50000E+02,    0.81820E+02,    0.82641E+08
    0.50000E+02,    0.90910E+02,    0.14756E+09
    0.50000E+02,    0.10000E+03,    0.00000E+00
    0.40000E+02,    0.10000E+03,    0.00000E+00
    0.30000E+02,    0.10000E+03,    0.00000E+00
    0.20000E+02,    0.10000E+03,    0.00000E+00
    0.10000E+02,    0.10000E+03,    0.00000E+00
    0.74800E+01,    0.93610E+02,    0.11617E+09
    0.33500E+01,    0.94260E+02,    0.10255E+09
    0.25900E+01,    0.93180E+02,    0.93713E+08
    0.22900E+01,    0.91640E+02,    0.95496E+08
    0.24900E+01,    0.89890E+02,    0.95551E+08
    0.23200E+01,    0.87770E+02,    0.95260E+08
    0.21700E+01,    0.85770E+02,    0.94842E+08
    0.20400E+01,    0.83820E+02,    0.94410E+08
    0.20100E+01,    0.81910E+02,    0.93825E+08
    0.20100E+01,    0.79960E+02,    0.93021E+08
    0.20200E+01,    0.78000E+02,    0.91887E+08
    0.20400E+01,    0.76000E+02,    0.90279E+08
    0.20600E+01,    0.74000E+02,    0.88035E+08
    0.20800E+01,    0.71970E+02,    0.85054E+08
    0.21000E+01,    0.69940E+02,    0.81629E+08
    0.21300E+01,    0.67880E+02,    0.79352E+08
    0.21700E+01,    0.65750E+02,    0.83174E+08
    0.22800E+01,    0.63340E+02,    0.10904E+09
    0.14700E+01,    0.61230E+02,    0.27480E+09
    0.13900E+01,    0.60510E+02,    0.57840E+09
    0.17100E+01,    0.60340E+02,    0.59402E+09
    0.21500E+01,    0.60230E+02,    0.53939E+09
    0.26400E+01,    0.60180E+02,    0.42548E+09
    0.30900E+01,    0.59980E+02,    0.36316E+09
    0.35700E+01,    0.59840E+02,    0.26969E+09
    0.40700E+01,    0.59740E+02,    0.18947E+09
    0.45400E+01,    0.59450E+02,    0.13701E+09
    0.50300E+01,    0.59180E+02,    0.97082E+08
    0.55000E+01,    0.58880E+02,    0.71979E+08
    0.58700E+01,    0.58570E+02,    0.59369E+08
    0.62500E+01,    0.58310E+02,    0.53551E+08
    0.66700E+01,    0.58030E+02,    0.49579E+08
    0.70700E+01,    0.57710E+02,    0.47019E+08
    0.74400E+01,    0.57380E+02,    0.46208E+08
    0.78000E+01,    0.57050E+02,    0.47178E+08
    0.81900E+01,    0.56730E+02,    0.50211E+08
    0.86000E+01,    0.56360E+02,    0.54612E+08
    0.90800E+01,    0.55870E+02,    0.61509E+08
    0.91900E+01,    0.55260E+02,    0.60086E+08
    0.93800E+01,    0.54770E+02,    0.62729E+08
    0.95700E+01,    0.54290E+02,    0.66459E+08
    0.97500E+01,    0.53820E+02,    0.71024E+08
    0.99200E+01,    0.53360E+02,    0.76307E+08
    0.10110E+02,    0.52930E+02,    0.83116E+08
    0.10430E+02,    0.52500E+02,    0.93010E+08
    0.10510E+02,    0.51860E+02,    0.97193E+08
    0.10560E+02,    0.51280E+02,    0.10106E+09
    0.10580E+02,    0.50740E+02,    0.10445E+09
    0.10570E+02,    0.50210E+02,    0.10712E+09
    0.10550E+02,    0.49690E+02,    0.10892E+09
    0.10510E+02,    0.49180E+02,    0.11010E+09
    0.10450E+02,    0.48670E+02,    0.11056E+09
    0.10380E+02,    0.48160E+02,    0.10930E+09
    0.10290E+02,    0.47650E+02,    0.10682E+09
    0.10170E+02,    0.47130E+02,    0.10345E+09
    0.10020E+02,    0.46610E+02,    0.99087E+08
    0.98400E+01,    0.46090E+02,    0.94475E+08
    0.95800E+01,    0.45670E+02,    0.93907E+08
    0.94000E+01,    0.45220E+02,    0.87582E+08
    0.92000E+01,    0.44710E+02,    0.80164E+08
    0.89500E+01,    0.44120E+02,    0.74036E+08
    0.85000E+01,    0.43800E+02,    0.67553E+08
    0.81700E+01,    0.43440E+02,    0.59874E+08
    0.78400E+01,    0.43070E+02,    0.52849E+08
    0.74900E+01,    0.42690E+02,    0.47770E+08
    0.71300E+01,    0.42340E+02,    0.44757E+08
    0.67600E+01,    0.42000E+02,    0.44400E+08
    0.64200E+01,    0.41650E+02,    0.48851E+08
    0.61200E+01,    0.41190E+02,    0.64421E+08
    0.55300E+01,    0.40880E+02,    0.59345E+08
    0.50000E+01,    0.40600E+02,    0.55937E+08
    0.44700E+01,    0.40390E+02,    0.47340E+08
    0.39800E+01,    0.40110E+02,    0.46038E+08
    0.35000E+01,    0.40070E+02,    0.17519E+08
    0.30300E+01,    0.39950E+02,    0.00000E+00
    0.25800E+01,    0.39750E+02,    0.52439E+07
    0.21100E+01,    0.39720E+02,    0.00000E+00
    0.16800E+01,    0.39630E+02,    0.00000E+00
    0.13600E+01,    0.39460E+02,    0.67579E+07
    0.13900E+01,    0.38710E+02,    0.10396E+09
    0.20200E+01,    0.36550E+02,    0.12857E+09
    0.19500E+01,    0.34220E+02,    0.11315E+09
    0.19700E+01,    0.32140E+02,    0.10640E+09
    0.20300E+01,    0.30110E+02,    0.10300E+09
    0.20600E+01,    0.28060E+02,    0.10100E+09
    0.20500E+01,    0.26030E+02,    0.99658E+08
    0.20500E+01,    0.24010E+02,    0.98764E+08
    0.20300E+01,    0.22000E+02,    0.98158E+08
    0.20300E+01,    0.20020E+02,    0.97724E+08
    0.20200E+01,    0.18020E+02,    0.97410E+08
    0.20400E+01,    0.16070E+02,    0.97162E+08
    0.20900E+01,    0.14060E+02,    0.96952E+08
    0.21800E+01,    0.12040E+02,    0.96772E+08
    0.22600E+01,    0.99500E+01,    0.96640E+08
    0.20900E+01,    0.82700E+01,    0.96498E+08
    0.23900E+01,    0.67800E+01,    0.96454E+08
    0.31200E+01,    0.57300E+01,    0.96420E+08
    0.69700E+01,    0.63700E+01,    0.96399E+08
    0.17790E+02,    0.96500E+01,    0.96363E+08
    0.28170E+02,    0.93600E+01,    0.96301E+08
    0.38550E+02,    0.10610E+02,    0.96283E+08
    0.40750E+02,    0.19280E+02,    0.96185E+08
    0.40580E+02,    0.28190E+02,    0.96141E+08
    0.40800E+02,    0.36670E+02,    0.96142E+08
    0.41780E+02,    0.44870E+02,    0.96175E+08
    0.41340E+02,    0.53300E+02,    0.96338E+08
    0.40710E+02,    0.62540E+02,    0.96432E+08
    0.41260E+02,    0.71900E+02,    0.97124E+08
    0.40920E+02,    0.80550E+02,    0.92717E+08
    0.38650E+02,    0.89370E+02,    0.11564E+09
    0.28400E+02,    0.90830E+02,    0.12321E+09
    0.18530E+02,    0.91200E+02,    0.11922E+09
    0.37810E+02,    0.46200E+02,    0.96083E+08
    0.35150E+02,    0.46520E+02,    0.96015E+08
    0.32920E+02,    0.46680E+02,    0.95956E+08
    0.30860E+02,    0.46990E+02,    0.95918E+08
    0.29470E+02,    0.46890E+02,    0.95754E+08
    0.28330E+02,    0.46900E+02,    0.95621E+08
    0.27230E+02,    0.46940E+02,    0.95473E+08
    0.26180E+02,    0.47020E+02,    0.95319E+08
    0.25260E+02,    0.47090E+02,    0.95146E+08
    0.24390E+02,    0.47180E+02,    0.94960E+08
    0.23500E+02,    0.47260E+02,    0.94735E+08
    0.22570E+02,    0.47380E+02,    0.94472E+08
    0.21670E+02,    0.47500E+02,    0.94149E+08
    0.20940E+02,    0.47690E+02,    0.93841E+08
    0.20270E+02,    0.47710E+02,    0.93462E+08
    0.19560E+02,    0.47740E+02,    0.92993E+08
    0.18830E+02,    0.47780E+02,    0.92445E+08
    0.18070E+02,    0.47850E+02,    0.91768E+08
    0.17320E+02,    0.47900E+02,    0.90972E+08
    0.16700E+02,    0.47860E+02,    0.90127E+08
    0.16120E+02,    0.47960E+02,    0.89273E+08
    0.15510E+02,    0.48080E+02,    0.88251E+08
    0.14910E+02,    0.48220E+02,    0.87111E+08
    0.14300E+02,    0.48300E+02,    0.85857E+08
    0.13680E+02,    0.48330E+02,    0.84615E+08
    0.13150E+02,    0.48280E+02,    0.83559E+08
    0.12640E+02,    0.48330E+02,    0.83200E+08
    0.12100E+02,    0.48410E+02,    0.84136E+08
    0.11550E+02,    0.48500E+02,    0.87673E+08
    0.10990E+02,    0.48590E+02,    0.95937E+08
    0.33820E+02,    0.26430E+02,    0.96094E+08
    0.29040E+02,    0.28540E+02,    0.96057E+08
    0.25300E+02,    0.27620E+02,    0.96073E+08
    0.22160E+02,    0.27430E+02,    0.96164E+08
    0.19320E+02,    0.27190E+02,    0.96344E+08
    0.16420E+02,    0.27770E+02,    0.96656E+08
    0.13100E+02,    0.27070E+02,    0.97282E+08
    0.10610E+02,    0.27940E+02,    0.98157E+08
    0.83800E+01,    0.28070E+02,    0.98970E+08
    0.62800E+01,    0.28200E+02,    0.99888E+08
    0.41300E+01,    0.28140E+02,    0.10046E+09
    0.33800E+02,    0.20440E+02,    0.96160E+08
    0.29390E+02,    0.18690E+02,    0.96234E+08
    0.25700E+02,    0.18420E+02,    0.96289E+08
    0.22360E+02,    0.18100E+02,    0.96392E+08
    0.19170E+02,    0.18090E+02,    0.96500E+08
    0.16210E+02,    0.18240E+02,    0.96646E+08
    0.13070E+02,    0.18600E+02,    0.96735E+08
    0.10190E+02,    0.17440E+02,    0.96868E+08
    0.79900E+01,    0.17980E+02,    0.97111E+08
    0.60000E+01,    0.18040E+02,    0.97255E+08
    0.40400E+01,    0.18080E+02,    0.97347E+08
    0.18820E+02,    0.14410E+02,    0.96473E+08
    0.16160E+02,    0.15290E+02,    0.96566E+08
    0.13570E+02,    0.15430E+02,    0.96675E+08
    0.10890E+02,    0.14750E+02,    0.96630E+08
    0.84700E+01,    0.13180E+02,    0.96800E+08
    0.63900E+01,    0.12720E+02,    0.96852E+08
    0.43700E+01,    0.12100E+02,    0.96745E+08
    0.47900E+01,    0.95600E+01,    0.96506E+08
    0.37500E+01,    0.83100E+01,    0.96494E+08
    0.43600E+01,    0.71700E+01,    0.96432E+08
    0.87400E+01,    0.10690E+02,    0.96643E+08
    0.12900E+02,    0.12060E+02,    0.96402E+08
    0.16050E+02,    0.12710E+02,    0.96401E+08
    0.14170E+02,    0.13480E+02,    0.96537E+08
    0.66400E+01,    0.10940E+02,    0.96756E+08
    0.79000E+01,    0.14870E+02,    0.96917E+08
    0.77300E+01,    0.16310E+02,    0.97011E+08
    0.40400E+01,    0.16130E+02,    0.97134E+08
    0.59800E+01,    0.16280E+02,    0.97097E+08
    0.41500E+01,    0.14220E+02,    0.96942E+08
    0.61000E+01,    0.14470E+02,    0.96968E+08
    0.90800E+01,    0.16410E+02,    0.96959E+08
    0.92800E+01,    0.15260E+02,    0.96854E+08
    0.29230E+02,    0.14630E+02,    0.96297E+08
    0.22090E+02,    0.15020E+02,    0.96435E+08
    0.25580E+02,    0.14950E+02,    0.96278E+08
    0.25130E+02,    0.12260E+02,    0.96213E+08
    0.21700E+02,    0.12210E+02,    0.96543E+08
    0.33900E+02,    0.15120E+02,    0.96176E+08
    0.22380E+02,    0.21390E+02,    0.96352E+08
    0.22330E+02,    0.24340E+02,    0.96296E+08
    0.99500E+01,    0.19870E+02,    0.97114E+08
    0.99300E+01,    0.21830E+02,    0.97346E+08
    0.10000E+02,    0.23910E+02,    0.97630E+08
    0.10110E+02,    0.25830E+02,    0.97943E+08
    0.60400E+01,    0.20010E+02,    0.97496E+08
    0.60600E+01,    0.21960E+02,    0.97834E+08
    0.61100E+01,    0.24010E+02,    0.98271E+08
    0.61700E+01,    0.26040E+02,    0.98854E+08
    0.40600E+01,    0.22010E+02,    0.98012E+08
    0.40800E+01,    0.24000E+02,    0.98553E+08
    0.41200E+01,    0.26060E+02,    0.99313E+08
    0.40400E+01,    0.20000E+02,    0.97627E+08
    0.80400E+01,    0.21950E+02,    0.97609E+08
    0.82000E+01,    0.25990E+02,    0.98365E+08
    0.80800E+01,    0.23920E+02,    0.97943E+08
    0.80000E+01,    0.19890E+02,    0.97345E+08
    0.16450E+02,    0.21410E+02,    0.96657E+08
    0.16480E+02,    0.24370E+02,    0.96738E+08
    0.13810E+02,    0.24260E+02,    0.96983E+08
    0.13760E+02,    0.21450E+02,    0.96881E+08
    0.11800E+02,    0.23850E+02,    0.97349E+08
    0.11790E+02,    0.21860E+02,    0.97124E+08
    0.11590E+02,    0.20030E+02,    0.96955E+08
    0.11700E+02,    0.25640E+02,    0.97763E+08
    0.19340E+02,    0.21200E+02,    0.96500E+08
    0.19370E+02,    0.24380E+02,    0.96483E+08
    0.28680E+02,    0.21890E+02,    0.96250E+08
    0.28620E+02,    0.24750E+02,    0.96138E+08
    0.25570E+02,    0.21430E+02,    0.96272E+08
    0.25430E+02,    0.24670E+02,    0.96173E+08
    0.31200E+02,    0.24570E+02,    0.96130E+08
    0.31270E+02,    0.22130E+02,    0.96132E+08
    0.21730E+02,    0.30150E+02,    0.96024E+08
    0.22180E+02,    0.32500E+02,    0.95793E+08
    0.22100E+02,    0.34270E+02,    0.95569E+08
    0.21910E+02,    0.36000E+02,    0.95281E+08
    0.21590E+02,    0.37610E+02,    0.95039E+08
    0.21910E+02,    0.39010E+02,    0.94791E+08
    0.21970E+02,    0.40130E+02,    0.94574E+08
    0.22010E+02,    0.41260E+02,    0.94384E+08
    0.22070E+02,    0.42370E+02,    0.94243E+08
    0.22230E+02,    0.43470E+02,    0.94206E+08
    0.22330E+02,    0.44480E+02,    0.94185E+08
    0.22380E+02,    0.45480E+02,    0.94196E+08
    0.22430E+02,    0.46440E+02,    0.94290E+08
    0.13140E+02,    0.29970E+02,    0.97334E+08
    0.13180E+02,    0.31490E+02,    0.97269E+08
    0.13290E+02,    0.32770E+02,    0.97188E+08
    0.13340E+02,    0.34040E+02,    0.96960E+08
    0.13400E+02,    0.35300E+02,    0.96602E+08
    0.13380E+02,    0.36470E+02,    0.96115E+08
    0.13350E+02,    0.37490E+02,    0.95543E+08
    0.13350E+02,    0.38440E+02,    0.94797E+08
    0.13390E+02,    0.39340E+02,    0.93878E+08
    0.13410E+02,    0.40200E+02,    0.92863E+08
    0.13440E+02,    0.41040E+02,    0.91731E+08
    0.13440E+02,    0.41830E+02,    0.90552E+08
    0.13420E+02,    0.42590E+02,    0.89285E+08
    0.13350E+02,    0.43400E+02,    0.87927E+08
    0.13610E+02,    0.44110E+02,    0.87056E+08
    0.13720E+02,    0.44760E+02,    0.86297E+08
    0.13760E+02,    0.45400E+02,    0.85553E+08
    0.13780E+02,    0.46040E+02,    0.84955E+08
    0.13760E+02,    0.46650E+02,    0.84495E+08
    0.13730E+02,    0.47220E+02,    0.84240E+08
    0.13710E+02,    0.47760E+02,    0.84293E+08
    0.38000E+01,    0.34200E+02,    0.11036E+09
    0.55100E+01,    0.34260E+02,    0.10695E+09
    0.70600E+01,    0.34350E+02,    0.10445E+09
    0.84200E+01,    0.34260E+02,    0.10193E+09
    0.97000E+01,    0.34120E+02,    0.99942E+08
    0.10910E+02,    0.34010E+02,    0.98656E+08
    0.12140E+02,    0.34030E+02,    0.97716E+08
    0.98000E+01,    0.35450E+02,    0.10007E+09
    0.99800E+01,    0.36650E+02,    0.99686E+08
    0.10130E+02,    0.37780E+02,    0.98713E+08
    0.10390E+02,    0.38680E+02,    0.97533E+08
    0.10470E+02,    0.39540E+02,    0.96279E+08
    0.10540E+02,    0.40430E+02,    0.94441E+08
    0.10640E+02,    0.41300E+02,    0.92006E+08
    0.10770E+02,    0.42240E+02,    0.89008E+08
    0.10490E+02,    0.43030E+02,    0.85488E+08
    0.10420E+02,    0.43750E+02,    0.82399E+08
    0.10450E+02,    0.44420E+02,    0.80342E+08
    0.10480E+02,    0.45050E+02,    0.79726E+08
    0.10400E+02,    0.45730E+02,    0.81443E+08
    0.10600E+02,    0.46390E+02,    0.84338E+08
    0.10730E+02,    0.46980E+02,    0.87441E+08
    0.10840E+02,    0.47530E+02,    0.90464E+08
    0.10920E+02,    0.48070E+02,    0.93512E+08
    0.38400E+01,    0.36110E+02,    0.11873E+09
    0.54900E+01,    0.36010E+02,    0.11165E+09
    0.71500E+01,    0.36130E+02,    0.10558E+09
    0.85600E+01,    0.35670E+02,    0.10219E+09
    0.27100E+01,    0.39050E+02,    0.94618E+08
    0.40500E+01,    0.39230E+02,    0.10649E+09
    0.54400E+01,    0.39060E+02,    0.11336E+09
    0.65800E+01,    0.38860E+02,    0.11009E+09
    0.75600E+01,    0.39030E+02,    0.10580E+09
    0.85200E+01,    0.39470E+02,    0.10098E+09
    0.95500E+01,    0.39590E+02,    0.98125E+08
    0.99100E+01,    0.45060E+02,    0.80336E+08
    0.95900E+01,    0.40500E+02,    0.95631E+08
    0.97100E+01,    0.41380E+02,    0.92253E+08
    0.98000E+01,    0.42210E+02,    0.88371E+08
    0.96500E+01,    0.43000E+02,    0.83715E+08
    0.96100E+01,    0.43790E+02,    0.79344E+08
    0.98000E+01,    0.44500E+02,    0.78669E+08
    0.52000E+01,    0.39950E+02,    0.94479E+08
    0.57900E+01,    0.40260E+02,    0.93159E+08
    0.64800E+01,    0.40540E+02,    0.94207E+08
    0.72700E+01,    0.40590E+02,    0.96980E+08
    0.79300E+01,    0.40490E+02,    0.98307E+08
    0.86100E+01,    0.40600E+02,    0.96918E+08
    0.91300E+01,    0.43240E+02,    0.78993E+08
    0.87900E+01,    0.43490E+02,    0.73162E+08
    0.67500E+01,    0.41390E+02,    0.72963E+08
    0.70100E+01,    0.41070E+02,    0.86843E+08
    0.73600E+01,    0.41350E+02,    0.85133E+08
    0.77400E+01,    0.41640E+02,    0.84113E+08
    0.82300E+01,    0.41890E+02,    0.85403E+08
    0.85900E+01,    0.42440E+02,    0.81432E+08
    0.88600E+01,    0.42890E+02,    0.79278E+08
    0.78400E+01,    0.42330E+02,    0.71536E+08
    0.74500E+01,    0.42000E+02,    0.70454E+08
    0.70800E+01,    0.41690E+02,    0.70685E+08
    0.81900E+01,    0.42750E+02,    0.70767E+08
    0.85000E+01,    0.43140E+02,    0.71512E+08
    0.88000E+01,    0.41490E+02,    0.91719E+08
    0.91000E+01,    0.42220E+02,    0.86897E+08
    0.91900E+01,    0.42700E+02,    0.83468E+08
    0.79400E+01,    0.41300E+02,    0.90725E+08
    0.82100E+01,    0.41030E+02,    0.94380E+08
    0.81900E+01,    0.41510E+02,    0.89339E+08
    0.84000E+01,    0.41350E+02,    0.91930E+08
    0.76200E+01,    0.41030E+02,    0.92573E+08
    0.79200E+01,    0.40850E+02,    0.95463E+08
    0.66700E+01,    0.40920E+02,    0.85454E+08
    0.65100E+01,    0.41170E+02,    0.74427E+08
    0.89900E+01,    0.43740E+02,    0.74490E+08
    0.92500E+01,    0.43600E+02,    0.77900E+08
    0.65800E+01,    0.39720E+02,    0.10609E+09
    0.73300E+01,    0.39820E+02,    0.10406E+09
    0.79200E+01,    0.39930E+02,    0.10149E+09
    0.59300E+01,    0.39690E+02,    0.10564E+09
    0.45800E+01,    0.39850E+02,    0.84593E+08
    0.99700E+01,    0.45490E+02,    0.83790E+08
    0.35500E+01,    0.39610E+02,    0.69295E+08
    0.31000E+01,    0.39530E+02,    0.58866E+08
    0.21900E+01,    0.39330E+02,    0.53379E+08
    0.17500E+01,    0.39220E+02,    0.55214E+08
    0.54300E+01,    0.37590E+02,    0.11759E+09
    0.89900E+01,    0.38180E+02,    0.10110E+09
    0.78000E+01,    0.37960E+02,    0.10563E+09
    0.67400E+01,    0.37630E+02,    0.10988E+09
    0.88600E+01,    0.36880E+02,    0.10184E+09
    0.79400E+01,    0.36980E+02,    0.10467E+09
    0.96400E+01,    0.38820E+02,    0.99189E+08
    0.40700E+01,    0.37660E+02,    0.12553E+09
    0.29300E+01,    0.37760E+02,    0.12845E+09
    0.11480E+02,    0.40330E+02,    0.93546E+08
    0.12450E+02,    0.40260E+02,    0.93028E+08
    0.11120E+02,    0.44380E+02,    0.82008E+08
    0.11760E+02,    0.44340E+02,    0.83453E+08
    0.12400E+02,    0.44310E+02,    0.84756E+08
    0.12990E+02,    0.44260E+02,    0.85834E+08
    0.11230E+02,    0.46270E+02,    0.80448E+08
    0.11870E+02,    0.46170E+02,    0.80596E+08
    0.12490E+02,    0.46100E+02,    0.81888E+08
    0.13130E+02,    0.46060E+02,    0.83424E+08
    0.11400E+02,    0.47430E+02,    0.83600E+08
    0.11980E+02,    0.47340E+02,    0.81534E+08
    0.12560E+02,    0.47270E+02,    0.81769E+08
    0.13140E+02,    0.47230E+02,    0.82866E+08
    0.12040E+02,    0.47890E+02,    0.82718E+08
    0.12590E+02,    0.47820E+02,    0.82329E+08
    0.13150E+02,    0.47780E+02,    0.83089E+08
    0.11480E+02,    0.47970E+02,    0.85568E+08
    0.11920E+02,    0.46770E+02,    0.80794E+08
    0.12530E+02,    0.46700E+02,    0.81607E+08
    0.13140E+02,    0.46660E+02,    0.83003E+08
    0.11330E+02,    0.46860E+02,    0.81714E+08
    0.11790E+02,    0.44940E+02,    0.82075E+08
    0.11810E+02,    0.45560E+02,    0.81046E+08
    0.11130E+02,    0.45000E+02,    0.80575E+08
    0.11150E+02,    0.45640E+02,    0.79915E+08
    0.13060E+02,    0.44830E+02,    0.84946E+08
    0.12420E+02,    0.44890E+02,    0.83561E+08
    0.13100E+02,    0.45440E+02,    0.84106E+08
    0.12460E+02,    0.45490E+02,    0.82577E+08
    0.11570E+02,    0.41180E+02,    0.91736E+08
    0.11670E+02,    0.41960E+02,    0.89785E+08
    0.11830E+02,    0.42590E+02,    0.88290E+08
    0.11820E+02,    0.43180E+02,    0.86745E+08
    0.11780E+02,    0.43760E+02,    0.85047E+08
    0.11110E+02,    0.43760E+02,    0.83886E+08
    0.11180E+02,    0.43160E+02,    0.86012E+08
    0.11240E+02,    0.42660E+02,    0.87836E+08
    0.12550E+02,    0.41860E+02,    0.90213E+08
    0.12400E+02,    0.43770E+02,    0.85989E+08
    0.12540E+02,    0.43220E+02,    0.87296E+08
    0.12570E+02,    0.42560E+02,    0.88743E+08
    0.12920E+02,    0.43800E+02,    0.86654E+08
    0.12490E+02,    0.41080E+02,    0.91661E+08
    0.11210E+02,    0.37600E+02,    0.97311E+08
    0.12280E+02,    0.37510E+02,    0.96251E+08
    0.11420E+02,    0.39460E+02,    0.95015E+08
    0.11330E+02,    0.38560E+02,    0.96238E+08
    0.12390E+02,    0.39390E+02,    0.94284E+08
    0.12340E+02,    0.38480E+02,    0.95358E+08
    0.11010E+02,    0.35310E+02,    0.98505E+08
    0.12180E+02,    0.35280E+02,    0.97421E+08
    0.11100E+02,    0.36510E+02,    0.98066E+08
    0.12240E+02,    0.36450E+02,    0.96937E+08
    0.85100E+01,    0.30220E+02,    0.99784E+08
    0.84500E+01,    0.31600E+02,    0.10014E+09
    0.84200E+01,    0.32860E+02,    0.10089E+09
    0.41200E+01,    0.30260E+02,    0.10237E+09
    0.39000E+01,    0.32260E+02,    0.10517E+09
    0.63800E+01,    0.30550E+02,    0.10064E+09
    0.57300E+01,    0.32460E+02,    0.10341E+09
    0.71200E+01,    0.32830E+02,    0.10255E+09
    0.73300E+01,    0.31650E+02,    0.10124E+09
    0.10770E+02,    0.30660E+02,    0.98034E+08
    0.10860E+02,    0.32560E+02,    0.98510E+08
    0.96400E+01,    0.32810E+02,    0.99591E+08
    0.96400E+01,    0.31690E+02,    0.99142E+08
    0.12060E+02,    0.32750E+02,    0.97890E+08
    0.12030E+02,    0.31650E+02,    0.98049E+08
    0.14380E+02,    0.39300E+02,    0.93707E+08
    0.15380E+02,    0.39250E+02,    0.93703E+08
    0.16410E+02,    0.39180E+02,    0.93846E+08
    0.17540E+02,    0.39130E+02,    0.93982E+08
    0.18690E+02,    0.39140E+02,    0.94146E+08
    0.19810E+02,    0.39180E+02,    0.94348E+08
    0.20850E+02,    0.39170E+02,    0.94533E+08
    0.14380E+02,    0.44030E+02,    0.88228E+08
    0.15170E+02,    0.43990E+02,    0.89234E+08
    0.15970E+02,    0.43960E+02,    0.90144E+08
    0.16800E+02,    0.43910E+02,    0.91006E+08
    0.17700E+02,    0.43860E+02,    0.91762E+08
    0.18610E+02,    0.43840E+02,    0.92396E+08
    0.19500E+02,    0.43810E+02,    0.92956E+08
    0.20330E+02,    0.43790E+02,    0.93395E+08
    0.21180E+02,    0.43570E+02,    0.93820E+08
    0.17750E+02,    0.44710E+02,    0.91506E+08
    0.17810E+02,    0.45550E+02,    0.91391E+08
    0.17930E+02,    0.46350E+02,    0.91468E+08
    0.18020E+02,    0.47110E+02,    0.91587E+08
    0.16000E+02,    0.44720E+02,    0.89682E+08
    0.15980E+02,    0.45470E+02,    0.89245E+08
    0.15850E+02,    0.46110E+02,    0.88819E+08
    0.15880E+02,    0.46740E+02,    0.88777E+08
    0.15990E+02,    0.47360E+02,    0.88967E+08
    0.14450E+02,    0.46050E+02,    0.86373E+08
    0.15160E+02,    0.46110E+02,    0.87669E+08
    0.14290E+02,    0.47740E+02,    0.85616E+08
    0.14290E+02,    0.47220E+02,    0.85560E+08
    0.14410E+02,    0.46690E+02,    0.85939E+08
    0.15370E+02,    0.47490E+02,    0.87857E+08
    0.15110E+02,    0.46850E+02,    0.87474E+08
    0.14820E+02,    0.47670E+02,    0.86760E+08
    0.14750E+02,    0.47250E+02,    0.86599E+08
    0.14440E+02,    0.44710E+02,    0.87547E+08
    0.15210E+02,    0.44700E+02,    0.88668E+08
    0.15200E+02,    0.45410E+02,    0.88152E+08
    0.14470E+02,    0.45390E+02,    0.86931E+08
    0.17280E+02,    0.47180E+02,    0.90781E+08
    0.17150E+02,    0.46460E+02,    0.90604E+08
    0.16840E+02,    0.45670E+02,    0.90446E+08
    0.16850E+02,    0.44740E+02,    0.90631E+08
    0.16630E+02,    0.47270E+02,    0.89917E+08
    0.16510E+02,    0.46650E+02,    0.89743E+08
    0.16410E+02,    0.46140E+02,    0.89676E+08
    0.19530E+02,    0.44650E+02,    0.92837E+08
    0.19560E+02,    0.45470E+02,    0.92785E+08
    0.19570E+02,    0.46290E+02,    0.92801E+08
    0.19550E+02,    0.47020E+02,    0.92844E+08
    0.18690E+02,    0.45500E+02,    0.92162E+08
    0.18750E+02,    0.46290E+02,    0.92180E+08
    0.18790E+02,    0.47050E+02,    0.92273E+08
    0.18650E+02,    0.44660E+02,    0.92240E+08
    0.20440E+02,    0.45490E+02,    0.93320E+08
    0.21380E+02,    0.45520E+02,    0.93789E+08
    0.20410E+02,    0.46340E+02,    0.93328E+08
    0.20270E+02,    0.47050E+02,    0.93326E+08
    0.21350E+02,    0.46590E+02,    0.93941E+08
    0.20860E+02,    0.47100E+02,    0.93686E+08
    0.20410E+02,    0.44610E+02,    0.93339E+08
    0.21330E+02,    0.44560E+02,    0.93797E+08
    0.17560E+02,    0.40150E+02,    0.93490E+08
    0.17560E+02,    0.41140E+02,    0.92975E+08
    0.17550E+02,    0.42110E+02,    0.92443E+08
    0.17630E+02,    0.43020E+02,    0.92072E+08
    0.16450E+02,    0.41130E+02,    0.92545E+08
    0.15400E+02,    0.41060E+02,    0.92188E+08
    0.14400E+02,    0.41030E+02,    0.91919E+08
    0.15410E+02,    0.40160E+02,    0.92986E+08
    0.14400E+02,    0.40180E+02,    0.92838E+08
    0.16460E+02,    0.40160E+02,    0.93229E+08
    0.14290E+02,    0.43320E+02,    0.88953E+08
    0.14300E+02,    0.42590E+02,    0.89939E+08
    0.14370E+02,    0.41840E+02,    0.90944E+08
    0.16360E+02,    0.42190E+02,    0.91848E+08
    0.15320E+02,    0.41920E+02,    0.91335E+08
    0.16670E+02,    0.43080E+02,    0.91394E+08
    0.15900E+02,    0.43250E+02,    0.90617E+08
    0.15130E+02,    0.43290E+02,    0.89893E+08
    0.15140E+02,    0.42620E+02,    0.90564E+08
    0.15800E+02,    0.42680E+02,    0.91038E+08
    0.20870E+02,    0.41290E+02,    0.94040E+08
    0.19760E+02,    0.41220E+02,    0.93709E+08
    0.18660E+02,    0.41160E+02,    0.93355E+08
    0.19790E+02,    0.40180E+02,    0.94031E+08
    0.20880E+02,    0.40210E+02,    0.94303E+08
    0.18680E+02,    0.40160E+02,    0.93755E+08
    0.18600E+02,    0.42990E+02,    0.92642E+08
    0.18630E+02,    0.42130E+02,    0.92983E+08
    0.20810E+02,    0.42530E+02,    0.93885E+08
    0.19680E+02,    0.42220E+02,    0.93395E+08
    0.19500E+02,    0.43040E+02,    0.93120E+08
    0.20220E+02,    0.43100E+02,    0.93468E+08
    0.14500E+02,    0.32730E+02,    0.96617E+08
    0.15820E+02,    0.32480E+02,    0.96361E+08
    0.17360E+02,    0.32500E+02,    0.96110E+08
    0.18960E+02,    0.32630E+02,    0.95942E+08
    0.20480E+02,    0.32630E+02,    0.95790E+08
    0.17480E+02,    0.38060E+02,    0.94445E+08
    0.17390E+02,    0.36860E+02,    0.94916E+08
    0.17400E+02,    0.35500E+02,    0.95424E+08
    0.17420E+02,    0.34060E+02,    0.95799E+08
    0.18870E+02,    0.35580E+02,    0.95292E+08
    0.20340E+02,    0.35710E+02,    0.95256E+08
    0.18710E+02,    0.38080E+02,    0.94525E+08
    0.18780E+02,    0.36910E+02,    0.94925E+08
    0.20150E+02,    0.37120E+02,    0.94926E+08
    0.19860E+02,    0.38170E+02,    0.94652E+08
    0.20780E+02,    0.38330E+02,    0.94740E+08
    0.20470E+02,    0.34230E+02,    0.95549E+08
    0.18910E+02,    0.34110E+02,    0.95640E+08
    0.14630E+02,    0.35360E+02,    0.95997E+08
    0.15970E+02,    0.35470E+02,    0.95619E+08
    0.14350E+02,    0.38410E+02,    0.94482E+08
    0.14360E+02,    0.37540E+02,    0.95116E+08
    0.14570E+02,    0.36580E+02,    0.95523E+08
    0.15870E+02,    0.36940E+02,    0.95077E+08
    0.15290E+02,    0.38370E+02,    0.94320E+08
    0.16270E+02,    0.38140E+02,    0.94445E+08
    0.15180E+02,    0.37620E+02,    0.94845E+08
    0.14620E+02,    0.34060E+02,    0.96379E+08
    0.15930E+02,    0.34020E+02,    0.96050E+08
    0.19460E+02,    0.29520E+02,    0.96164E+08
    0.19020E+02,    0.31060E+02,    0.96158E+08
    0.15390E+02,    0.30520E+02,    0.96609E+08
    0.17400E+02,    0.30920E+02,    0.96383E+08
    0.17720E+02,    0.29350E+02,    0.96476E+08
    0.14380E+02,    0.31610E+02,    0.96781E+08
    0.20420E+02,    0.31350E+02,    0.95964E+08
    0.23610E+02,    0.36220E+02,    0.95351E+08
    0.25430E+02,    0.36830E+02,    0.95456E+08
    0.27680E+02,    0.36140E+02,    0.95616E+08
    0.30320E+02,    0.36120E+02,    0.95787E+08
    0.32940E+02,    0.36790E+02,    0.95829E+08
    0.36140E+02,    0.37040E+02,    0.95895E+08
    0.32330E+02,    0.39790E+02,    0.95851E+08
    0.32410E+02,    0.42140E+02,    0.95799E+08
    0.32520E+02,    0.44340E+02,    0.95831E+08
    0.23200E+02,    0.42300E+02,    0.94564E+08
    0.24290E+02,    0.42170E+02,    0.94810E+08
    0.25420E+02,    0.42030E+02,    0.95043E+08
    0.26690E+02,    0.41840E+02,    0.95252E+08
    0.28020E+02,    0.41810E+02,    0.95423E+08
    0.29350E+02,    0.41910E+02,    0.95546E+08
    0.30670E+02,    0.42350E+02,    0.95634E+08
    0.28110E+02,    0.43160E+02,    0.95422E+08
    0.28380E+02,    0.44490E+02,    0.95478E+08
    0.28290E+02,    0.45700E+02,    0.95523E+08
    0.26990E+02,    0.44560E+02,    0.95301E+08
    0.25610E+02,    0.44770E+02,    0.95128E+08
    0.24420E+02,    0.44490E+02,    0.94778E+08
    0.23360E+02,    0.44460E+02,    0.94506E+08
    0.25570E+02,    0.43330E+02,    0.95019E+08
    0.26830E+02,    0.43250E+02,    0.95245E+08
    0.24400E+02,    0.43370E+02,    0.94781E+08
    0.23300E+02,    0.43380E+02,    0.94509E+08
    0.23400E+02,    0.46370E+02,    0.94599E+08
    0.24310E+02,    0.46290E+02,    0.94852E+08
    0.25160E+02,    0.46210E+02,    0.95049E+08
    0.26030E+02,    0.45940E+02,    0.95214E+08
    0.27130E+02,    0.45790E+02,    0.95379E+08
    0.23360E+02,    0.45420E+02,    0.94517E+08
    0.24280E+02,    0.45430E+02,    0.94777E+08
    0.25020E+02,    0.45460E+02,    0.94970E+08
    0.30150E+02,    0.44490E+02,    0.95794E+08
    0.29300E+02,    0.45700E+02,    0.95674E+08
    0.29190E+02,    0.43200E+02,    0.95504E+08
    0.27930E+02,    0.38480E+02,    0.95537E+08
    0.27990E+02,    0.40230E+02,    0.95457E+08
    0.23180E+02,    0.39010E+02,    0.94943E+08
    0.24550E+02,    0.39330E+02,    0.95137E+08
    0.26100E+02,    0.38700E+02,    0.95335E+08
    0.26470E+02,    0.40400E+02,    0.95283E+08
    0.23100E+02,    0.41170E+02,    0.94662E+08
    0.23050E+02,    0.40140E+02,    0.94786E+08
    0.25150E+02,    0.40670E+02,    0.95075E+08
    0.24120E+02,    0.41070E+02,    0.94860E+08
    0.23910E+02,    0.40140E+02,    0.94927E+08
    0.23200E+02,    0.37730E+02,    0.95114E+08
    0.24400E+02,    0.37900E+02,    0.95211E+08
    0.29530E+02,    0.40430E+02,    0.95611E+08
    0.30030E+02,    0.38630E+02,    0.95680E+08
    0.30840E+02,    0.40810E+02,    0.95709E+08
    0.36730E+02,    0.43350E+02,    0.96011E+08
    0.35540E+02,    0.40420E+02,    0.95977E+08
    0.38960E+02,    0.42690E+02,    0.95996E+08
    0.38420E+02,    0.39950E+02,    0.96048E+08
    0.34620E+02,    0.44080E+02,    0.95934E+08
    0.34180E+02,    0.42220E+02,    0.95900E+08
    0.30750E+02,    0.32650E+02,    0.95966E+08
    0.35350E+02,    0.34070E+02,    0.96019E+08
    0.34360E+02,    0.31130E+02,    0.96034E+08
    0.37900E+02,    0.33980E+02,    0.95963E+08
    0.37630E+02,    0.30990E+02,    0.96024E+08
    0.32990E+02,    0.34580E+02,    0.95946E+08
    0.24400E+02,    0.32630E+02,    0.95732E+08
    0.27010E+02,    0.33480E+02,    0.95775E+08
    0.23880E+02,    0.34570E+02,    0.95569E+08
    0.25440E+02,    0.34870E+02,    0.95551E+08
    0.24560E+02,    0.30370E+02,    0.95913E+08
    0.26880E+02,    0.30670E+02,    0.95865E+08
    0.41700E+01,    0.71970E+02,    0.86880E+08
    0.62600E+01,    0.71990E+02,    0.89170E+08
    0.83700E+01,    0.72130E+02,    0.91639E+08
    0.10570E+02,    0.72400E+02,    0.93873E+08
    0.13030E+02,    0.73290E+02,    0.95478E+08
    0.16080E+02,    0.73080E+02,    0.96334E+08
    0.19000E+02,    0.72950E+02,    0.96843E+08
    0.22000E+02,    0.72620E+02,    0.96978E+08
    0.25150E+02,    0.72300E+02,    0.96977E+08
    0.28670E+02,    0.71810E+02,    0.96928E+08
    0.33330E+02,    0.71790E+02,    0.96655E+08
    0.39500E+01,    0.81790E+02,    0.94020E+08
    0.57900E+01,    0.81740E+02,    0.94235E+08
    0.74400E+01,    0.81780E+02,    0.94500E+08
    0.93100E+01,    0.82420E+02,    0.95079E+08
    0.12080E+02,    0.81720E+02,    0.95386E+08
    0.15550E+02,    0.82170E+02,    0.95944E+08
    0.18890E+02,    0.82280E+02,    0.96797E+08
    0.22290E+02,    0.82060E+02,    0.96442E+08
    0.25710E+02,    0.81630E+02,    0.96618E+08
    0.29380E+02,    0.81050E+02,    0.97650E+08
    0.33760E+02,    0.79030E+02,    0.96424E+08
    0.18690E+02,    0.86140E+02,    0.91918E+08
    0.29350E+02,    0.85380E+02,    0.89154E+08
    0.33940E+02,    0.84640E+02,    0.89915E+08
    0.25680E+02,    0.85160E+02,    0.96681E+08
    0.22160E+02,    0.85340E+02,    0.96537E+08
    0.22060E+02,    0.88240E+02,    0.87800E+08
    0.25370E+02,    0.88030E+02,    0.85858E+08
    0.46900E+01,    0.87420E+02,    0.95781E+08
    0.67600E+01,    0.86310E+02,    0.95385E+08
    0.83700E+01,    0.85210E+02,    0.95158E+08
    0.96400E+01,    0.84300E+02,    0.95235E+08
    0.11300E+02,    0.85360E+02,    0.96740E+08
    0.15030E+02,    0.85500E+02,    0.96163E+08
    0.53200E+01,    0.90050E+02,    0.92387E+08
    0.10320E+02,    0.88820E+02,    0.89200E+08
    0.79300E+01,    0.87890E+02,    0.94722E+08
    0.91700E+01,    0.86120E+02,    0.95386E+08
    0.14670E+02,    0.88560E+02,    0.86856E+08
    0.47100E+01,    0.92760E+02,    0.97771E+08
    0.41200E+01,    0.91510E+02,    0.94433E+08
    0.76900E+01,    0.83840E+02,    0.94902E+08
    0.70100E+01,    0.83030E+02,    0.94579E+08
    0.57300E+01,    0.83280E+02,    0.94578E+08
    0.40200E+01,    0.83610E+02,    0.94516E+08
    0.42400E+01,    0.85390E+02,    0.94851E+08
    0.61500E+01,    0.84760E+02,    0.94878E+08
    0.22180E+02,    0.75680E+02,    0.96680E+08
    0.22260E+02,    0.78740E+02,    0.96440E+08
    0.10040E+02,    0.74360E+02,    0.93692E+08
    0.98400E+01,    0.76220E+02,    0.93895E+08
    0.96600E+01,    0.78230E+02,    0.94255E+08
    0.94200E+01,    0.80160E+02,    0.94489E+08
    0.61500E+01,    0.74060E+02,    0.90739E+08
    0.60500E+01,    0.76030E+02,    0.92020E+08
    0.59700E+01,    0.78030E+02,    0.92996E+08
    0.58600E+01,    0.79910E+02,    0.93710E+08
    0.40200E+01,    0.77980E+02,    0.92398E+08
    0.39800E+01,    0.79940E+02,    0.93343E+08
    0.41200E+01,    0.74000E+02,    0.89272E+08
    0.40700E+01,    0.76020E+02,    0.91077E+08
    0.78400E+01,    0.78070E+02,    0.93647E+08
    0.81500E+01,    0.74130E+02,    0.92317E+08
    0.79900E+01,    0.76140E+02,    0.93035E+08
    0.76900E+01,    0.80030E+02,    0.94091E+08
    0.16030E+02,    0.78930E+02,    0.95856E+08
    0.16200E+02,    0.76020E+02,    0.96019E+08
    0.19100E+02,    0.79010E+02,    0.96151E+08
    0.19120E+02,    0.75850E+02,    0.96463E+08
    0.13540E+02,    0.76050E+02,    0.95458E+08
    0.13300E+02,    0.78800E+02,    0.95335E+08
    0.11610E+02,    0.76330E+02,    0.94586E+08
    0.11400E+02,    0.78310E+02,    0.94781E+08
    0.11020E+02,    0.80120E+02,    0.94767E+08
    0.11570E+02,    0.74600E+02,    0.94364E+08
    0.28400E+02,    0.74980E+02,    0.96781E+08
    0.28620E+02,    0.77890E+02,    0.96444E+08
    0.25490E+02,    0.78460E+02,    0.96539E+08
    0.25320E+02,    0.75310E+02,    0.96775E+08
    0.31130E+02,    0.77260E+02,    0.96677E+08
    0.30990E+02,    0.74650E+02,    0.96673E+08
    0.22700E+02,    0.48270E+02,    0.94670E+08
    0.22800E+02,    0.49170E+02,    0.94910E+08
    0.22930E+02,    0.50100E+02,    0.95201E+08
    0.23030E+02,    0.51060E+02,    0.95531E+08
    0.23080E+02,    0.52050E+02,    0.95882E+08
    0.23040E+02,    0.53030E+02,    0.96240E+08
    0.22790E+02,    0.54100E+02,    0.96655E+08
    0.23000E+02,    0.55190E+02,    0.97016E+08
    0.23320E+02,    0.56240E+02,    0.97303E+08
    0.23470E+02,    0.57470E+02,    0.97593E+08
    0.23570E+02,    0.58820E+02,    0.97862E+08
    0.23860E+02,    0.60170E+02,    0.97929E+08
    0.24140E+02,    0.61630E+02,    0.97925E+08
    0.24310E+02,    0.63070E+02,    0.97919E+08
    0.24060E+02,    0.64750E+02,    0.97890E+08
    0.23930E+02,    0.66880E+02,    0.97752E+08
    0.24610E+02,    0.69270E+02,    0.97338E+08
    0.44300E+01,    0.63720E+02,    0.89557E+08
    0.63200E+01,    0.63840E+02,    0.85696E+08
    0.81600E+01,    0.63650E+02,    0.90675E+08
    0.10090E+02,    0.62880E+02,    0.98445E+08
    0.12380E+02,    0.62900E+02,    0.10343E+09
    0.14280E+02,    0.62690E+02,    0.10349E+09
    0.16140E+02,    0.62600E+02,    0.10207E+09
    0.17860E+02,    0.62600E+02,    0.10094E+09
    0.19560E+02,    0.62550E+02,    0.99836E+08
    0.21230E+02,    0.62380E+02,    0.98982E+08
    0.22670E+02,    0.61870E+02,    0.98413E+08
    0.13370E+02,    0.70170E+02,    0.96022E+08
    0.13570E+02,    0.67270E+02,    0.97718E+08
    0.12720E+02,    0.64940E+02,    0.10028E+09
    0.17990E+02,    0.64220E+02,    0.10009E+09
    0.18100E+02,    0.65820E+02,    0.99364E+08
    0.18540E+02,    0.67630E+02,    0.98407E+08
    0.18810E+02,    0.70110E+02,    0.97478E+08
    0.16090E+02,    0.70300E+02,    0.97157E+08
    0.16100E+02,    0.67750E+02,    0.98453E+08
    0.16310E+02,    0.65940E+02,    0.99679E+08
    0.16200E+02,    0.64280E+02,    0.10074E+09
    0.14510E+02,    0.64460E+02,    0.10130E+09
    0.14760E+02,    0.65860E+02,    0.10018E+09
    0.21110E+02,    0.66780E+02,    0.97858E+08
    0.21830E+02,    0.64220E+02,    0.98264E+08
    0.19740E+02,    0.64130E+02,    0.99373E+08
    0.19660E+02,    0.65590E+02,    0.99233E+08
    0.22940E+02,    0.63060E+02,    0.98372E+08
    0.21630E+02,    0.69720E+02,    0.97400E+08
    0.10840E+02,    0.67530E+02,    0.95234E+08
    0.85300E+01,    0.67710E+02,    0.90856E+08
    0.63500E+01,    0.67780E+02,    0.85696E+08
    0.42500E+01,    0.67830E+02,    0.81619E+08
    0.42900E+01,    0.65750E+02,    0.82028E+08
    0.63400E+01,    0.65740E+02,    0.85040E+08
    0.83700E+01,    0.65560E+02,    0.90995E+08
    0.10520E+02,    0.65240E+02,    0.96805E+08
    0.85100E+01,    0.69910E+02,    0.91049E+08
    0.42100E+01,    0.69900E+02,    0.84045E+08
    0.63300E+01,    0.69910E+02,    0.87354E+08
    0.10830E+02,    0.70020E+02,    0.94148E+08
    0.14320E+02,    0.48910E+02,    0.86430E+08
    0.14420E+02,    0.49550E+02,    0.87478E+08
    0.14530E+02,    0.50210E+02,    0.88776E+08
    0.14640E+02,    0.50880E+02,    0.90286E+08
    0.14730E+02,    0.51580E+02,    0.92002E+08
    0.14810E+02,    0.52300E+02,    0.93876E+08
    0.14870E+02,    0.53060E+02,    0.95915E+08
    0.14890E+02,    0.53840E+02,    0.97994E+08
    0.14910E+02,    0.54650E+02,    0.10012E+09
    0.15030E+02,    0.55470E+02,    0.10176E+09
    0.15340E+02,    0.56250E+02,    0.10273E+09
    0.15540E+02,    0.57220E+02,    0.10367E+09
    0.15660E+02,    0.58170E+02,    0.10426E+09
    0.15640E+02,    0.59260E+02,    0.10503E+09
    0.16140E+02,    0.60740E+02,    0.10306E+09
    0.11060E+02,    0.49110E+02,    0.97654E+08
    0.11120E+02,    0.49630E+02,    0.98861E+08
    0.11160E+02,    0.50160E+02,    0.99844E+08
    0.11200E+02,    0.50710E+02,    0.10035E+09
    0.11210E+02,    0.51290E+02,    0.10059E+09
    0.11200E+02,    0.51920E+02,    0.10042E+09
    0.11160E+02,    0.52650E+02,    0.99989E+08
    0.11350E+02,    0.53370E+02,    0.10016E+09
    0.11590E+02,    0.54030E+02,    0.10130E+09
    0.11700E+02,    0.54680E+02,    0.10236E+09
    0.11790E+02,    0.55430E+02,    0.10356E+09
    0.11930E+02,    0.56150E+02,    0.10450E+09
    0.11980E+02,    0.56930E+02,    0.10557E+09
    0.12100E+02,    0.57740E+02,    0.10643E+09
    0.12130E+02,    0.58580E+02,    0.10703E+09
    0.12450E+02,    0.59570E+02,    0.10765E+09
    0.12370E+02,    0.61010E+02,    0.10664E+09
    0.10980E+02,    0.58530E+02,    0.10176E+09
    0.98200E+01,    0.59210E+02,    0.93323E+08
    0.85300E+01,    0.59570E+02,    0.81169E+08
    0.75400E+01,    0.60100E+02,    0.75534E+08
    0.65800E+01,    0.60290E+02,    0.75525E+08
    0.55700E+01,    0.60230E+02,    0.85807E+08
    0.42800E+01,    0.60460E+02,    0.13925E+09
    0.28700E+01,    0.60800E+02,    0.24998E+09
    0.53000E+01,    0.59620E+02,    0.91571E+08
    0.11080E+02,    0.56900E+02,    0.10009E+09
    0.10260E+02,    0.57500E+02,    0.91978E+08
    0.92500E+01,    0.57990E+02,    0.79526E+08
    0.84700E+01,    0.58520E+02,    0.70654E+08
    0.77500E+01,    0.58550E+02,    0.62790E+08
    0.71200E+01,    0.58880E+02,    0.61468E+08
    0.65100E+01,    0.59090E+02,    0.63087E+08
    0.58900E+01,    0.59220E+02,    0.69659E+08
    0.69000E+01,    0.58410E+02,    0.55035E+08
    0.64400E+01,    0.58660E+02,    0.57865E+08
    0.60600E+01,    0.58810E+02,    0.61995E+08
    0.73700E+01,    0.58110E+02,    0.54279E+08
    0.10470E+02,    0.53130E+02,    0.90873E+08
    0.10850E+02,    0.53270E+02,    0.96494E+08
    0.82900E+01,    0.57950E+02,    0.63409E+08
    0.80800E+01,    0.57510E+02,    0.55994E+08
    0.10990E+02,    0.55540E+02,    0.97828E+08
    0.10460E+02,    0.56180E+02,    0.91487E+08
    0.97100E+01,    0.56500E+02,    0.79044E+08
    0.90200E+01,    0.57040E+02,    0.68056E+08
    0.84900E+01,    0.57240E+02,    0.60065E+08
    0.11080E+02,    0.54760E+02,    0.98131E+08
    0.10510E+02,    0.54610E+02,    0.90459E+08
    0.10030E+02,    0.54470E+02,    0.80031E+08
    0.10710E+02,    0.53640E+02,    0.93934E+08
    0.10620E+02,    0.54100E+02,    0.92240E+08
    0.10320E+02,    0.53530E+02,    0.87058E+08
    0.10180E+02,    0.53960E+02,    0.83385E+08
    0.11080E+02,    0.54130E+02,    0.98174E+08
    0.11050E+02,    0.53720E+02,    0.97758E+08
    0.10040E+02,    0.55680E+02,    0.82579E+08
    0.96400E+01,    0.55430E+02,    0.72736E+08
    0.10350E+02,    0.55220E+02,    0.88145E+08
    0.98400E+01,    0.54950E+02,    0.76223E+08
    0.94800E+01,    0.55750E+02,    0.70121E+08
    0.97500E+01,    0.56000E+02,    0.77106E+08
    0.86900E+01,    0.57740E+02,    0.67895E+08
    0.11340E+02,    0.56220E+02,    0.10086E+09
    0.77100E+01,    0.57760E+02,    0.53590E+08
    0.79300E+01,    0.58100E+02,    0.59741E+08
    0.10870E+02,    0.52910E+02,    0.96989E+08
    0.10590E+02,    0.52850E+02,    0.93252E+08
    0.11390E+02,    0.57740E+02,    0.10254E+09
    0.66100E+01,    0.59630E+02,    0.69222E+08
    0.72900E+01,    0.59440E+02,    0.68444E+08
    0.78700E+01,    0.59190E+02,    0.70195E+08
    0.60200E+01,    0.59700E+02,    0.74714E+08
    0.32100E+01,    0.60330E+02,    0.28455E+09
    0.36900E+01,    0.60210E+02,    0.21945E+09
    0.47100E+01,    0.59840E+02,    0.12621E+09
    0.18200E+01,    0.60720E+02,    0.42004E+09
    0.22800E+01,    0.60590E+02,    0.38558E+09
    0.77200E+01,    0.61100E+02,    0.83323E+08
    0.78000E+01,    0.62250E+02,    0.87786E+08
    0.48200E+01,    0.61920E+02,    0.10042E+09
    0.33200E+01,    0.62030E+02,    0.15030E+09
    0.63900E+01,    0.62310E+02,    0.85235E+08
    0.65900E+01,    0.61190E+02,    0.81881E+08
    0.56600E+01,    0.61120E+02,    0.90514E+08
    0.10520E+02,    0.60720E+02,    0.10130E+09
    0.89300E+01,    0.60840E+02,    0.90742E+08
    0.89500E+01,    0.62000E+02,    0.93043E+08
    0.11310E+02,    0.59610E+02,    0.10366E+09
    0.14090E+02,    0.52370E+02,    0.94342E+08
    0.13390E+02,    0.52420E+02,    0.95431E+08
    0.12690E+02,    0.52490E+02,    0.97443E+08
    0.11960E+02,    0.52570E+02,    0.99940E+08
    0.13830E+02,    0.50330E+02,    0.88346E+08
    0.13150E+02,    0.50460E+02,    0.88826E+08
    0.12480E+02,    0.50570E+02,    0.90861E+08
    0.11830E+02,    0.50660E+02,    0.94890E+08
    0.12180E+02,    0.48920E+02,    0.85658E+08
    0.12290E+02,    0.49430E+02,    0.87117E+08
    0.12400E+02,    0.49990E+02,    0.88870E+08
    0.11700E+02,    0.49540E+02,    0.91355E+08
    0.11770E+02,    0.50090E+02,    0.93136E+08
    0.11620E+02,    0.49020E+02,    0.89637E+08
    0.13710E+02,    0.49680E+02,    0.86752E+08
    0.13040E+02,    0.49850E+02,    0.86981E+08
    0.12900E+02,    0.49270E+02,    0.85402E+08
    0.13550E+02,    0.48970E+02,    0.85259E+08
    0.12710E+02,    0.48800E+02,    0.84268E+08
    0.13140E+02,    0.48690E+02,    0.84124E+08
    0.13320E+02,    0.51750E+02,    0.93130E+08
    0.13240E+02,    0.51090E+02,    0.90883E+08
    0.14020E+02,    0.51670E+02,    0.92175E+08
    0.13930E+02,    0.50990E+02,    0.90161E+08
    0.12620E+02,    0.51820E+02,    0.95212E+08
    0.11920E+02,    0.51890E+02,    0.98249E+08
    0.12560E+02,    0.51190E+02,    0.92996E+08
    0.11880E+02,    0.51250E+02,    0.96578E+08
    0.14630E+02,    0.57430E+02,    0.10576E+09
    0.13770E+02,    0.57750E+02,    0.10753E+09
    0.12910E+02,    0.57710E+02,    0.10798E+09
    0.12770E+02,    0.53160E+02,    0.99482E+08
    0.12880E+02,    0.53820E+02,    0.10124E+09
    0.12990E+02,    0.54440E+02,    0.10264E+09
    0.13240E+02,    0.55080E+02,    0.10391E+09
    0.13430E+02,    0.55890E+02,    0.10537E+09
    0.13610E+02,    0.56760E+02,    0.10649E+09
    0.12510E+02,    0.55280E+02,    0.10473E+09
    0.12790E+02,    0.56870E+02,    0.10708E+09
    0.12670E+02,    0.56050E+02,    0.10605E+09
    0.12220E+02,    0.53910E+02,    0.10227E+09
    0.12080E+02,    0.53250E+02,    0.10121E+09
    0.12360E+02,    0.54590E+02,    0.10352E+09
    0.14450E+02,    0.56540E+02,    0.10477E+09
    0.14240E+02,    0.55650E+02,    0.10355E+09
    0.14000E+02,    0.54710E+02,    0.10176E+09
    0.14140E+02,    0.53850E+02,    0.98968E+08
    0.14130E+02,    0.53090E+02,    0.96611E+08
    0.13450E+02,    0.53110E+02,    0.97763E+08
    0.13490E+02,    0.53760E+02,    0.99847E+08
    0.13500E+02,    0.54300E+02,    0.10130E+09
    0.13960E+02,    0.59020E+02,    0.10656E+09
    0.13000E+02,    0.58450E+02,    0.10821E+09
    0.14750E+02,    0.58230E+02,    0.10595E+09
    0.14200E+02,    0.60890E+02,    0.10552E+09
    0.22130E+02,    0.56450E+02,    0.97647E+08
    0.21040E+02,    0.56560E+02,    0.98055E+08
    0.19970E+02,    0.56610E+02,    0.98542E+08
    0.18850E+02,    0.56650E+02,    0.99223E+08
    0.17700E+02,    0.56790E+02,    0.10030E+09
    0.16570E+02,    0.56950E+02,    0.10175E+09
    0.22180E+02,    0.52060E+02,    0.95787E+08
    0.21310E+02,    0.52140E+02,    0.95703E+08
    0.20470E+02,    0.52260E+02,    0.95638E+08
    0.19640E+02,    0.52400E+02,    0.95585E+08
    0.18820E+02,    0.52550E+02,    0.95540E+08
    0.18010E+02,    0.52710E+02,    0.95511E+08
    0.17200E+02,    0.52840E+02,    0.95491E+08
    0.16400E+02,    0.52940E+02,    0.95515E+08
    0.15620E+02,    0.53000E+02,    0.95587E+08
    0.18110E+02,    0.48600E+02,    0.92094E+08
    0.18230E+02,    0.49370E+02,    0.92629E+08
    0.18390E+02,    0.50140E+02,    0.93259E+08
    0.18540E+02,    0.50930E+02,    0.93970E+08
    0.18680E+02,    0.51730E+02,    0.94733E+08
    0.15360E+02,    0.50760E+02,    0.90818E+08
    0.16080E+02,    0.50630E+02,    0.91485E+08
    0.16830E+02,    0.50470E+02,    0.92145E+08
    0.17600E+02,    0.50300E+02,    0.92740E+08
    0.16960E+02,    0.51230E+02,    0.93158E+08
    0.17090E+02,    0.52020E+02,    0.94293E+08
    0.15550E+02,    0.52230E+02,    0.93875E+08
    0.16300E+02,    0.52130E+02,    0.94041E+08
    0.15460E+02,    0.51480E+02,    0.92269E+08
    0.16200E+02,    0.51360E+02,    0.92689E+08
    0.17880E+02,    0.51880E+02,    0.94520E+08
    0.17740E+02,    0.51080E+02,    0.93590E+08
    0.15950E+02,    0.49930E+02,    0.90427E+08
    0.15800E+02,    0.49260E+02,    0.89501E+08
    0.15640E+02,    0.48670E+02,    0.88778E+08
    0.17430E+02,    0.49530E+02,    0.91974E+08
    0.16670E+02,    0.49740E+02,    0.91232E+08
    0.17210E+02,    0.48680E+02,    0.91269E+08
    0.16490E+02,    0.49050E+02,    0.90429E+08
    0.16240E+02,    0.48500E+02,    0.89679E+08
    0.16730E+02,    0.48350E+02,    0.90284E+08
    0.15120E+02,    0.49430E+02,    0.88508E+08
    0.15240E+02,    0.50080E+02,    0.89561E+08
    0.15000E+02,    0.48800E+02,    0.87671E+08
    0.21980E+02,    0.50220E+02,    0.95017E+08
    0.21050E+02,    0.50350E+02,    0.94787E+08
    0.20170E+02,    0.50560E+02,    0.94546E+08
    0.19350E+02,    0.50760E+02,    0.94282E+08
    0.18890E+02,    0.48510E+02,    0.92735E+08
    0.19010E+02,    0.49230E+02,    0.93148E+08
    0.19180E+02,    0.49970E+02,    0.93675E+08
    0.20970E+02,    0.48440E+02,    0.94030E+08
    0.20820E+02,    0.49350E+02,    0.94335E+08
    0.19620E+02,    0.48430E+02,    0.93232E+08
    0.19720E+02,    0.49080E+02,    0.93541E+08
    0.19980E+02,    0.49740E+02,    0.94021E+08
    0.20280E+02,    0.48380E+02,    0.93639E+08
    0.20280E+02,    0.48930E+02,    0.93772E+08
    0.21790E+02,    0.48380E+02,    0.94364E+08
    0.21860E+02,    0.49280E+02,    0.94648E+08
    0.21200E+02,    0.51260E+02,    0.95247E+08
    0.22100E+02,    0.51150E+02,    0.95397E+08
    0.20330E+02,    0.51420E+02,    0.95092E+08
    0.19500E+02,    0.51580E+02,    0.94928E+08
    0.19780E+02,    0.53220E+02,    0.96241E+08
    0.19910E+02,    0.54020E+02,    0.96832E+08
    0.20010E+02,    0.54780E+02,    0.97327E+08
    0.19930E+02,    0.55610E+02,    0.97943E+08
    0.17310E+02,    0.53710E+02,    0.96761E+08
    0.17430E+02,    0.54640E+02,    0.98013E+08
    0.17560E+02,    0.55660E+02,    0.99313E+08
    0.16460E+02,    0.53790E+02,    0.97057E+08
    0.16480E+02,    0.54700E+02,    0.98703E+08
    0.16320E+02,    0.55780E+02,    0.10058E+09
    0.15670E+02,    0.53810E+02,    0.97413E+08
    0.15680E+02,    0.54620E+02,    0.99173E+08
    0.15690E+02,    0.55280E+02,    0.10037E+09
    0.18170E+02,    0.53560E+02,    0.96508E+08
    0.18380E+02,    0.54450E+02,    0.97489E+08
    0.18810E+02,    0.55440E+02,    0.98285E+08
    0.18970E+02,    0.53380E+02,    0.96344E+08
    0.19150E+02,    0.54160E+02,    0.97067E+08
    0.19310E+02,    0.54800E+02,    0.97500E+08
    0.20590E+02,    0.53090E+02,    0.96170E+08
    0.20730E+02,    0.53880E+02,    0.96661E+08
    0.20870E+02,    0.54690E+02,    0.97124E+08
    0.20960E+02,    0.55570E+02,    0.97596E+08
    0.21970E+02,    0.55450E+02,    0.97307E+08
    0.21800E+02,    0.54490E+02,    0.96894E+08
    0.21530E+02,    0.53740E+02,    0.96523E+08
    0.21410E+02,    0.52970E+02,    0.96134E+08
    0.22200E+02,    0.52920E+02,    0.96157E+08
    0.22180E+02,    0.53580E+02,    0.96404E+08
    0.19370E+02,    0.61090E+02,    0.10013E+09
    0.19260E+02,    0.59850E+02,    0.10021E+09
    0.19080E+02,    0.58770E+02,    0.10011E+09
    0.18950E+02,    0.57730E+02,    0.99792E+08
    0.21950E+02,    0.58960E+02,    0.98350E+08
    0.20570E+02,    0.59570E+02,    0.99247E+08
    0.22160E+02,    0.57630E+02,    0.98057E+08
    0.21090E+02,    0.57540E+02,    0.98450E+08
    0.20050E+02,    0.57620E+02,    0.98990E+08
    0.20200E+02,    0.58580E+02,    0.99256E+08
    0.21080E+02,    0.58370E+02,    0.98716E+08
    0.22340E+02,    0.60490E+02,    0.98432E+08
    0.20890E+02,    0.60870E+02,    0.99166E+08
    0.17820E+02,    0.57860E+02,    0.10095E+09
    0.16710E+02,    0.58020E+02,    0.10252E+09
    0.17850E+02,    0.61100E+02,    0.10150E+09
    0.17920E+02,    0.58910E+02,    0.10127E+09
    0.16810E+02,    0.59020E+02,    0.10284E+09
    0.17990E+02,    0.59930E+02,    0.10142E+09
    0.16980E+02,    0.59920E+02,    0.10277E+09
    0.36530E+02,    0.54440E+02,    0.96418E+08
    0.33610E+02,    0.55110E+02,    0.96446E+08
    0.31070E+02,    0.55020E+02,    0.96469E+08
    0.29210E+02,    0.55730E+02,    0.96619E+08
    0.27630E+02,    0.55860E+02,    0.96721E+08
    0.26180E+02,    0.55850E+02,    0.96847E+08
    0.24640E+02,    0.55740E+02,    0.96966E+08
    0.33250E+02,    0.48890E+02,    0.96077E+08
    0.33270E+02,    0.50890E+02,    0.96177E+08
    0.33270E+02,    0.52820E+02,    0.96278E+08
    0.28340E+02,    0.48060E+02,    0.95705E+08
    0.28370E+02,    0.49250E+02,    0.95822E+08
    0.28450E+02,    0.50470E+02,    0.95966E+08
    0.28570E+02,    0.51690E+02,    0.96126E+08
    0.28720E+02,    0.52950E+02,    0.96284E+08
    0.28880E+02,    0.54260E+02,    0.96448E+08
    0.24080E+02,    0.52010E+02,    0.95952E+08
    0.25130E+02,    0.51970E+02,    0.96014E+08
    0.26260E+02,    0.51870E+02,    0.96058E+08
    0.27420E+02,    0.51790E+02,    0.96096E+08
    0.26300E+02,    0.53140E+02,    0.96307E+08
    0.26280E+02,    0.54430E+02,    0.96559E+08
    0.25130E+02,    0.53130E+02,    0.96298E+08
    0.24050E+02,    0.53090E+02,    0.96270E+08
    0.25000E+02,    0.54380E+02,    0.96627E+08
    0.23930E+02,    0.54140E+02,    0.96611E+08
    0.23860E+02,    0.55050E+02,    0.96846E+08
    0.27580E+02,    0.54420E+02,    0.96519E+08
    0.27520E+02,    0.53060E+02,    0.96296E+08
    0.27230E+02,    0.49290E+02,    0.95716E+08
    0.25950E+02,    0.49290E+02,    0.95603E+08
    0.24880E+02,    0.49740E+02,    0.95485E+08
    0.23890E+02,    0.49960E+02,    0.95359E+08
    0.23730E+02,    0.49040E+02,    0.95112E+08
    0.23600E+02,    0.48160E+02,    0.94907E+08
    0.24480E+02,    0.48050E+02,    0.95094E+08
    0.25310E+02,    0.47990E+02,    0.95255E+08
    0.26180E+02,    0.48090E+02,    0.95426E+08
    0.27250E+02,    0.48090E+02,    0.95576E+08
    0.24590E+02,    0.48890E+02,    0.95252E+08
    0.25290E+02,    0.48720E+02,    0.95325E+08
    0.26150E+02,    0.50630E+02,    0.95824E+08
    0.25050E+02,    0.50820E+02,    0.95743E+08
    0.24020E+02,    0.50970E+02,    0.95647E+08
    0.27320E+02,    0.50540E+02,    0.95904E+08
    0.31280E+02,    0.52560E+02,    0.96309E+08
    0.29910E+02,    0.52770E+02,    0.96293E+08
    0.31540E+02,    0.48920E+02,    0.96019E+08
    0.31660E+02,    0.50680E+02,    0.96130E+08
    0.29370E+02,    0.48040E+02,    0.95806E+08
    0.29430E+02,    0.49200E+02,    0.95907E+08
    0.29520E+02,    0.50410E+02,    0.96025E+08
    0.29620E+02,    0.51590E+02,    0.96140E+08
    0.30440E+02,    0.49130E+02,    0.95977E+08
    0.30520E+02,    0.50430E+02,    0.96074E+08
    0.30490E+02,    0.51510E+02,    0.96144E+08
    0.30220E+02,    0.48040E+02,    0.95882E+08
    0.29960E+02,    0.54030E+02,    0.96382E+08
    0.35230E+02,    0.49180E+02,    0.96127E+08
    0.34950E+02,    0.51180E+02,    0.96225E+08
    0.34900E+02,    0.52820E+02,    0.96242E+08
    0.37690E+02,    0.50130E+02,    0.96166E+08
    0.36370E+02,    0.51920E+02,    0.96219E+08
    0.34560E+02,    0.64730E+02,    0.96706E+08
    0.31110E+02,    0.65220E+02,    0.97011E+08
    0.28310E+02,    0.65170E+02,    0.97159E+08
    0.26100E+02,    0.64860E+02,    0.97514E+08
    0.31240E+02,    0.57780E+02,    0.96665E+08
    0.31000E+02,    0.60190E+02,    0.96833E+08
    0.30830E+02,    0.62590E+02,    0.96971E+08
    0.28880E+02,    0.59900E+02,    0.97038E+08
    0.26960E+02,    0.59310E+02,    0.97176E+08
    0.25380E+02,    0.59870E+02,    0.97533E+08
    0.29210E+02,    0.57710E+02,    0.96810E+08
    0.27510E+02,    0.57560E+02,    0.96985E+08
    0.26140E+02,    0.57240E+02,    0.97092E+08
    0.24820E+02,    0.57290E+02,    0.97269E+08
    0.24950E+02,    0.58570E+02,    0.97462E+08
    0.26040E+02,    0.58410E+02,    0.97261E+08
    0.26100E+02,    0.62900E+02,    0.97552E+08
    0.28220E+02,    0.62280E+02,    0.97102E+08
    0.25650E+02,    0.61320E+02,    0.97581E+08
    0.26980E+02,    0.61000E+02,    0.97351E+08
    0.32810E+02,    0.62630E+02,    0.96882E+08
    0.33050E+02,    0.60620E+02,    0.96764E+08
    0.33570E+02,    0.58140E+02,    0.96582E+08
    0.36390E+02,    0.59160E+02,    0.96500E+08
    0.34660E+02,    0.61490E+02,    0.96741E+08
    0.27650E+02,    0.68280E+02,    0.96998E+08
    0.30740E+02,    0.68420E+02,    0.97042E+08
    0.25930E+02,    0.66670E+02,    0.97591E+08
    0.00000E+00,    0.60000E+02,    0.00000E+00
    0.50000E+00,    0.59990E+02,    0.00000E+00
    0.10000E+01,    0.59950E+02,    0.00000E+00
    0.14900E+01,    0.59890E+02,    0.00000E+00
    0.19800E+01,    0.59800E+02,    0.00000E+00
    0.24700E+01,    0.59690E+02,    0.00000E+00
    0.29500E+01,    0.59560E+02,    0.00000E+00
    0.34200E+01,    0.59400E+02,    0.00000E+00
    0.38800E+01,    0.59210E+02,    0.00000E+00
    0.43400E+01,    0.59010E+02,    0.00000E+00
    0.47800E+01,    0.58780E+02,    0.00000E+00
    0.52100E+01,    0.58530E+02,    0.00000E+00
    0.56300E+01,    0.58260E+02,    0.61742E+06
    0.60400E+01,    0.57970E+02,    0.26919E+07
    0.64300E+01,    0.57660E+02,    0.84144E+07
    0.68000E+01,    0.57330E+02,    0.17452E+08
    0.71600E+01,    0.56980E+02,    0.23872E+08
    0.75000E+01,    0.56620E+02,    0.28730E+08
    0.78200E+01,    0.56230E+02,    0.34801E+08
    0.81200E+01,    0.55840E+02,    0.39884E+08
    0.84000E+01,    0.55430E+02,    0.46352E+08
    0.86600E+01,    0.55000E+02,    0.54380E+08
    0.89000E+01,    0.54560E+02,    0.60022E+08
    0.91200E+01,    0.54110E+02,    0.64877E+08
    0.93100E+01,    0.53650E+02,    0.71500E+08
    0.94800E+01,    0.53180E+02,    0.77793E+08
    0.96300E+01,    0.52710E+02,    0.82460E+08
    0.97500E+01,    0.52230E+02,    0.86780E+08
    0.98500E+01,    0.51740E+02,    0.90641E+08
    0.99200E+01,    0.51240E+02,    0.94014E+08
    0.99700E+01,    0.50750E+02,    0.96905E+08
    0.10000E+02,    0.50250E+02,    0.99632E+08
    0.10000E+02,    0.49750E+02,    0.10237E+09
    0.99700E+01,    0.49250E+02,    0.10545E+09
    0.99200E+01,    0.48760E+02,    0.10915E+09
    0.98500E+01,    0.48260E+02,    0.11400E+09
    0.97500E+01,    0.47770E+02,    0.12020E+09
    0.96300E+01,    0.47290E+02,    0.12799E+09
    0.94800E+01,    0.46820E+02,    0.13761E+09
    0.93100E+01,    0.46350E+02,    0.15170E+09
    0.91200E+01,    0.45890E+02,    0.16769E+09
    0.89000E+01,    0.45440E+02,    0.18416E+09
    0.86600E+01,    0.45000E+02,    0.20469E+09
    0.84000E+01,    0.44570E+02,    0.23455E+09
    0.81200E+01,    0.44160E+02,    0.26574E+09
    0.78200E+01,    0.43770E+02,    0.30141E+09
    0.75000E+01,    0.43380E+02,    0.35076E+09
    0.71600E+01,    0.43020E+02,    0.41694E+09
    0.68000E+01,    0.42670E+02,    0.52646E+09
    0.64300E+01,    0.42340E+02,    0.70523E+09
    0.60400E+01,    0.42030E+02,    0.90156E+09
    0.56300E+01,    0.41740E+02,    0.11031E+10
    0.52100E+01,    0.41470E+02,    0.14511E+10
    0.47800E+01,    0.41220E+02,    0.20880E+10
    0.43400E+01,    0.40990E+02,    0.30317E+10
    0.38800E+01,    0.40790E+02,    0.42702E+10
    0.34200E+01,    0.40600E+02,    0.60541E+10
    0.29500E+01,    0.40440E+02,    0.82716E+10
    0.24700E+01,    0.40310E+02,    0.10203E+11
    0.19800E+01,    0.40200E+02,    0.11980E+11
    0.14900E+01,    0.40110E+02,    0.13375E+11
    0.10000E+01,    0.40050E+02,    0.14193E+11
    0.50000E+00,    0.40010E+02,    0.14194E+11
    0.00000E+00,    0.40000E+02,    0.14319E+11
    0.00000E+00,    0.59050E+02,    0.18151E+08
    0.00000E+00,    0.58100E+02,    0.43724E+08
    0.00000E+00,    0.57140E+02,    0.63627E+08
    0.00000E+00,    0.56190E+02,    0.78255E+08
    0.00000E+00,    0.55240E+02,    0.86725E+08
    0.00000E+00,    0.54290E+02,    0.91808E+08
    0.00000E+00,    0.53330E+02,    0.94300E+08
    0.00000E+00,    0.52380E+02,    0.95554E+08
    0.00000E+00,    0.51430E+02,    0.96061E+08
    0.00000E+00,    0.50480E+02,    0.96340E+08
    0.00000E+00,    0.49520E+02,    0.96676E+08
    0.00000E+00,    0.48570E+02,    0.97504E+08
    0.00000E+00,    0.47620E+02,    0.99836E+08
    0.00000E+00,    0.46670E+02,    0.10759E+09
    0.00000E+00,    0.45710E+02,    0.12717E+09
    0.00000E+00,    0.44760E+02,    0.18573E+09
    0.00000E+00,    0.43810E+02,    0.33284E+09
    0.00000E+00,    0.42860E+02,    0.86149E+09
    0.00000E+00,    0.41900E+02,    0.21522E+10
    0.00000E+00,    0.40950E+02,    0.54701E+10
    0.60000E+00,    0.59160E+02,    0.13737E+08
    0.84000E+00,    0.58290E+02,    0.38323E+08
    0.10900E+01,    0.57150E+02,    0.64409E+08
    0.80000E+00,    0.56140E+02,    0.78242E+08
    0.76000E+00,    0.55250E+02,    0.86499E+08
    0.79000E+00,    0.54380E+02,    0.91298E+08
    0.10100E+01,    0.53450E+02,    0.94222E+08
    0.92000E+00,    0.52400E+02,    0.95519E+08
    0.91000E+00,    0.51430E+02,    0.96056E+08
    0.90000E+00,    0.50480E+02,    0.96337E+08
    0.91000E+00,    0.49530E+02,    0.96666E+08
    0.91000E+00,    0.48580E+02,    0.97451E+08
    0.93000E+00,    0.47610E+02,    0.99754E+08
    0.10100E+01,    0.46550E+02,    0.10685E+09
    0.79000E+00,    0.45620E+02,    0.12968E+09
    0.76000E+00,    0.44750E+02,    0.18271E+09
    0.80000E+00,    0.43860E+02,    0.32435E+09
    0.10900E+01,    0.42850E+02,    0.68573E+09
    0.84000E+00,    0.41700E+02,    0.22987E+10
    0.60000E+00,    0.40840E+02,    0.61485E+10
    0.10500E+01,    0.40690E+02,    0.73156E+10
    0.14900E+01,    0.40690E+02,    0.72578E+10
    0.19500E+01,    0.40730E+02,    0.67925E+10
    0.24000E+01,    0.40820E+02,    0.59578E+10
    0.28300E+01,    0.40920E+02,    0.50387E+10
    0.32500E+01,    0.41130E+02,    0.36637E+10
    0.37200E+01,    0.41290E+02,    0.27583E+10
    0.41500E+01,    0.41460E+02,    0.20823E+10
    0.45500E+01,    0.41730E+02,    0.14470E+10
    0.50000E+01,    0.41960E+02,    0.10640E+10
    0.54300E+01,    0.42180E+02,    0.84305E+09
    0.58000E+01,    0.42410E+02,    0.69647E+09
    0.61400E+01,    0.42740E+02,    0.54550E+09
    0.65100E+01,    0.43060E+02,    0.43627E+09
    0.68700E+01,    0.43380E+02,    0.35949E+09
    0.71800E+01,    0.43760E+02,    0.29927E+09
    0.75300E+01,    0.44030E+02,    0.27327E+09
    0.77700E+01,    0.44350E+02,    0.24574E+09
    0.79800E+01,    0.44730E+02,    0.21883E+09
    0.81600E+01,    0.45150E+02,    0.19440E+09
    0.83400E+01,    0.45600E+02,    0.17322E+09
    0.85000E+01,    0.46110E+02,    0.15431E+09
    0.88300E+01,    0.46500E+02,    0.14500E+09
    0.90100E+01,    0.46920E+02,    0.13477E+09
    0.91400E+01,    0.47370E+02,    0.12568E+09
    0.92500E+01,    0.47840E+02,    0.11843E+09
    0.93400E+01,    0.48310E+02,    0.11278E+09
    0.94000E+01,    0.48790E+02,    0.10826E+09
    0.94500E+01,    0.49270E+02,    0.10470E+09
    0.94800E+01,    0.49750E+02,    0.10177E+09
    0.94800E+01,    0.50240E+02,    0.99109E+08
    0.94600E+01,    0.50720E+02,    0.96605E+08
    0.94100E+01,    0.51210E+02,    0.93924E+08
    0.93400E+01,    0.51690E+02,    0.91000E+08
    0.92500E+01,    0.52160E+02,    0.87737E+08
    0.91400E+01,    0.52630E+02,    0.83981E+08
    0.90100E+01,    0.53080E+02,    0.79720E+08
    0.88300E+01,    0.53500E+02,    0.75370E+08
    0.85000E+01,    0.53890E+02,    0.72311E+08
    0.83400E+01,    0.54400E+02,    0.65885E+08
    0.81600E+01,    0.54850E+02,    0.59647E+08
    0.79800E+01,    0.55270E+02,    0.53266E+08
    0.77700E+01,    0.55650E+02,    0.47436E+08
    0.75300E+01,    0.55970E+02,    0.42927E+08
    0.71800E+01,    0.56240E+02,    0.40552E+08
    0.68700E+01,    0.56620E+02,    0.34507E+08
    0.65100E+01,    0.56940E+02,    0.29489E+08
    0.61400E+01,    0.57260E+02,    0.23932E+08
    0.58000E+01,    0.57590E+02,    0.17774E+08
    0.54300E+01,    0.57820E+02,    0.15790E+08
    0.50000E+01,    0.58040E+02,    0.15343E+08
    0.45500E+01,    0.58270E+02,    0.14697E+08
    0.41500E+01,    0.58540E+02,    0.12029E+08
    0.37200E+01,    0.58710E+02,    0.11567E+08
    0.32500E+01,    0.58870E+02,    0.10756E+08
    0.28300E+01,    0.59080E+02,    0.74025E+07
    0.24000E+01,    0.59180E+02,    0.64645E+07
    0.19500E+01,    0.59260E+02,    0.60227E+07
    0.14900E+01,    0.59310E+02,    0.63831E+07
    0.10500E+01,    0.59310E+02,    0.81657E+07
    0.17800E+01,    0.49540E+02,    0.96711E+08
    0.26000E+01,    0.49550E+02,    0.96801E+08
    0.33900E+01,    0.49540E+02,    0.96954E+08
    0.41700E+01,    0.49550E+02,    0.97181E+08
    0.49300E+01,    0.49610E+02,    0.97435E+08
    0.57500E+01,    0.49690E+02,    0.97673E+08
    0.63400E+01,    0.49720E+02,    0.98260E+08
    0.68700E+01,    0.49720E+02,    0.98780E+08
    0.74000E+01,    0.49730E+02,    0.99317E+08
    0.79300E+01,    0.49740E+02,    0.99891E+08
    0.84500E+01,    0.49750E+02,    0.10048E+09
    0.89600E+01,    0.49750E+02,    0.10112E+09
    0.17800E+01,    0.50490E+02,    0.96334E+08
    0.26000E+01,    0.50490E+02,    0.96333E+08
    0.33900E+01,    0.50520E+02,    0.96321E+08
    0.41500E+01,    0.50530E+02,    0.96307E+08
    0.48700E+01,    0.50530E+02,    0.96303E+08
    0.55300E+01,    0.50560E+02,    0.96264E+08
    0.60600E+01,    0.50710E+02,    0.96023E+08
    0.65600E+01,    0.50730E+02,    0.95960E+08
    0.70000E+01,    0.50650E+02,    0.96148E+08
    0.74600E+01,    0.50660E+02,    0.96153E+08
    0.79500E+01,    0.50670E+02,    0.96193E+08
    0.84500E+01,    0.50680E+02,    0.96283E+08
    0.89500E+01,    0.50700E+02,    0.96395E+08
    0.17700E+01,    0.51420E+02,    0.96008E+08
    0.25800E+01,    0.51420E+02,    0.95916E+08
    0.33700E+01,    0.51450E+02,    0.95753E+08
    0.42000E+01,    0.51570E+02,    0.95442E+08
    0.49000E+01,    0.51350E+02,    0.95335E+08
    0.55300E+01,    0.51320E+02,    0.95088E+08
    0.61100E+01,    0.51340E+02,    0.94728E+08
    0.67600E+01,    0.51320E+02,    0.94418E+08
    0.73300E+01,    0.51510E+02,    0.93323E+08
    0.78500E+01,    0.51580E+02,    0.92573E+08
    0.83500E+01,    0.51620E+02,    0.91960E+08
    0.88500E+01,    0.51650E+02,    0.91453E+08
    0.17800E+01,    0.52330E+02,    0.95431E+08
    0.18200E+01,    0.53190E+02,    0.94247E+08
    0.19600E+01,    0.53880E+02,    0.92367E+08
    0.19600E+01,    0.54540E+02,    0.89584E+08
    0.19700E+01,    0.55230E+02,    0.85066E+08
    0.19500E+01,    0.55890E+02,    0.78752E+08
    0.19500E+01,    0.56510E+02,    0.70637E+08
    0.18400E+01,    0.57100E+02,    0.61180E+08
    0.19400E+01,    0.57660E+02,    0.49143E+08
    0.19200E+01,    0.58220E+02,    0.35647E+08
    0.19400E+01,    0.58740E+02,    0.21456E+08
    0.14400E+01,    0.58240E+02,    0.37150E+08
    0.14900E+01,    0.58780E+02,    0.22189E+08
    0.11300E+01,    0.58790E+02,    0.22951E+08
    0.14700E+01,    0.57690E+02,    0.50163E+08
    0.13800E+01,    0.55240E+02,    0.85896E+08
    0.14200E+01,    0.55960E+02,    0.79137E+08
    0.14600E+01,    0.56540E+02,    0.71376E+08
    0.14100E+01,    0.54530E+02,    0.90158E+08
    0.14500E+01,    0.53950E+02,    0.92340E+08
    0.86800E+01,    0.52570E+02,    0.85316E+08
    0.82200E+01,    0.52530E+02,    0.86605E+08
    0.77400E+01,    0.52510E+02,    0.87821E+08
    0.72500E+01,    0.52490E+02,    0.89028E+08
    0.67400E+01,    0.52480E+02,    0.90157E+08
    0.62200E+01,    0.52510E+02,    0.91041E+08
    0.56800E+01,    0.52680E+02,    0.91523E+08
    0.50600E+01,    0.52600E+02,    0.92667E+08
    0.45200E+01,    0.52560E+02,    0.93429E+08
    0.39700E+01,    0.52390E+02,    0.94327E+08
    0.32800E+01,    0.52320E+02,    0.94902E+08
    0.25500E+01,    0.52300E+02,    0.95239E+08
    0.72700E+01,    0.52010E+02,    0.91365E+08
    0.82800E+01,    0.52080E+02,    0.89468E+08
    0.87700E+01,    0.52110E+02,    0.88617E+08
    0.77900E+01,    0.52050E+02,    0.90376E+08
    0.67300E+01,    0.51950E+02,    0.92389E+08
    0.61600E+01,    0.51960E+02,    0.93094E+08
    0.55900E+01,    0.51980E+02,    0.93696E+08
    0.50400E+01,    0.52000E+02,    0.94167E+08
    0.45800E+01,    0.52030E+02,    0.94427E+08
    0.23700E+01,    0.58720E+02,    0.19940E+08
    0.24500E+01,    0.58220E+02,    0.32999E+08
    0.24700E+01,    0.57660E+02,    0.46516E+08
    0.24800E+01,    0.57070E+02,    0.58893E+08
    0.25000E+01,    0.56480E+02,    0.69057E+08
    0.25300E+01,    0.55860E+02,    0.77457E+08
    0.25400E+01,    0.55220E+02,    0.83964E+08
    0.25600E+01,    0.54540E+02,    0.88752E+08
    0.25600E+01,    0.53850E+02,    0.91933E+08
    0.25500E+01,    0.53120E+02,    0.93984E+08
    0.76800E+01,    0.54750E+02,    0.64518E+08
    0.71900E+01,    0.54700E+02,    0.68435E+08
    0.67200E+01,    0.54670E+02,    0.71735E+08
    0.62300E+01,    0.54620E+02,    0.75204E+08
    0.56900E+01,    0.54460E+02,    0.80009E+08
    0.50600E+01,    0.54520E+02,    0.81973E+08
    0.44400E+01,    0.54570E+02,    0.83903E+08
    0.38100E+01,    0.54560E+02,    0.85915E+08
    0.31700E+01,    0.54540E+02,    0.87604E+08
    0.55400E+01,    0.53860E+02,    0.85471E+08
    0.55400E+01,    0.53270E+02,    0.89047E+08
    0.72500E+01,    0.54270E+02,    0.73827E+08
    0.72700E+01,    0.53830E+02,    0.78683E+08
    0.72500E+01,    0.53390E+02,    0.82876E+08
    0.72400E+01,    0.52950E+02,    0.86237E+08
    0.77200E+01,    0.52950E+02,    0.84819E+08
    0.77400E+01,    0.53380E+02,    0.81154E+08
    0.78900E+01,    0.53800E+02,    0.76307E+08
    0.77800E+01,    0.54310E+02,    0.70409E+08
    0.84700E+01,    0.53370E+02,    0.78412E+08
    0.81300E+01,    0.53330E+02,    0.80101E+08
    0.81600E+01,    0.52960E+02,    0.83396E+08
    0.85900E+01,    0.53000E+02,    0.81721E+08
    0.81200E+01,    0.53590E+02,    0.77453E+08
    0.83800E+01,    0.53620E+02,    0.76005E+08
    0.67600E+01,    0.52940E+02,    0.87644E+08
    0.67600E+01,    0.53390E+02,    0.84605E+08
    0.67700E+01,    0.53820E+02,    0.80967E+08
    0.67400E+01,    0.54260E+02,    0.76626E+08
    0.63000E+01,    0.54220E+02,    0.79212E+08
    0.63100E+01,    0.53820E+02,    0.82841E+08
    0.63200E+01,    0.53370E+02,    0.86195E+08
    0.63100E+01,    0.52960E+02,    0.88711E+08
    0.59300E+01,    0.53370E+02,    0.87385E+08
    0.59300E+01,    0.53800E+02,    0.84438E+08
    0.59600E+01,    0.54170E+02,    0.81145E+08
    0.59700E+01,    0.52980E+02,    0.89389E+08
    0.38200E+01,    0.53860E+02,    0.90035E+08
    0.38700E+01,    0.53150E+02,    0.92658E+08
    0.50200E+01,    0.53250E+02,    0.90375E+08
    0.44600E+01,    0.53200E+02,    0.91615E+08
    0.50100E+01,    0.53870E+02,    0.87111E+08
    0.44400E+01,    0.53880E+02,    0.88588E+08
    0.32200E+01,    0.53100E+02,    0.93500E+08
    0.32000E+01,    0.53840E+02,    0.91168E+08
    0.36000E+01,    0.58210E+02,    0.25372E+08
    0.36400E+01,    0.57670E+02,    0.38431E+08
    0.36600E+01,    0.57070E+02,    0.51746E+08
    0.36700E+01,    0.56470E+02,    0.63254E+08
    0.37200E+01,    0.55870E+02,    0.72504E+08
    0.37800E+01,    0.55240E+02,    0.79995E+08
    0.52800E+01,    0.57400E+02,    0.29031E+08
    0.52700E+01,    0.56930E+02,    0.40986E+08
    0.52100E+01,    0.56450E+02,    0.52312E+08
    0.51700E+01,    0.56030E+02,    0.60860E+08
    0.52200E+01,    0.55620E+02,    0.67526E+08
    0.51000E+01,    0.55140E+02,    0.75047E+08
    0.62400E+01,    0.56570E+02,    0.40889E+08
    0.60300E+01,    0.56140E+02,    0.52165E+08
    0.57500E+01,    0.55690E+02,    0.63090E+08
    0.57000E+01,    0.55100E+02,    0.72263E+08
    0.62300E+01,    0.55100E+02,    0.68863E+08
    0.63000E+01,    0.55560E+02,    0.61002E+08
    0.64400E+01,    0.55970E+02,    0.52243E+08
    0.66100E+01,    0.56320E+02,    0.43457E+08
    0.71500E+01,    0.55110E+02,    0.62364E+08
    0.71200E+01,    0.55490E+02,    0.55960E+08
    0.71200E+01,    0.55840E+02,    0.49243E+08
    0.67400E+01,    0.55500E+02,    0.58721E+08
    0.67100E+01,    0.55100E+02,    0.65609E+08
    0.68000E+01,    0.55860E+02,    0.51475E+08
    0.68700E+01,    0.56140E+02,    0.45104E+08
    0.75700E+01,    0.55160E+02,    0.58434E+08
    0.74600E+01,    0.55520E+02,    0.52642E+08
    0.73700E+01,    0.55780E+02,    0.48238E+08
    0.56400E+01,    0.56370E+02,    0.50483E+08
    0.55300E+01,    0.56020E+02,    0.58275E+08
    0.57800E+01,    0.56880E+02,    0.37653E+08
    0.56300E+01,    0.57280E+02,    0.28389E+08
    0.47400E+01,    0.56490E+02,    0.55279E+08
    0.42400E+01,    0.56490E+02,    0.59087E+08
    0.42900E+01,    0.55920E+02,    0.68610E+08
    0.44900E+01,    0.55310E+02,    0.76468E+08
    0.47600E+01,    0.56020E+02,    0.63897E+08
    0.48000E+01,    0.55650E+02,    0.69520E+08
    0.48300E+01,    0.57540E+02,    0.30327E+08
    0.42500E+01,    0.57740E+02,    0.31583E+08
    0.47600E+01,    0.57010E+02,    0.43908E+08
    0.42300E+01,    0.57070E+02,    0.47283E+08
    0.40100E+01,    0.58160E+02,    0.22895E+08
    0.30700E+01,    0.57070E+02,    0.55661E+08
    0.31200E+01,    0.55860E+02,    0.75320E+08
    0.31000E+01,    0.56470E+02,    0.66452E+08
    0.31500E+01,    0.55220E+02,    0.82330E+08
    0.30200E+01,    0.58340E+02,    0.26688E+08
    0.30500E+01,    0.57680E+02,    0.42585E+08
    0.27400E+01,    0.58700E+02,    0.18384E+08
    0.89100E+01,    0.51180E+02,    0.94010E+08
    0.84100E+01,    0.51150E+02,    0.94204E+08
    0.74500E+01,    0.51080E+02,    0.94760E+08
    0.70600E+01,    0.51030E+02,    0.95042E+08
    0.79200E+01,    0.51130E+02,    0.94419E+08
    0.89700E+01,    0.50220E+02,    0.98722E+08
    0.84600E+01,    0.50210E+02,    0.98336E+08
    0.79500E+01,    0.50200E+02,    0.97995E+08
    0.74400E+01,    0.50190E+02,    0.97697E+08
    0.69400E+01,    0.50200E+02,    0.97390E+08
    0.64600E+01,    0.50200E+02,    0.97162E+08
    0.60700E+01,    0.50200E+02,    0.97018E+08
    0.88300E+01,    0.48350E+02,    0.11127E+09
    0.83300E+01,    0.48370E+02,    0.10973E+09
    0.78100E+01,    0.48380E+02,    0.10808E+09
    0.72900E+01,    0.48390E+02,    0.10638E+09
    0.67600E+01,    0.48430E+02,    0.10453E+09
    0.62300E+01,    0.48510E+02,    0.10263E+09
    0.57100E+01,    0.48780E+02,    0.10015E+09
    0.49700E+01,    0.48730E+02,    0.99357E+08
    0.42200E+01,    0.48490E+02,    0.98905E+08
    0.33800E+01,    0.48590E+02,    0.98200E+08
    0.25900E+01,    0.48600E+02,    0.97800E+08
    0.17800E+01,    0.48600E+02,    0.97558E+08
    0.19400E+01,    0.41260E+02,    0.38685E+10
    0.19200E+01,    0.41780E+02,    0.22532E+10
    0.19400E+01,    0.42340E+02,    0.12736E+10
    0.18400E+01,    0.42900E+02,    0.73853E+09
    0.19500E+01,    0.43490E+02,    0.43001E+09
    0.19500E+01,    0.44110E+02,    0.26931E+09
    0.19700E+01,    0.44770E+02,    0.18150E+09
    0.19600E+01,    0.45460E+02,    0.13711E+09
    0.19600E+01,    0.46120E+02,    0.11637E+09
    0.18200E+01,    0.46810E+02,    0.10555E+09
    0.17800E+01,    0.47680E+02,    0.99787E+08
    0.14400E+01,    0.41760E+02,    0.23679E+10
    0.14700E+01,    0.42310E+02,    0.13964E+10
    0.14900E+01,    0.41220E+02,    0.41507E+10
    0.11300E+01,    0.41210E+02,    0.44049E+10
    0.13800E+01,    0.44760E+02,    0.18328E+09
    0.14100E+01,    0.45470E+02,    0.13693E+09
    0.14500E+01,    0.46050E+02,    0.11906E+09
    0.14200E+01,    0.44040E+02,    0.28585E+09
    0.14600E+01,    0.43450E+02,    0.46601E+09
    0.25600E+01,    0.47720E+02,    0.10013E+09
    0.32900E+01,    0.47700E+02,    0.10088E+09
    0.39800E+01,    0.47630E+02,    0.10231E+09
    0.45300E+01,    0.47450E+02,    0.10479E+09
    0.50700E+01,    0.47410E+02,    0.10662E+09
    0.57000E+01,    0.47330E+02,    0.10938E+09
    0.62300E+01,    0.47470E+02,    0.11077E+09
    0.67400E+01,    0.47490E+02,    0.11297E+09
    0.72400E+01,    0.47490E+02,    0.11546E+09
    0.77400E+01,    0.47480E+02,    0.11812E+09
    0.82200E+01,    0.47470E+02,    0.12061E+09
    0.86800E+01,    0.47430E+02,    0.12324E+09
    0.72600E+01,    0.47940E+02,    0.11029E+09
    0.82700E+01,    0.47910E+02,    0.11459E+09
    0.77700E+01,    0.47930E+02,    0.11242E+09
    0.87600E+01,    0.47880E+02,    0.11662E+09
    0.67300E+01,    0.47960E+02,    0.10803E+09
    0.62100E+01,    0.47990E+02,    0.10588E+09
    0.56600E+01,    0.48030E+02,    0.10379E+09
    0.50800E+01,    0.48030E+02,    0.10239E+09
    0.46000E+01,    0.48000E+02,    0.10181E+09
    0.25500E+01,    0.46890E+02,    0.10543E+09
    0.25600E+01,    0.46150E+02,    0.11622E+09
    0.25600E+01,    0.45460E+02,    0.13734E+09
    0.25400E+01,    0.44780E+02,    0.17970E+09
    0.25300E+01,    0.44140E+02,    0.25922E+09
    0.25000E+01,    0.43520E+02,    0.41006E+09
    0.24800E+01,    0.42930E+02,    0.68491E+09
    0.24700E+01,    0.42340E+02,    0.12029E+10
    0.24500E+01,    0.41780E+02,    0.21443E+10
    0.23700E+01,    0.41280E+02,    0.36474E+10
    0.31700E+01,    0.45460E+02,    0.13823E+09
    0.38100E+01,    0.45440E+02,    0.14061E+09
    0.44400E+01,    0.45430E+02,    0.14369E+09
    0.50600E+01,    0.45480E+02,    0.14595E+09
    0.56900E+01,    0.45540E+02,    0.14784E+09
    0.62300E+01,    0.45380E+02,    0.16179E+09
    0.67200E+01,    0.45330E+02,    0.16971E+09
    0.71900E+01,    0.45300E+02,    0.17648E+09
    0.76800E+01,    0.45250E+02,    0.18435E+09
    0.55400E+01,    0.46140E+02,    0.12886E+09
    0.55400E+01,    0.46730E+02,    0.11701E+09
    0.38200E+01,    0.46140E+02,    0.11942E+09
    0.38800E+01,    0.46860E+02,    0.10827E+09
    0.32300E+01,    0.46900E+02,    0.10637E+09
    0.32000E+01,    0.46160E+02,    0.11721E+09
    0.50300E+01,    0.46760E+02,    0.11379E+09
    0.44700E+01,    0.46810E+02,    0.11081E+09
    0.44400E+01,    0.46120E+02,    0.12243E+09
    0.50100E+01,    0.46130E+02,    0.12537E+09
    0.72400E+01,    0.47050E+02,    0.12221E+09
    0.72500E+01,    0.46610E+02,    0.13113E+09
    0.72700E+01,    0.46170E+02,    0.14300E+09
    0.72500E+01,    0.45730E+02,    0.15798E+09
    0.77200E+01,    0.47050E+02,    0.12518E+09
    0.77400E+01,    0.46620E+02,    0.13445E+09
    0.78900E+01,    0.46200E+02,    0.14684E+09
    0.77800E+01,    0.45690E+02,    0.16464E+09
    0.81300E+01,    0.46670E+02,    0.13610E+09
    0.84700E+01,    0.46630E+02,    0.13925E+09
    0.81600E+01,    0.47040E+02,    0.12803E+09
    0.85900E+01,    0.47000E+02,    0.13120E+09
    0.83800E+01,    0.46380E+02,    0.14549E+09
    0.81200E+01,    0.46410E+02,    0.14282E+09
    0.67400E+01,    0.45740E+02,    0.15235E+09
    0.67700E+01,    0.46180E+02,    0.13828E+09
    0.67600E+01,    0.46610E+02,    0.12754E+09
    0.67600E+01,    0.47050E+02,    0.11927E+09
    0.63000E+01,    0.45780E+02,    0.14645E+09
    0.63100E+01,    0.46180E+02,    0.13432E+09
    0.63200E+01,    0.46630E+02,    0.12397E+09
    0.63200E+01,    0.47040E+02,    0.11682E+09
    0.59300E+01,    0.46630E+02,    0.12134E+09
    0.59300E+01,    0.46200E+02,    0.13072E+09
    0.59600E+01,    0.45830E+02,    0.14196E+09
    0.59700E+01,    0.47020E+02,    0.11534E+09
    0.37800E+01,    0.44760E+02,    0.18086E+09
    0.37200E+01,    0.44130E+02,    0.25162E+09
    0.36700E+01,    0.43530E+02,    0.37622E+09
    0.36600E+01,    0.42930E+02,    0.60185E+09
    0.36400E+01,    0.42330E+02,    0.10324E+10
    0.36000E+01,    0.41790E+02,    0.17421E+10
    0.51000E+01,    0.44860E+02,    0.17958E+09
    0.52200E+01,    0.44380E+02,    0.22172E+09
    0.51700E+01,    0.43970E+02,    0.27233E+09
    0.52100E+01,    0.43550E+02,    0.34487E+09
    0.52700E+01,    0.43070E+02,    0.46529E+09
    0.52800E+01,    0.42600E+02,    0.64053E+09
    0.57000E+01,    0.44900E+02,    0.18143E+09
    0.57500E+01,    0.44310E+02,    0.22824E+09
    0.60300E+01,    0.43860E+02,    0.28788E+09
    0.62400E+01,    0.43430E+02,    0.35932E+09
    0.62300E+01,    0.44900E+02,    0.18792E+09
    0.63000E+01,    0.44440E+02,    0.22396E+09
    0.64400E+01,    0.44030E+02,    0.26783E+09
    0.66100E+01,    0.43680E+02,    0.31524E+09
    0.71500E+01,    0.44890E+02,    0.19942E+09
    0.71200E+01,    0.44510E+02,    0.22641E+09
    0.71200E+01,    0.44160E+02,    0.25745E+09
    0.75700E+01,    0.44840E+02,    0.20731E+09
    0.74600E+01,    0.44480E+02,    0.23241E+09
    0.73700E+01,    0.44220E+02,    0.25447E+09
    0.67400E+01,    0.44500E+02,    0.22343E+09
    0.68000E+01,    0.44140E+02,    0.25780E+09
    0.68700E+01,    0.43860E+02,    0.29122E+09
    0.67100E+01,    0.44900E+02,    0.19374E+09
    0.56400E+01,    0.43630E+02,    0.32585E+09
    0.57800E+01,    0.43120E+02,    0.42918E+09
    0.56300E+01,    0.42720E+02,    0.57894E+09
    0.55300E+01,    0.43980E+02,    0.27289E+09
    0.42400E+01,    0.43510E+02,    0.36800E+09
    0.47400E+01,    0.43510E+02,    0.36002E+09
    0.44900E+01,    0.44690E+02,    0.18451E+09
    0.42900E+01,    0.44080E+02,    0.25633E+09
    0.47600E+01,    0.43980E+02,    0.27218E+09
    0.48000E+01,    0.44350E+02,    0.22569E+09
    0.42500E+01,    0.42260E+02,    0.94090E+09
    0.48300E+01,    0.42460E+02,    0.74911E+09
    0.47600E+01,    0.42990E+02,    0.51031E+09
    0.42300E+01,    0.42930E+02,    0.56076E+09
    0.40100E+01,    0.41840E+02,    0.15515E+10
    0.30700E+01,    0.42930E+02,    0.64639E+09
    0.31200E+01,    0.44140E+02,    0.25458E+09
    0.31500E+01,    0.44780E+02,    0.17907E+09
    0.31000E+01,    0.43530E+02,    0.39173E+09
    0.30200E+01,    0.41660E+02,    0.21148E+10
    0.30500E+01,    0.42330E+02,    0.11184E+10
    0.27400E+01,    0.41300E+02,    0.34860E+10
    0.73600E+01,    0.49280E+02,    0.10117E+09
    0.73200E+01,    0.48840E+02,    0.10341E+09
    0.83800E+01,    0.48820E+02,    0.10601E+09
    0.84200E+01,    0.49280E+02,    0.10300E+09
    0.78500E+01,    0.48830E+02,    0.10471E+09
    0.78900E+01,    0.49280E+02,    0.10208E+09
    0.88900E+01,    0.48810E+02,    0.10718E+09
    0.89400E+01,    0.49280E+02,    0.10387E+09
    0.63600E+01,    0.49290E+02,    0.99583E+08
    0.63400E+01,    0.48900E+02,    0.10104E+09
    0.68000E+01,    0.48850E+02,    0.10220E+09
    0.68400E+01,    0.49280E+02,    0.10033E+09
    0.59900E+01,    0.48980E+02,    0.10014E+09
    0.60200E+01,    0.49310E+02,    0.99083E+08
