 X,    Y,   CH  
    0.00000E+00,    0.00000E+00,    0.74104E+91
    0.20000E+01,    0.00000E+00,    0.70601E+91
    0.40000E+01,    0.00000E+00,    0.69090E+91
    0.60000E+01,    0.00000E+00,    0.69756E+91
    0.80000E+01,    0.00000E+00,    0.72157E+91
    0.10000E+02,    0.00000E+00,    0.76237E+91
    0.12000E+02,    0.00000E+00,    0.82181E+91
    0.14000E+02,    0.00000E+00,    0.90400E+91
    0.16000E+02,    0.00000E+00,    0.10159E+92
    0.18000E+02,    0.00000E+00,    0.11686E+92
    0.20000E+02,    0.00000E+00,    0.13792E+92
    0.22000E+02,    0.00000E+00,    0.16736E+92
    0.24000E+02,    0.00000E+00,    0.20916E+92
    0.26000E+02,    0.00000E+00,    0.26929E+92
    0.28000E+02,    0.00000E+00,    0.35674E+92
    0.30000E+02,    0.00000E+00,    0.48498E+92
    0.32000E+02,    0.00000E+00,    0.67413E+92
    0.34000E+02,    0.00000E+00,    0.95425E+92
    0.36000E+02,    0.00000E+00,    0.13701E+93
    0.38000E+02,    0.00000E+00,    0.19882E+93
    0.40000E+02,    0.00000E+00,    0.29075E+93
    0.42000E+02,    0.00000E+00,    0.42741E+93
    0.44000E+02,    0.00000E+00,    0.62989E+93
    0.46000E+02,    0.00000E+00,    0.92541E+93
    0.48000E+02,    0.00000E+00,    0.13255E+94
    0.50000E+02,    0.00000E+00,    0.15459E+94
    0.00000E+00,    0.20000E+01,    0.15159E+92
    0.20000E+01,    0.20000E+01,    0.13286E+92
    0.40000E+01,    0.20000E+01,    0.12949E+92
    0.60000E+01,    0.20000E+01,    0.13063E+92
    0.80000E+01,    0.20000E+01,    0.13502E+92
    0.10000E+02,    0.20000E+01,    0.14250E+92
    0.12000E+02,    0.20000E+01,    0.15336E+92
    0.14000E+02,    0.20000E+01,    0.16832E+92
    0.16000E+02,    0.20000E+01,    0.18860E+92
    0.18000E+02,    0.20000E+01,    0.21612E+92
    0.20000E+02,    0.20000E+01,    0.25388E+92
    0.22000E+02,    0.20000E+01,    0.30648E+92
    0.24000E+02,    0.20000E+01,    0.38089E+92
    0.26000E+02,    0.20000E+01,    0.48767E+92
    0.28000E+02,    0.20000E+01,    0.64272E+92
    0.30000E+02,    0.20000E+01,    0.86988E+92
    0.32000E+02,    0.20000E+01,    0.12048E+93
    0.34000E+02,    0.20000E+01,    0.17008E+93
    0.36000E+02,    0.20000E+01,    0.24372E+93
    0.38000E+02,    0.20000E+01,    0.35321E+93
    0.40000E+02,    0.20000E+01,    0.51614E+93
    0.42000E+02,    0.20000E+01,    0.75863E+93
    0.44000E+02,    0.20000E+01,    0.11193E+94
    0.46000E+02,    0.20000E+01,    0.16544E+94
    0.48000E+02,    0.20000E+01,    0.24407E+94
    0.50000E+02,    0.20000E+01,    0.36407E+94
    0.00000E+00,    0.40000E+01,    0.47138E+92
    0.20000E+01,    0.40000E+01,    0.41418E+92
    0.40000E+01,    0.40000E+01,    0.40337E+92
    0.60000E+01,    0.40000E+01,    0.40674E+92
    0.80000E+01,    0.40000E+01,    0.42013E+92
    0.10000E+02,    0.40000E+01,    0.44292E+92
    0.12000E+02,    0.40000E+01,    0.47593E+92
    0.14000E+02,    0.40000E+01,    0.52119E+92
    0.16000E+02,    0.40000E+01,    0.58220E+92
    0.18000E+02,    0.40000E+01,    0.66456E+92
    0.20000E+02,    0.40000E+01,    0.77695E+92
    0.22000E+02,    0.40000E+01,    0.93274E+92
    0.24000E+02,    0.40000E+01,    0.11523E+93
    0.26000E+02,    0.40000E+01,    0.14664E+93
    0.28000E+02,    0.40000E+01,    0.19217E+93
    0.30000E+02,    0.40000E+01,    0.25879E+93
    0.32000E+02,    0.40000E+01,    0.35698E+93
    0.34000E+02,    0.40000E+01,    0.50235E+93
    0.36000E+02,    0.40000E+01,    0.71822E+93
    0.38000E+02,    0.40000E+01,    0.10393E+94
    0.40000E+02,    0.40000E+01,    0.15173E+94
    0.42000E+02,    0.40000E+01,    0.22290E+94
    0.44000E+02,    0.40000E+01,    0.32890E+94
    0.46000E+02,    0.40000E+01,    0.48676E+94
    0.48000E+02,    0.40000E+01,    0.72207E+94
    0.50000E+02,    0.40000E+01,    0.10725E+95
    0.00000E+00,    0.60000E+01,    0.15142E+93
    0.20000E+01,    0.60000E+01,    0.13302E+93
    0.40000E+01,    0.60000E+01,    0.12952E+93
    0.60000E+01,    0.60000E+01,    0.13056E+93
    0.80000E+01,    0.60000E+01,    0.13477E+93
    0.10000E+02,    0.60000E+01,    0.14195E+93
    0.12000E+02,    0.60000E+01,    0.15231E+93
    0.14000E+02,    0.60000E+01,    0.16646E+93
    0.16000E+02,    0.60000E+01,    0.18543E+93
    0.18000E+02,    0.60000E+01,    0.21089E+93
    0.20000E+02,    0.60000E+01,    0.24545E+93
    0.22000E+02,    0.60000E+01,    0.29312E+93
    0.24000E+02,    0.60000E+01,    0.36001E+93
    0.26000E+02,    0.60000E+01,    0.45542E+93
    0.28000E+02,    0.60000E+01,    0.59341E+93
    0.30000E+02,    0.60000E+01,    0.79511E+93
    0.32000E+02,    0.60000E+01,    0.10922E+94
    0.34000E+02,    0.60000E+01,    0.15320E+94
    0.36000E+02,    0.60000E+01,    0.21851E+94
    0.38000E+02,    0.60000E+01,    0.31567E+94
    0.40000E+02,    0.60000E+01,    0.46037E+94
    0.42000E+02,    0.60000E+01,    0.67591E+94
    0.44000E+02,    0.60000E+01,    0.99705E+94
    0.46000E+02,    0.60000E+01,    0.14756E+95
    0.48000E+02,    0.60000E+01,    0.21887E+95
    0.50000E+02,    0.60000E+01,    0.32516E+95
    0.00000E+00,    0.80000E+01,    0.48701E+93
    0.20000E+01,    0.80000E+01,    0.42781E+93
    0.40000E+01,    0.80000E+01,    0.41650E+93
    0.60000E+01,    0.80000E+01,    0.41969E+93
    0.80000E+01,    0.80000E+01,    0.43302E+93
    0.10000E+02,    0.80000E+01,    0.45569E+93
    0.12000E+02,    0.80000E+01,    0.48834E+93
    0.14000E+02,    0.80000E+01,    0.53271E+93
    0.16000E+02,    0.80000E+01,    0.59189E+93
    0.18000E+02,    0.80000E+01,    0.67087E+93
    0.20000E+02,    0.80000E+01,    0.77745E+93
    0.22000E+02,    0.80000E+01,    0.92367E+93
    0.24000E+02,    0.80000E+01,    0.11280E+94
    0.26000E+02,    0.80000E+01,    0.14184E+94
    0.28000E+02,    0.80000E+01,    0.18374E+94
    0.30000E+02,    0.80000E+01,    0.24490E+94
    0.32000E+02,    0.80000E+01,    0.33493E+94
    0.34000E+02,    0.80000E+01,    0.46817E+94
    0.36000E+02,    0.80000E+01,    0.66607E+94
    0.38000E+02,    0.80000E+01,    0.96057E+94
    0.40000E+02,    0.80000E+01,    0.13993E+95
    0.42000E+02,    0.80000E+01,    0.20530E+95
    0.44000E+02,    0.80000E+01,    0.30272E+95
    0.46000E+02,    0.80000E+01,    0.44792E+95
    0.48000E+02,    0.80000E+01,    0.66434E+95
    0.50000E+02,    0.80000E+01,    0.98697E+95
    0.00000E+00,    0.10000E+02,    0.15666E+94
    0.20000E+01,    0.10000E+02,    0.13761E+94
    0.40000E+01,    0.10000E+02,    0.13395E+94
    0.60000E+01,    0.10000E+02,    0.13494E+94
    0.80000E+01,    0.10000E+02,    0.13916E+94
    0.10000E+02,    0.10000E+02,    0.14634E+94
    0.12000E+02,    0.10000E+02,    0.15664E+94
    0.14000E+02,    0.10000E+02,    0.17058E+94
    0.16000E+02,    0.10000E+02,    0.18908E+94
    0.18000E+02,    0.10000E+02,    0.21362E+94
    0.20000E+02,    0.10000E+02,    0.24654E+94
    0.22000E+02,    0.10000E+02,    0.29145E+94
    0.24000E+02,    0.10000E+02,    0.35390E+94
    0.26000E+02,    0.10000E+02,    0.44235E+94
    0.28000E+02,    0.10000E+02,    0.56964E+94
    0.30000E+02,    0.10000E+02,    0.75514E+94
    0.32000E+02,    0.10000E+02,    0.10279E+95
    0.34000E+02,    0.10000E+02,    0.14316E+95
    0.36000E+02,    0.10000E+02,    0.20312E+95
    0.38000E+02,    0.10000E+02,    0.29238E+95
    0.40000E+02,    0.10000E+02,    0.42538E+95
    0.42000E+02,    0.10000E+02,    0.62364E+95
    0.44000E+02,    0.10000E+02,    0.91920E+95
    0.46000E+02,    0.10000E+02,    0.13598E+96
    0.48000E+02,    0.10000E+02,    0.20166E+96
    0.50000E+02,    0.10000E+02,    0.29959E+96
    0.00000E+00,    0.12000E+02,    0.50398E+94
    0.20000E+01,    0.12000E+02,    0.44267E+94
    0.40000E+01,    0.12000E+02,    0.43086E+94
    0.60000E+01,    0.12000E+02,    0.43394E+94
    0.80000E+01,    0.12000E+02,    0.44733E+94
    0.10000E+02,    0.12000E+02,    0.47008E+94
    0.12000E+02,    0.12000E+02,    0.50265E+94
    0.14000E+02,    0.12000E+02,    0.54654E+94
    0.16000E+02,    0.12000E+02,    0.60446E+94
    0.18000E+02,    0.12000E+02,    0.68085E+94
    0.20000E+02,    0.12000E+02,    0.78269E+94
    0.22000E+02,    0.12000E+02,    0.92081E+94
    0.24000E+02,    0.12000E+02,    0.11119E+95
    0.26000E+02,    0.12000E+02,    0.13814E+95
    0.28000E+02,    0.12000E+02,    0.17682E+95
    0.30000E+02,    0.12000E+02,    0.23308E+95
    0.32000E+02,    0.12000E+02,    0.31575E+95
    0.34000E+02,    0.12000E+02,    0.43803E+95
    0.36000E+02,    0.12000E+02,    0.61969E+95
    0.38000E+02,    0.12000E+02,    0.89017E+95
    0.40000E+02,    0.12000E+02,    0.12934E+96
    0.42000E+02,    0.12000E+02,    0.18946E+96
    0.44000E+02,    0.12000E+02,    0.27912E+96
    0.46000E+02,    0.12000E+02,    0.41281E+96
    0.48000E+02,    0.12000E+02,    0.61215E+96
    0.50000E+02,    0.12000E+02,    0.90939E+96
    0.00000E+00,    0.14000E+02,    0.16214E+95
    0.20000E+01,    0.14000E+02,    0.14241E+95
    0.40000E+01,    0.14000E+02,    0.13859E+95
    0.60000E+01,    0.14000E+02,    0.13956E+95
    0.80000E+01,    0.14000E+02,    0.14381E+95
    0.10000E+02,    0.14000E+02,    0.15104E+95
    0.12000E+02,    0.14000E+02,    0.16135E+95
    0.14000E+02,    0.14000E+02,    0.17519E+95
    0.16000E+02,    0.14000E+02,    0.19336E+95
    0.18000E+02,    0.14000E+02,    0.21718E+95
    0.20000E+02,    0.14000E+02,    0.24874E+95
    0.22000E+02,    0.14000E+02,    0.29127E+95
    0.24000E+02,    0.14000E+02,    0.34980E+95
    0.26000E+02,    0.14000E+02,    0.43199E+95
    0.28000E+02,    0.14000E+02,    0.54956E+95
    0.30000E+02,    0.14000E+02,    0.72023E+95
    0.32000E+02,    0.14000E+02,    0.97072E+95
    0.34000E+02,    0.14000E+02,    0.13411E+96
    0.36000E+02,    0.14000E+02,    0.18913E+96
    0.38000E+02,    0.14000E+02,    0.27108E+96
    0.40000E+02,    0.14000E+02,    0.39329E+96
    0.42000E+02,    0.14000E+02,    0.57560E+96
    0.44000E+02,    0.14000E+02,    0.84756E+96
    0.46000E+02,    0.14000E+02,    0.12532E+97
    0.48000E+02,    0.14000E+02,    0.18582E+97
    0.50000E+02,    0.14000E+02,    0.27604E+97
    0.00000E+00,    0.16000E+02,    0.52163E+95
    0.20000E+01,    0.16000E+02,    0.45815E+95
    0.40000E+01,    0.16000E+02,    0.44584E+95
    0.60000E+01,    0.16000E+02,    0.44887E+95
    0.80000E+01,    0.16000E+02,    0.46241E+95
    0.10000E+02,    0.16000E+02,    0.48540E+95
    0.12000E+02,    0.16000E+02,    0.51812E+95
    0.14000E+02,    0.16000E+02,    0.56184E+95
    0.16000E+02,    0.16000E+02,    0.61895E+95
    0.18000E+02,    0.16000E+02,    0.69337E+95
    0.20000E+02,    0.16000E+02,    0.79131E+95
    0.22000E+02,    0.16000E+02,    0.92249E+95
    0.24000E+02,    0.16000E+02,    0.11019E+96
    0.26000E+02,    0.16000E+02,    0.13528E+96
    0.28000E+02,    0.16000E+02,    0.17103E+96
    0.30000E+02,    0.16000E+02,    0.22281E+96
    0.32000E+02,    0.16000E+02,    0.29871E+96
    0.34000E+02,    0.16000E+02,    0.41088E+96
    0.36000E+02,    0.16000E+02,    0.57751E+96
    0.38000E+02,    0.16000E+02,    0.82578E+96
    0.40000E+02,    0.16000E+02,    0.11961E+97
    0.42000E+02,    0.16000E+02,    0.17489E+97
    0.44000E+02,    0.16000E+02,    0.25738E+97
    0.46000E+02,    0.16000E+02,    0.38045E+97
    0.48000E+02,    0.16000E+02,    0.56403E+97
    0.50000E+02,    0.16000E+02,    0.83787E+97
    0.00000E+00,    0.18000E+02,    0.16783E+96
    0.20000E+01,    0.18000E+02,    0.14740E+96
    0.40000E+01,    0.18000E+02,    0.14343E+96
    0.60000E+01,    0.18000E+02,    0.14439E+96
    0.80000E+01,    0.18000E+02,    0.14870E+96
    0.10000E+02,    0.18000E+02,    0.15603E+96
    0.12000E+02,    0.18000E+02,    0.16642E+96
    0.14000E+02,    0.18000E+02,    0.18026E+96
    0.16000E+02,    0.18000E+02,    0.19824E+96
    0.18000E+02,    0.18000E+02,    0.22153E+96
    0.20000E+02,    0.18000E+02,    0.25199E+96
    0.22000E+02,    0.18000E+02,    0.29250E+96
    0.24000E+02,    0.18000E+02,    0.34759E+96
    0.26000E+02,    0.18000E+02,    0.42420E+96
    0.28000E+02,    0.18000E+02,    0.53297E+96
    0.30000E+02,    0.18000E+02,    0.69009E+96
    0.32000E+02,    0.18000E+02,    0.92006E+96
    0.34000E+02,    0.18000E+02,    0.12597E+97
    0.36000E+02,    0.18000E+02,    0.17643E+97
    0.38000E+02,    0.18000E+02,    0.25162E+97
    0.40000E+02,    0.18000E+02,    0.36385E+97
    0.42000E+02,    0.18000E+02,    0.53141E+97
    0.44000E+02,    0.18000E+02,    0.78158E+97
    0.46000E+02,    0.18000E+02,    0.11549E+98
    0.48000E+02,    0.18000E+02,    0.17121E+98
    0.50000E+02,    0.18000E+02,    0.25432E+98
    0.00000E+00,    0.20000E+02,    0.53997E+96
    0.20000E+01,    0.20000E+02,    0.47423E+96
    0.40000E+01,    0.20000E+02,    0.46144E+96
    0.60000E+01,    0.20000E+02,    0.46447E+96
    0.80000E+01,    0.20000E+02,    0.47826E+96
    0.10000E+02,    0.20000E+02,    0.50162E+96
    0.12000E+02,    0.20000E+02,    0.53469E+96
    0.14000E+02,    0.20000E+02,    0.57855E+96
    0.16000E+02,    0.20000E+02,    0.63527E+96
    0.18000E+02,    0.20000E+02,    0.70831E+96
    0.20000E+02,    0.20000E+02,    0.80319E+96
    0.22000E+02,    0.20000E+02,    0.92855E+96
    0.24000E+02,    0.20000E+02,    0.10979E+97
    0.26000E+02,    0.20000E+02,    0.13321E+97
    0.28000E+02,    0.20000E+02,    0.16631E+97
    0.30000E+02,    0.20000E+02,    0.21400E+97
    0.32000E+02,    0.20000E+02,    0.28368E+97
    0.34000E+02,    0.20000E+02,    0.38653E+97
    0.36000E+02,    0.20000E+02,    0.53928E+97
    0.38000E+02,    0.20000E+02,    0.76698E+97
    0.40000E+02,    0.20000E+02,    0.11070E+98
    0.42000E+02,    0.20000E+02,    0.16149E+98
    0.44000E+02,    0.20000E+02,    0.23735E+98
    0.46000E+02,    0.20000E+02,    0.35061E+98
    0.48000E+02,    0.20000E+02,    0.51966E+98
    0.50000E+02,    0.20000E+02,    0.77191E+98
    0.00000E+00,    0.22000E+02,    0.17373E+97
    0.20000E+01,    0.22000E+02,    0.15258E+97
    0.40000E+01,    0.22000E+02,    0.14846E+97
    0.60000E+01,    0.22000E+02,    0.14942E+97
    0.80000E+01,    0.22000E+02,    0.15383E+97
    0.10000E+02,    0.22000E+02,    0.16129E+97
    0.12000E+02,    0.22000E+02,    0.17183E+97
    0.14000E+02,    0.22000E+02,    0.18576E+97
    0.16000E+02,    0.22000E+02,    0.20368E+97
    0.18000E+02,    0.22000E+02,    0.22663E+97
    0.20000E+02,    0.22000E+02,    0.25624E+97
    0.22000E+02,    0.22000E+02,    0.29509E+97
    0.24000E+02,    0.22000E+02,    0.34722E+97
    0.26000E+02,    0.22000E+02,    0.41888E+97
    0.28000E+02,    0.22000E+02,    0.51972E+97
    0.30000E+02,    0.22000E+02,    0.66450E+97
    0.32000E+02,    0.22000E+02,    0.87564E+97
    0.34000E+02,    0.22000E+02,    0.11870E+98
    0.36000E+02,    0.22000E+02,    0.16493E+98
    0.38000E+02,    0.22000E+02,    0.23387E+98
    0.40000E+02,    0.22000E+02,    0.33686E+98
    0.42000E+02,    0.22000E+02,    0.49079E+98
    0.44000E+02,    0.22000E+02,    0.72080E+98
    0.46000E+02,    0.22000E+02,    0.10644E+99
    0.48000E+02,    0.22000E+02,    0.15773E+99
    0.50000E+02,    0.22000E+02,    0.23429E+99
    0.00000E+00,    0.24000E+02,    0.55897E+97
    0.20000E+01,    0.24000E+02,    0.49091E+97
    0.40000E+01,    0.24000E+02,    0.47765E+97
    0.60000E+01,    0.24000E+02,    0.48072E+97
    0.80000E+01,    0.24000E+02,    0.49484E+97
    0.10000E+02,    0.24000E+02,    0.51870E+97
    0.12000E+02,    0.24000E+02,    0.55233E+97
    0.14000E+02,    0.24000E+02,    0.59661E+97
    0.16000E+02,    0.24000E+02,    0.65335E+97
    0.18000E+02,    0.24000E+02,    0.72559E+97
    0.20000E+02,    0.24000E+02,    0.81818E+97
    0.22000E+02,    0.24000E+02,    0.93882E+97
    0.24000E+02,    0.24000E+02,    0.10995E+98
    0.26000E+02,    0.24000E+02,    0.13191E+98
    0.28000E+02,    0.24000E+02,    0.16264E+98
    0.30000E+02,    0.24000E+02,    0.20661E+98
    0.32000E+02,    0.24000E+02,    0.27059E+98
    0.34000E+02,    0.24000E+02,    0.36483E+98
    0.36000E+02,    0.24000E+02,    0.50475E+98
    0.38000E+02,    0.24000E+02,    0.71342E+98
    0.40000E+02,    0.24000E+02,    0.10253E+99
    0.42000E+02,    0.24000E+02,    0.14917E+99
    0.44000E+02,    0.24000E+02,    0.21891E+99
    0.46000E+02,    0.24000E+02,    0.32312E+99
    0.48000E+02,    0.24000E+02,    0.47875E+99
    0.50000E+02,    0.24000E+02,    0.71109E+99
    0.00000E+00,    0.26000E+02,    0.17985E+98
    0.20000E+01,    0.26000E+02,    0.15795E+98
    0.40000E+01,    0.26000E+02,    0.15368E+98
    0.60000E+01,    0.26000E+02,    0.15466E+98
    0.80000E+01,    0.26000E+02,    0.15919E+98
    0.10000E+02,    0.26000E+02,    0.16683E+98
    0.12000E+02,    0.26000E+02,    0.17757E+98
    0.14000E+02,    0.26000E+02,    0.19167E+98
    0.16000E+02,    0.26000E+02,    0.20967E+98
    0.18000E+02,    0.26000E+02,    0.23245E+98
    0.20000E+02,    0.26000E+02,    0.26146E+98
    0.22000E+02,    0.26000E+02,    0.29899E+98
    0.24000E+02,    0.26000E+02,    0.34861E+98
    0.26000E+02,    0.26000E+02,    0.41595E+98
    0.28000E+02,    0.26000E+02,    0.50971E+98
    0.30000E+02,    0.26000E+02,    0.64330E+98
    0.32000E+02,    0.26000E+02,    0.83718E+98
    0.34000E+02,    0.26000E+02,    0.11224E+99
    0.36000E+02,    0.26000E+02,    0.15457E+99
    0.38000E+02,    0.26000E+02,    0.21772E+99
    0.40000E+02,    0.26000E+02,    0.31215E+99
    0.42000E+02,    0.26000E+02,    0.45346E+99
    0.44000E+02,    0.26000E+02,    0.66485E+99
    0.46000E+02,    0.26000E+02,    0.98089E+99
    0.48000E+02,    0.26000E+02,    0.14531+100
    0.50000E+02,    0.26000E+02,    0.21581+100
    0.00000E+00,    0.28000E+02,    0.57865E+98
    0.20000E+01,    0.28000E+02,    0.50820E+98
    0.40000E+01,    0.28000E+02,    0.49447E+98
    0.60000E+01,    0.28000E+02,    0.49761E+98
    0.80000E+01,    0.28000E+02,    0.51215E+98
    0.10000E+02,    0.28000E+02,    0.53663E+98
    0.12000E+02,    0.28000E+02,    0.57099E+98
    0.14000E+02,    0.28000E+02,    0.61596E+98
    0.16000E+02,    0.28000E+02,    0.67311E+98
    0.18000E+02,    0.28000E+02,    0.74509E+98
    0.20000E+02,    0.28000E+02,    0.83618E+98
    0.22000E+02,    0.28000E+02,    0.95314E+98
    0.24000E+02,    0.28000E+02,    0.11067E+99
    0.26000E+02,    0.28000E+02,    0.13135E+99
    0.28000E+02,    0.28000E+02,    0.15998E+99
    0.30000E+02,    0.28000E+02,    0.20058E+99
    0.32000E+02,    0.28000E+02,    0.25934E+99
    0.34000E+02,    0.28000E+02,    0.34566E+99
    0.36000E+02,    0.28000E+02,    0.47371E+99
    0.38000E+02,    0.28000E+02,    0.66476E+99
    0.40000E+02,    0.28000E+02,    0.95060E+99
    0.42000E+02,    0.28000E+02,    0.13786+100
    0.44000E+02,    0.28000E+02,    0.20193+100
    0.46000E+02,    0.28000E+02,    0.29777+100
    0.48000E+02,    0.28000E+02,    0.44101+100
    0.50000E+02,    0.28000E+02,    0.65498+100
    0.00000E+00,    0.30000E+02,    0.18618E+99
    0.20000E+01,    0.30000E+02,    0.16351E+99
    0.40000E+01,    0.30000E+02,    0.15910E+99
    0.60000E+01,    0.30000E+02,    0.16011E+99
    0.80000E+01,    0.30000E+02,    0.16478E+99
    0.10000E+02,    0.30000E+02,    0.17263E+99
    0.12000E+02,    0.30000E+02,    0.18363E+99
    0.14000E+02,    0.30000E+02,    0.19799E+99
    0.16000E+02,    0.30000E+02,    0.21617E+99
    0.18000E+02,    0.30000E+02,    0.23896E+99
    0.20000E+02,    0.30000E+02,    0.26761E+99
    0.22000E+02,    0.30000E+02,    0.30414E+99
    0.24000E+02,    0.30000E+02,    0.35172E+99
    0.26000E+02,    0.30000E+02,    0.41534E+99
    0.28000E+02,    0.30000E+02,    0.50284E+99
    0.30000E+02,    0.30000E+02,    0.62633E+99
    0.32000E+02,    0.30000E+02,    0.80446E+99
    0.34000E+02,    0.30000E+02,    0.10657+100
    0.36000E+02,    0.30000E+02,    0.14529+100
    0.38000E+02,    0.30000E+02,    0.20307+100
    0.40000E+02,    0.30000E+02,    0.28957+100
    0.42000E+02,    0.30000E+02,    0.41918+100
    0.44000E+02,    0.30000E+02,    0.61333+100
    0.46000E+02,    0.30000E+02,    0.90393+100
    0.48000E+02,    0.30000E+02,    0.13385+101
    0.50000E+02,    0.30000E+02,    0.19877+101
    0.00000E+00,    0.32000E+02,    0.59901E+99
    0.20000E+01,    0.32000E+02,    0.52609E+99
    0.40000E+01,    0.32000E+02,    0.51189E+99
    0.60000E+01,    0.32000E+02,    0.51515E+99
    0.80000E+01,    0.32000E+02,    0.53016E+99
    0.10000E+02,    0.32000E+02,    0.55539E+99
    0.12000E+02,    0.32000E+02,    0.59065E+99
    0.14000E+02,    0.32000E+02,    0.63656E+99
    0.16000E+02,    0.32000E+02,    0.69447E+99
    0.18000E+02,    0.32000E+02,    0.76672E+99
    0.20000E+02,    0.32000E+02,    0.85703E+99
    0.22000E+02,    0.32000E+02,    0.97135E+99
    0.24000E+02,    0.32000E+02,    0.11191+100
    0.26000E+02,    0.32000E+02,    0.13151+100
    0.28000E+02,    0.32000E+02,    0.15829+100
    0.30000E+02,    0.32000E+02,    0.19587+100
    0.32000E+02,    0.32000E+02,    0.24988+100
    0.34000E+02,    0.32000E+02,    0.32891+100
    0.36000E+02,    0.32000E+02,    0.44599+100
    0.38000E+02,    0.32000E+02,    0.62070+100
    0.40000E+02,    0.32000E+02,    0.88239+100
    0.42000E+02,    0.32000E+02,    0.12748+101
    0.44000E+02,    0.32000E+02,    0.18630+101
    0.46000E+02,    0.32000E+02,    0.27440+101
    0.48000E+02,    0.32000E+02,    0.40621+101
    0.50000E+02,    0.32000E+02,    0.60322+101
    0.00000E+00,    0.34000E+02,    0.19272+100
    0.20000E+01,    0.34000E+02,    0.16926+100
    0.40000E+01,    0.34000E+02,    0.16470+100
    0.60000E+01,    0.34000E+02,    0.16575+100
    0.80000E+01,    0.34000E+02,    0.17058+100
    0.10000E+02,    0.34000E+02,    0.17869+100
    0.12000E+02,    0.34000E+02,    0.19000+100
    0.14000E+02,    0.34000E+02,    0.20469+100
    0.16000E+02,    0.34000E+02,    0.22317+100
    0.18000E+02,    0.34000E+02,    0.24612+100
    0.20000E+02,    0.34000E+02,    0.27464+100
    0.22000E+02,    0.34000E+02,    0.31049+100
    0.24000E+02,    0.34000E+02,    0.35646+100
    0.26000E+02,    0.34000E+02,    0.41697+100
    0.28000E+02,    0.34000E+02,    0.49900+100
    0.30000E+02,    0.34000E+02,    0.61346+100
    0.32000E+02,    0.34000E+02,    0.77727+100
    0.34000E+02,    0.34000E+02,    0.10164+101
    0.36000E+02,    0.34000E+02,    0.13703+101
    0.38000E+02,    0.34000E+02,    0.18984+101
    0.40000E+02,    0.34000E+02,    0.26898+101
    0.42000E+02,    0.34000E+02,    0.38774+101
    0.44000E+02,    0.34000E+02,    0.56593+101
    0.46000E+02,    0.34000E+02,    0.83298+101
    0.48000E+02,    0.34000E+02,    0.12327+102
    0.50000E+02,    0.34000E+02,    0.18305+102
    0.00000E+00,    0.36000E+02,    0.62005+100
    0.20000E+01,    0.36000E+02,    0.54458+100
    0.40000E+01,    0.36000E+02,    0.52992+100
    0.60000E+01,    0.36000E+02,    0.53333+100
    0.80000E+01,    0.36000E+02,    0.54888+100
    0.10000E+02,    0.36000E+02,    0.57495+100
    0.12000E+02,    0.36000E+02,    0.61126+100
    0.14000E+02,    0.36000E+02,    0.65834+100
    0.16000E+02,    0.36000E+02,    0.71736+100
    0.18000E+02,    0.36000E+02,    0.79037+100
    0.20000E+02,    0.36000E+02,    0.88062+100
    0.22000E+02,    0.36000E+02,    0.99329+100
    0.24000E+02,    0.36000E+02,    0.11366+101
    0.26000E+02,    0.36000E+02,    0.13237+101
    0.28000E+02,    0.36000E+02,    0.15754+101
    0.30000E+02,    0.36000E+02,    0.19243+101
    0.32000E+02,    0.36000E+02,    0.24214+101
    0.34000E+02,    0.36000E+02,    0.31449+101
    0.36000E+02,    0.36000E+02,    0.42143+101
    0.38000E+02,    0.36000E+02,    0.58100+101
    0.40000E+02,    0.36000E+02,    0.82026+101
    0.42000E+02,    0.36000E+02,    0.11796+102
    0.44000E+02,    0.36000E+02,    0.17192+102
    0.46000E+02,    0.36000E+02,    0.25286+102
    0.48000E+02,    0.36000E+02,    0.37409+102
    0.50000E+02,    0.36000E+02,    0.55545+102
    0.00000E+00,    0.38000E+02,    0.19949+101
    0.20000E+01,    0.38000E+02,    0.17521+101
    0.40000E+01,    0.38000E+02,    0.17050+101
    0.60000E+01,    0.38000E+02,    0.17160+101
    0.80000E+01,    0.38000E+02,    0.17661+101
    0.10000E+02,    0.38000E+02,    0.18500+101
    0.12000E+02,    0.38000E+02,    0.19667+101
    0.14000E+02,    0.38000E+02,    0.21176+101
    0.16000E+02,    0.38000E+02,    0.23064+101
    0.18000E+02,    0.38000E+02,    0.25390+101
    0.20000E+02,    0.38000E+02,    0.28251+101
    0.22000E+02,    0.38000E+02,    0.31800+101
    0.24000E+02,    0.38000E+02,    0.36279+101
    0.26000E+02,    0.38000E+02,    0.42077+101
    0.28000E+02,    0.38000E+02,    0.49811+101
    0.30000E+02,    0.38000E+02,    0.60458+101
    0.32000E+02,    0.38000E+02,    0.75546+101
    0.34000E+02,    0.38000E+02,    0.97437+101
    0.36000E+02,    0.38000E+02,    0.12975+102
    0.38000E+02,    0.38000E+02,    0.17794+102
    0.40000E+02,    0.38000E+02,    0.25025+102
    0.42000E+02,    0.38000E+02,    0.35894+102
    0.44000E+02,    0.38000E+02,    0.52232+102
    0.46000E+02,    0.38000E+02,    0.76758+102
    0.48000E+02,    0.38000E+02,    0.11352+103
    0.50000E+02,    0.38000E+02,    0.16854+103
    0.00000E+00,    0.40000E+02,    0.64178+101
    0.20000E+01,    0.40000E+02,    0.56369+101
    0.40000E+01,    0.40000E+02,    0.54855+101
    0.60000E+01,    0.40000E+02,    0.55214+101
    0.80000E+01,    0.40000E+02,    0.56830+101
    0.10000E+02,    0.40000E+02,    0.59530+101
    0.12000E+02,    0.40000E+02,    0.63281+101
    0.14000E+02,    0.40000E+02,    0.68126+101
    0.16000E+02,    0.40000E+02,    0.74170+101
    0.18000E+02,    0.40000E+02,    0.81592+101
    0.20000E+02,    0.40000E+02,    0.90678+101
    0.22000E+02,    0.40000E+02,    0.10188+102
    0.24000E+02,    0.40000E+02,    0.11591+102
    0.26000E+02,    0.40000E+02,    0.13391+102
    0.28000E+02,    0.40000E+02,    0.15772+102
    0.30000E+02,    0.40000E+02,    0.19024+102
    0.32000E+02,    0.40000E+02,    0.23607+102
    0.34000E+02,    0.40000E+02,    0.30231+102
    0.36000E+02,    0.40000E+02,    0.39990+102
    0.38000E+02,    0.40000E+02,    0.54542+102
    0.40000E+02,    0.40000E+02,    0.76384+102
    0.42000E+02,    0.40000E+02,    0.10925+103
    0.44000E+02,    0.40000E+02,    0.15870+103
    0.46000E+02,    0.40000E+02,    0.23300+103
    0.48000E+02,    0.40000E+02,    0.34446+103
    0.50000E+02,    0.40000E+02,    0.51137+103
    0.00000E+00,    0.42000E+02,    0.20647+102
    0.20000E+01,    0.42000E+02,    0.18135+102
    0.40000E+01,    0.42000E+02,    0.17649+102
    0.60000E+01,    0.42000E+02,    0.17765+102
    0.80000E+01,    0.42000E+02,    0.18287+102
    0.10000E+02,    0.42000E+02,    0.19156+102
    0.12000E+02,    0.42000E+02,    0.20363+102
    0.14000E+02,    0.42000E+02,    0.21919+102
    0.16000E+02,    0.42000E+02,    0.23856+102
    0.18000E+02,    0.42000E+02,    0.26227+102
    0.20000E+02,    0.42000E+02,    0.29118+102
    0.22000E+02,    0.42000E+02,    0.32659+102
    0.24000E+02,    0.42000E+02,    0.37063+102
    0.26000E+02,    0.42000E+02,    0.42665+102
    0.28000E+02,    0.42000E+02,    0.50009+102
    0.30000E+02,    0.42000E+02,    0.59960+102
    0.32000E+02,    0.42000E+02,    0.73888+102
    0.34000E+02,    0.42000E+02,    0.93937+102
    0.36000E+02,    0.42000E+02,    0.12341+103
    0.38000E+02,    0.42000E+02,    0.16732+103
    0.40000E+02,    0.42000E+02,    0.23327+103
    0.42000E+02,    0.42000E+02,    0.33261+103
    0.44000E+02,    0.42000E+02,    0.48223+103
    0.46000E+02,    0.42000E+02,    0.70729+103
    0.48000E+02,    0.42000E+02,    0.10452+104
    0.50000E+02,    0.42000E+02,    0.15515+104
    0.00000E+00,    0.44000E+02,    0.66420+102
    0.20000E+01,    0.44000E+02,    0.58341+102
    0.40000E+01,    0.44000E+02,    0.56780+102
    0.60000E+01,    0.44000E+02,    0.57161+102
    0.80000E+01,    0.44000E+02,    0.58842+102
    0.10000E+02,    0.44000E+02,    0.61644+102
    0.12000E+02,    0.44000E+02,    0.65527+102
    0.14000E+02,    0.44000E+02,    0.70528+102
    0.16000E+02,    0.44000E+02,    0.76742+102
    0.18000E+02,    0.44000E+02,    0.84328+102
    0.20000E+02,    0.44000E+02,    0.93538+102
    0.22000E+02,    0.44000E+02,    0.10476+103
    0.24000E+02,    0.44000E+02,    0.11861+103
    0.26000E+02,    0.44000E+02,    0.13609+103
    0.28000E+02,    0.44000E+02,    0.15879+103
    0.30000E+02,    0.44000E+02,    0.18927+103
    0.32000E+02,    0.44000E+02,    0.23165+103
    0.34000E+02,    0.44000E+02,    0.29234+103
    0.36000E+02,    0.44000E+02,    0.38131+103
    0.38000E+02,    0.44000E+02,    0.51379+103
    0.40000E+02,    0.44000E+02,    0.71283+103
    0.42000E+02,    0.44000E+02,    0.10129+104
    0.44000E+02,    0.44000E+02,    0.14655+104
    0.46000E+02,    0.44000E+02,    0.21470+104
    0.48000E+02,    0.44000E+02,    0.31711+104
    0.50000E+02,    0.44000E+02,    0.47067+104
    0.00000E+00,    0.46000E+02,    0.21366+103
    0.20000E+01,    0.46000E+02,    0.18768+103
    0.40000E+01,    0.46000E+02,    0.18267+103
    0.60000E+01,    0.46000E+02,    0.18391+103
    0.80000E+01,    0.46000E+02,    0.18934+103
    0.10000E+02,    0.46000E+02,    0.19837+103
    0.12000E+02,    0.46000E+02,    0.21087+103
    0.14000E+02,    0.46000E+02,    0.22695+103
    0.16000E+02,    0.46000E+02,    0.24690+103
    0.18000E+02,    0.46000E+02,    0.27120+103
    0.20000E+02,    0.46000E+02,    0.30059+103
    0.22000E+02,    0.46000E+02,    0.33622+103
    0.24000E+02,    0.46000E+02,    0.37990+103
    0.26000E+02,    0.46000E+02,    0.43455+103
    0.28000E+02,    0.46000E+02,    0.50485+103
    0.30000E+02,    0.46000E+02,    0.59842+103
    0.32000E+02,    0.46000E+02,    0.72745+103
    0.34000E+02,    0.46000E+02,    0.91123+103
    0.36000E+02,    0.46000E+02,    0.11798+104
    0.38000E+02,    0.46000E+02,    0.15793+104
    0.40000E+02,    0.46000E+02,    0.21796+104
    0.42000E+02,    0.46000E+02,    0.30857+104
    0.44000E+02,    0.46000E+02,    0.44540+104
    0.46000E+02,    0.46000E+02,    0.65171+104
    0.48000E+02,    0.46000E+02,    0.96205+104
    0.50000E+02,    0.46000E+02,    0.14277+105
    0.00000E+00,    0.48000E+02,    0.68731+103
    0.20000E+01,    0.48000E+02,    0.60374+103
    0.40000E+01,    0.48000E+02,    0.58768+103
    0.60000E+01,    0.48000E+02,    0.59172+103
    0.80000E+01,    0.48000E+02,    0.60925+103
    0.10000E+02,    0.48000E+02,    0.63836+103
    0.12000E+02,    0.48000E+02,    0.67863+103
    0.14000E+02,    0.48000E+02,    0.73037+103
    0.16000E+02,    0.48000E+02,    0.79446+103
    0.18000E+02,    0.48000E+02,    0.87234+103
    0.20000E+02,    0.48000E+02,    0.96625+103
    0.22000E+02,    0.48000E+02,    0.10796+104
    0.24000E+02,    0.48000E+02,    0.12176+104
    0.26000E+02,    0.48000E+02,    0.13889+104
    0.28000E+02,    0.48000E+02,    0.16072+104
    0.30000E+02,    0.48000E+02,    0.18949+104
    0.32000E+02,    0.48000E+02,    0.22883+104
    0.34000E+02,    0.48000E+02,    0.28451+104
    0.36000E+02,    0.48000E+02,    0.36557+104
    0.38000E+02,    0.48000E+02,    0.48597+104
    0.40000E+02,    0.48000E+02,    0.66694+104
    0.42000E+02,    0.48000E+02,    0.94037+104
    0.44000E+02,    0.48000E+02,    0.13539+105
    0.46000E+02,    0.48000E+02,    0.19782+105
    0.48000E+02,    0.48000E+02,    0.29185+105
    0.50000E+02,    0.48000E+02,    0.43306+105
    0.00000E+00,    0.50000E+02,    0.22108+104
    0.20000E+01,    0.50000E+02,    0.19421+104
    0.40000E+01,    0.50000E+02,    0.18906+104
    0.60000E+01,    0.50000E+02,    0.19038+104
    0.80000E+01,    0.50000E+02,    0.19604+104
    0.10000E+02,    0.50000E+02,    0.20543+104
    0.12000E+02,    0.50000E+02,    0.21840+104
    0.14000E+02,    0.50000E+02,    0.23505+104
    0.16000E+02,    0.50000E+02,    0.25565+104
    0.18000E+02,    0.50000E+02,    0.28064+104
    0.20000E+02,    0.50000E+02,    0.31069+104
    0.22000E+02,    0.50000E+02,    0.34680+104
    0.24000E+02,    0.50000E+02,    0.39053+104
    0.26000E+02,    0.50000E+02,    0.44435+104
    0.28000E+02,    0.50000E+02,    0.51230+104
    0.30000E+02,    0.50000E+02,    0.60096+104
    0.32000E+02,    0.50000E+02,    0.72106+104
    0.34000E+02,    0.50000E+02,    0.88984+104
    0.36000E+02,    0.50000E+02,    0.11345+105
    0.38000E+02,    0.50000E+02,    0.14972+105
    0.40000E+02,    0.50000E+02,    0.20424+105
    0.42000E+02,    0.50000E+02,    0.28670+105
    0.44000E+02,    0.50000E+02,    0.41160+105
    0.46000E+02,    0.50000E+02,    0.60048+105
    0.48000E+02,    0.50000E+02,    0.88528+105
    0.50000E+02,    0.50000E+02,    0.13134+106
    0.00000E+00,    0.52000E+02,    0.71112+104
    0.20000E+01,    0.52000E+02,    0.62470+104
    0.40000E+01,    0.52000E+02,    0.60817+104
    0.60000E+01,    0.52000E+02,    0.61249+104
    0.80000E+01,    0.52000E+02,    0.63079+104
    0.10000E+02,    0.52000E+02,    0.66108+104
    0.12000E+02,    0.52000E+02,    0.70289+104
    0.14000E+02,    0.52000E+02,    0.75651+104
    0.16000E+02,    0.52000E+02,    0.82276+104
    0.18000E+02,    0.52000E+02,    0.90300+104
    0.20000E+02,    0.52000E+02,    0.99925+104
    0.22000E+02,    0.52000E+02,    0.11145+105
    0.24000E+02,    0.52000E+02,    0.12533+105
    0.26000E+02,    0.52000E+02,    0.14228+105
    0.28000E+02,    0.52000E+02,    0.16349+105
    0.30000E+02,    0.52000E+02,    0.19087+105
    0.32000E+02,    0.52000E+02,    0.22760+105
    0.34000E+02,    0.52000E+02,    0.27881+105
    0.36000E+02,    0.52000E+02,    0.35265+105
    0.38000E+02,    0.52000E+02,    0.46186+105
    0.40000E+02,    0.52000E+02,    0.62597+105
    0.42000E+02,    0.52000E+02,    0.87449+105
    0.44000E+02,    0.52000E+02,    0.12515+106
    0.46000E+02,    0.52000E+02,    0.18227+106
    0.48000E+02,    0.52000E+02,    0.26851+106
    0.50000E+02,    0.52000E+02,    0.39831+106
    0.00000E+00,    0.54000E+02,    0.22872+105
    0.20000E+01,    0.54000E+02,    0.20094+105
    0.40000E+01,    0.54000E+02,    0.19564+105
    0.60000E+01,    0.54000E+02,    0.19705+105
    0.80000E+01,    0.54000E+02,    0.20296+105
    0.10000E+02,    0.54000E+02,    0.21274+105
    0.12000E+02,    0.54000E+02,    0.22622+105
    0.14000E+02,    0.54000E+02,    0.24348+105
    0.16000E+02,    0.54000E+02,    0.26480+105
    0.18000E+02,    0.54000E+02,    0.29058+105
    0.20000E+02,    0.54000E+02,    0.32145+105
    0.22000E+02,    0.54000E+02,    0.35828+105
    0.24000E+02,    0.54000E+02,    0.40242+105
    0.26000E+02,    0.54000E+02,    0.45597+105
    0.28000E+02,    0.54000E+02,    0.52232+105
    0.30000E+02,    0.54000E+02,    0.60712+105
    0.32000E+02,    0.54000E+02,    0.71965+105
    0.34000E+02,    0.54000E+02,    0.87515+105
    0.36000E+02,    0.54000E+02,    0.10980+106
    0.38000E+02,    0.54000E+02,    0.14267+106
    0.40000E+02,    0.54000E+02,    0.19204+106
    0.42000E+02,    0.54000E+02,    0.26688+106
    0.44000E+02,    0.54000E+02,    0.38062+106
    0.46000E+02,    0.54000E+02,    0.55325+106
    0.48000E+02,    0.54000E+02,    0.81434+106
    0.50000E+02,    0.54000E+02,    0.12078+107
    0.00000E+00,    0.56000E+02,    0.73563+105
    0.20000E+01,    0.56000E+02,    0.64628+105
    0.40000E+01,    0.56000E+02,    0.62930+105
    0.60000E+01,    0.56000E+02,    0.63393+105
    0.80000E+01,    0.56000E+02,    0.65306+105
    0.10000E+02,    0.56000E+02,    0.68460+105
    0.12000E+02,    0.56000E+02,    0.72805+105
    0.14000E+02,    0.56000E+02,    0.78368+105
    0.16000E+02,    0.56000E+02,    0.85229+105
    0.18000E+02,    0.56000E+02,    0.93518+105
    0.20000E+02,    0.56000E+02,    0.10342+106
    0.22000E+02,    0.56000E+02,    0.11521+106
    0.24000E+02,    0.56000E+02,    0.12928+106
    0.26000E+02,    0.56000E+02,    0.14623+106
    0.28000E+02,    0.56000E+02,    0.16705+106
    0.30000E+02,    0.56000E+02,    0.19338+106
    0.32000E+02,    0.56000E+02,    0.22793+106
    0.34000E+02,    0.56000E+02,    0.27521+106
    0.36000E+02,    0.56000E+02,    0.34251+106
    0.38000E+02,    0.56000E+02,    0.44138+106
    0.40000E+02,    0.56000E+02,    0.58976+106
    0.42000E+02,    0.56000E+02,    0.81494+106
    0.44000E+02,    0.56000E+02,    0.11578+107
    0.46000E+02,    0.56000E+02,    0.16793+107
    0.48000E+02,    0.56000E+02,    0.24694+107
    0.50000E+02,    0.56000E+02,    0.36616+107
    0.00000E+00,    0.58000E+02,    0.23658+106
    0.20000E+01,    0.58000E+02,    0.20786+106
    0.40000E+01,    0.58000E+02,    0.20242+106
    0.60000E+01,    0.58000E+02,    0.20394+106
    0.80000E+01,    0.58000E+02,    0.21012+106
    0.10000E+02,    0.58000E+02,    0.22031+106
    0.12000E+02,    0.58000E+02,    0.23432+106
    0.14000E+02,    0.58000E+02,    0.25224+106
    0.16000E+02,    0.58000E+02,    0.27433+106
    0.18000E+02,    0.58000E+02,    0.30099+106
    0.20000E+02,    0.58000E+02,    0.33280+106
    0.22000E+02,    0.58000E+02,    0.37058+106
    0.24000E+02,    0.58000E+02,    0.41547+106
    0.26000E+02,    0.58000E+02,    0.46927+106
    0.28000E+02,    0.58000E+02,    0.53480+106
    0.30000E+02,    0.58000E+02,    0.61678+106
    0.32000E+02,    0.58000E+02,    0.72314+106
    0.34000E+02,    0.58000E+02,    0.86711+106
    0.36000E+02,    0.58000E+02,    0.10704+107
    0.38000E+02,    0.58000E+02,    0.13677+107
    0.40000E+02,    0.58000E+02,    0.18133+107
    0.42000E+02,    0.58000E+02,    0.24901+107
    0.44000E+02,    0.58000E+02,    0.35229+107
    0.46000E+02,    0.58000E+02,    0.50972+107
    0.48000E+02,    0.58000E+02,    0.74874+107
    0.50000E+02,    0.58000E+02,    0.11099+108
    0.00000E+00,    0.60000E+02,    0.76082+106
    0.20000E+01,    0.60000E+02,    0.66848+106
    0.40000E+01,    0.60000E+02,    0.65105+106
    0.60000E+01,    0.60000E+02,    0.65605+106
    0.80000E+01,    0.60000E+02,    0.67607+106
    0.10000E+02,    0.60000E+02,    0.70895+106
    0.12000E+02,    0.60000E+02,    0.75414+106
    0.14000E+02,    0.60000E+02,    0.81189+106
    0.16000E+02,    0.60000E+02,    0.88302+106
    0.18000E+02,    0.60000E+02,    0.96881+106
    0.20000E+02,    0.60000E+02,    0.10710+107
    0.22000E+02,    0.60000E+02,    0.11922+107
    0.24000E+02,    0.60000E+02,    0.13357+107
    0.26000E+02,    0.60000E+02,    0.15068+107
    0.28000E+02,    0.60000E+02,    0.17136+107
    0.30000E+02,    0.60000E+02,    0.19697+107
    0.32000E+02,    0.60000E+02,    0.22980+107
    0.34000E+02,    0.60000E+02,    0.27372+107
    0.36000E+02,    0.60000E+02,    0.33516+107
    0.38000E+02,    0.60000E+02,    0.42453+107
    0.40000E+02,    0.60000E+02,    0.55822+107
    0.42000E+02,    0.60000E+02,    0.76145+107
    0.44000E+02,    0.60000E+02,    0.10722+108
    0.46000E+02,    0.60000E+02,    0.15471+108
    0.48000E+02,    0.60000E+02,    0.22699+108
    0.50000E+02,    0.60000E+02,    0.33640+108
    0.00000E+00,    0.62000E+02,    0.24465+107
    0.20000E+01,    0.62000E+02,    0.21497+107
    0.40000E+01,    0.62000E+02,    0.20939+107
    0.60000E+01,    0.62000E+02,    0.21104+107
    0.80000E+01,    0.62000E+02,    0.21752+107
    0.10000E+02,    0.62000E+02,    0.22814+107
    0.12000E+02,    0.62000E+02,    0.24271+107
    0.14000E+02,    0.62000E+02,    0.26133+107
    0.16000E+02,    0.62000E+02,    0.28424+107
    0.18000E+02,    0.62000E+02,    0.31185+107
    0.20000E+02,    0.62000E+02,    0.34472+107
    0.22000E+02,    0.62000E+02,    0.38362+107
    0.24000E+02,    0.62000E+02,    0.42958+107
    0.26000E+02,    0.62000E+02,    0.48410+107
    0.28000E+02,    0.62000E+02,    0.54955+107
    0.30000E+02,    0.62000E+02,    0.62979+107
    0.32000E+02,    0.62000E+02,    0.73141+107
    0.34000E+02,    0.62000E+02,    0.86570+107
    0.36000E+02,    0.62000E+02,    0.10516+108
    0.38000E+02,    0.62000E+02,    0.13202+108
    0.40000E+02,    0.62000E+02,    0.17209+108
    0.42000E+02,    0.62000E+02,    0.23304+108
    0.44000E+02,    0.62000E+02,    0.32645+108
    0.46000E+02,    0.62000E+02,    0.46960+108
    0.48000E+02,    0.62000E+02,    0.68802+108
    0.50000E+02,    0.62000E+02,    0.10193+109
    0.00000E+00,    0.64000E+02,    0.78666+107
    0.20000E+01,    0.64000E+02,    0.69127+107
    0.40000E+01,    0.64000E+02,    0.67343+107
    0.60000E+01,    0.64000E+02,    0.67885+107
    0.80000E+01,    0.64000E+02,    0.69984+107
    0.10000E+02,    0.64000E+02,    0.73414+107
    0.12000E+02,    0.64000E+02,    0.78117+107
    0.14000E+02,    0.64000E+02,    0.84116+107
    0.16000E+02,    0.64000E+02,    0.91495+107
    0.18000E+02,    0.64000E+02,    0.10038+108
    0.20000E+02,    0.64000E+02,    0.11096+108
    0.22000E+02,    0.64000E+02,    0.12346+108
    0.24000E+02,    0.64000E+02,    0.13819+108
    0.26000E+02,    0.64000E+02,    0.15560+108
    0.28000E+02,    0.64000E+02,    0.17637+108
    0.30000E+02,    0.64000E+02,    0.20159+108
    0.32000E+02,    0.64000E+02,    0.23316+108
    0.34000E+02,    0.64000E+02,    0.27432+108
    0.36000E+02,    0.64000E+02,    0.33063+108
    0.38000E+02,    0.64000E+02,    0.41134+108
    0.40000E+02,    0.64000E+02,    0.53133+108
    0.42000E+02,    0.64000E+02,    0.71387+108
    0.44000E+02,    0.64000E+02,    0.99430+108
    0.46000E+02,    0.64000E+02,    0.14254+109
    0.48000E+02,    0.64000E+02,    0.20851+109
    0.50000E+02,    0.64000E+02,    0.30879+109
    0.00000E+00,    0.66000E+02,    0.25293+108
    0.20000E+01,    0.66000E+02,    0.22227+108
    0.40000E+01,    0.66000E+02,    0.21657+108
    0.60000E+01,    0.66000E+02,    0.21836+108
    0.80000E+01,    0.66000E+02,    0.22516+108
    0.10000E+02,    0.66000E+02,    0.23624+108
    0.12000E+02,    0.66000E+02,    0.25142+108
    0.14000E+02,    0.66000E+02,    0.27076+108
    0.16000E+02,    0.66000E+02,    0.29452+108
    0.18000E+02,    0.66000E+02,    0.32314+108
    0.20000E+02,    0.66000E+02,    0.35717+108
    0.22000E+02,    0.66000E+02,    0.39735+108
    0.24000E+02,    0.66000E+02,    0.44463+108
    0.26000E+02,    0.66000E+02,    0.50032+108
    0.28000E+02,    0.66000E+02,    0.56639+108
    0.30000E+02,    0.66000E+02,    0.64594+108
    0.32000E+02,    0.66000E+02,    0.74433+108
    0.34000E+02,    0.66000E+02,    0.87088+108
    0.36000E+02,    0.66000E+02,    0.10418+109
    0.38000E+02,    0.66000E+02,    0.12843+109
    0.40000E+02,    0.66000E+02,    0.16433+109
    0.42000E+02,    0.66000E+02,    0.21891+109
    0.44000E+02,    0.66000E+02,    0.30298+109
    0.46000E+02,    0.66000E+02,    0.43265+109
    0.48000E+02,    0.66000E+02,    0.63174+109
    0.50000E+02,    0.66000E+02,    0.93521+109
    0.00000E+00,    0.68000E+02,    0.81313+108
    0.20000E+01,    0.68000E+02,    0.71463+108
    0.40000E+01,    0.68000E+02,    0.69642+108
    0.60000E+01,    0.68000E+02,    0.70234+108
    0.80000E+01,    0.68000E+02,    0.72440+108
    0.10000E+02,    0.68000E+02,    0.76022+108
    0.12000E+02,    0.68000E+02,    0.80918+108
    0.14000E+02,    0.68000E+02,    0.87152+108
    0.16000E+02,    0.68000E+02,    0.94809+108
    0.18000E+02,    0.68000E+02,    0.10402+109
    0.20000E+02,    0.68000E+02,    0.11498+109
    0.22000E+02,    0.68000E+02,    0.12790+109
    0.24000E+02,    0.68000E+02,    0.14308+109
    0.26000E+02,    0.68000E+02,    0.16093+109
    0.28000E+02,    0.68000E+02,    0.18199+109
    0.30000E+02,    0.68000E+02,    0.20717+109
    0.32000E+02,    0.68000E+02,    0.23795+109
    0.34000E+02,    0.68000E+02,    0.27699+109
    0.36000E+02,    0.68000E+02,    0.32895+109
    0.38000E+02,    0.68000E+02,    0.40189+109
    0.40000E+02,    0.68000E+02,    0.50916+109
    0.42000E+02,    0.68000E+02,    0.67213+109
    0.44000E+02,    0.68000E+02,    0.92370+109
    0.46000E+02,    0.68000E+02,    0.13133+110
    0.48000E+02,    0.68000E+02,    0.19136+110
    0.50000E+02,    0.68000E+02,    0.28315+110
    0.00000E+00,    0.70000E+02,    0.26138+109
    0.20000E+01,    0.70000E+02,    0.22974+109
    0.40000E+01,    0.70000E+02,    0.22393+109
    0.60000E+01,    0.70000E+02,    0.22589+109
    0.80000E+01,    0.70000E+02,    0.23305+109
    0.10000E+02,    0.70000E+02,    0.24463+109
    0.12000E+02,    0.70000E+02,    0.26043+109
    0.14000E+02,    0.70000E+02,    0.28053+109
    0.16000E+02,    0.70000E+02,    0.30520+109
    0.18000E+02,    0.70000E+02,    0.33487+109
    0.20000E+02,    0.70000E+02,    0.37013+109
    0.22000E+02,    0.70000E+02,    0.41170+109
    0.24000E+02,    0.70000E+02,    0.46052+109
    0.26000E+02,    0.70000E+02,    0.51776+109
    0.28000E+02,    0.70000E+02,    0.58507+109
    0.30000E+02,    0.70000E+02,    0.66497+109
    0.32000E+02,    0.70000E+02,    0.76166+109
    0.34000E+02,    0.70000E+02,    0.88256+109
    0.36000E+02,    0.70000E+02,    0.10410+110
    0.38000E+02,    0.70000E+02,    0.12605+110
    0.40000E+02,    0.70000E+02,    0.15808+110
    0.42000E+02,    0.70000E+02,    0.20665+110
    0.44000E+02,    0.70000E+02,    0.28179+110
    0.46000E+02,    0.70000E+02,    0.39864+110
    0.48000E+02,    0.70000E+02,    0.57950+110
    0.50000E+02,    0.70000E+02,    0.85698+110
    0.00000E+00,    0.72000E+02,    0.84014+109
    0.20000E+01,    0.72000E+02,    0.73851+109
    0.40000E+01,    0.72000E+02,    0.72000+109
    0.60000E+01,    0.72000E+02,    0.72652+109
    0.80000E+01,    0.72000E+02,    0.74976+109
    0.10000E+02,    0.72000E+02,    0.78722+109
    0.12000E+02,    0.72000E+02,    0.83821+109
    0.14000E+02,    0.72000E+02,    0.90300+109
    0.16000E+02,    0.72000E+02,    0.98247+109
    0.18000E+02,    0.72000E+02,    0.10780+110
    0.20000E+02,    0.72000E+02,    0.11915+110
    0.22000E+02,    0.72000E+02,    0.13253+110
    0.24000E+02,    0.72000E+02,    0.14823+110
    0.26000E+02,    0.72000E+02,    0.16661+110
    0.28000E+02,    0.72000E+02,    0.18816+110
    0.30000E+02,    0.72000E+02,    0.21360+110
    0.32000E+02,    0.72000E+02,    0.24409+110
    0.34000E+02,    0.72000E+02,    0.28169+110
    0.36000E+02,    0.72000E+02,    0.33017+110
    0.38000E+02,    0.72000E+02,    0.39632+110
    0.40000E+02,    0.72000E+02,    0.49189+110
    0.42000E+02,    0.72000E+02,    0.63633+110
    0.44000E+02,    0.72000E+02,    0.86026+110
    0.46000E+02,    0.72000E+02,    0.12101+111
    0.48000E+02,    0.72000E+02,    0.17543+111
    0.50000E+02,    0.72000E+02,    0.25927+111
    0.00000E+00,    0.74000E+02,    0.27000+110
    0.20000E+01,    0.74000E+02,    0.23737+110
    0.40000E+01,    0.74000E+02,    0.23148+110
    0.60000E+01,    0.74000E+02,    0.23365+110
    0.80000E+01,    0.74000E+02,    0.24120+110
    0.10000E+02,    0.74000E+02,    0.25332+110
    0.12000E+02,    0.74000E+02,    0.26978+110
    0.14000E+02,    0.74000E+02,    0.29067+110
    0.16000E+02,    0.74000E+02,    0.31627+110
    0.18000E+02,    0.74000E+02,    0.34704+110
    0.20000E+02,    0.74000E+02,    0.38359+110
    0.22000E+02,    0.74000E+02,    0.42666+110
    0.24000E+02,    0.74000E+02,    0.47716+110
    0.26000E+02,    0.74000E+02,    0.53624+110
    0.28000E+02,    0.74000E+02,    0.60535+110
    0.30000E+02,    0.74000E+02,    0.68653+110
    0.32000E+02,    0.74000E+02,    0.78304+110
    0.34000E+02,    0.74000E+02,    0.90052+110
    0.36000E+02,    0.74000E+02,    0.10495+111
    0.38000E+02,    0.74000E+02,    0.12492+111
    0.40000E+02,    0.74000E+02,    0.15343+111
    0.42000E+02,    0.74000E+02,    0.19629+111
    0.44000E+02,    0.74000E+02,    0.26285+111
    0.46000E+02,    0.74000E+02,    0.36737+111
    0.48000E+02,    0.74000E+02,    0.53089+111
    0.50000E+02,    0.74000E+02,    0.78399+111
    0.00000E+00,    0.76000E+02,    0.86759+110
    0.20000E+01,    0.76000E+02,    0.76284+110
    0.40000E+01,    0.76000E+02,    0.74412+110
    0.60000E+01,    0.76000E+02,    0.75139+110
    0.80000E+01,    0.76000E+02,    0.77596+110
    0.10000E+02,    0.76000E+02,    0.81518+110
    0.12000E+02,    0.76000E+02,    0.86832+110
    0.14000E+02,    0.76000E+02,    0.93566+110
    0.16000E+02,    0.76000E+02,    0.10181+111
    0.18000E+02,    0.76000E+02,    0.11172+111
    0.20000E+02,    0.76000E+02,    0.12349+111
    0.22000E+02,    0.76000E+02,    0.13735+111
    0.24000E+02,    0.76000E+02,    0.15361+111
    0.26000E+02,    0.76000E+02,    0.17261+111
    0.28000E+02,    0.76000E+02,    0.19480+111
    0.30000E+02,    0.76000E+02,    0.22077+111
    0.32000E+02,    0.76000E+02,    0.25143+111
    0.34000E+02,    0.76000E+02,    0.28831+111
    0.36000E+02,    0.76000E+02,    0.33429+111
    0.38000E+02,    0.76000E+02,    0.39479+111
    0.40000E+02,    0.76000E+02,    0.47981+111
    0.42000E+02,    0.76000E+02,    0.60674+111
    0.44000E+02,    0.76000E+02,    0.80398+111
    0.46000E+02,    0.76000E+02,    0.11154+112
    0.48000E+02,    0.76000E+02,    0.16059+112
    0.50000E+02,    0.76000E+02,    0.23693+112
    0.00000E+00,    0.78000E+02,    0.27873+111
    0.20000E+01,    0.78000E+02,    0.24512+111
    0.40000E+01,    0.78000E+02,    0.23918+111
    0.60000E+01,    0.78000E+02,    0.24162+111
    0.80000E+01,    0.78000E+02,    0.24963+111
    0.10000E+02,    0.78000E+02,    0.26232+111
    0.12000E+02,    0.78000E+02,    0.27948+111
    0.14000E+02,    0.78000E+02,    0.30119+111
    0.16000E+02,    0.78000E+02,    0.32776+111
    0.18000E+02,    0.78000E+02,    0.35967+111
    0.20000E+02,    0.78000E+02,    0.39755+111
    0.22000E+02,    0.78000E+02,    0.44218+111
    0.24000E+02,    0.78000E+02,    0.49450+111
    0.26000E+02,    0.78000E+02,    0.55563+111
    0.28000E+02,    0.78000E+02,    0.62695+111
    0.30000E+02,    0.78000E+02,    0.71021+111
    0.32000E+02,    0.78000E+02,    0.80795+111
    0.34000E+02,    0.78000E+02,    0.92432+111
    0.36000E+02,    0.78000E+02,    0.10670+112
    0.38000E+02,    0.78000E+02,    0.12510+112
    0.40000E+02,    0.78000E+02,    0.15048+112
    0.42000E+02,    0.78000E+02,    0.18798+112
    0.44000E+02,    0.78000E+02,    0.24622+112
    0.46000E+02,    0.78000E+02,    0.33870+112
    0.48000E+02,    0.78000E+02,    0.48550+112
    0.50000E+02,    0.78000E+02,    0.71555+112
    0.00000E+00,    0.80000E+02,    0.89528+111
    0.20000E+01,    0.80000E+02,    0.78746+111
    0.40000E+01,    0.80000E+02,    0.76872+111
    0.60000E+01,    0.80000E+02,    0.77695+111
    0.80000E+01,    0.80000E+02,    0.80304+111
    0.10000E+02,    0.80000E+02,    0.84417+111
    0.12000E+02,    0.80000E+02,    0.89957+111
    0.14000E+02,    0.80000E+02,    0.96954+111
    0.16000E+02,    0.80000E+02,    0.10551+112
    0.18000E+02,    0.80000E+02,    0.11579+112
    0.20000E+02,    0.80000E+02,    0.12798+112
    0.22000E+02,    0.80000E+02,    0.14235+112
    0.24000E+02,    0.80000E+02,    0.15920+112
    0.26000E+02,    0.80000E+02,    0.17887+112
    0.28000E+02,    0.80000E+02,    0.20181+112
    0.30000E+02,    0.80000E+02,    0.22854+112
    0.32000E+02,    0.80000E+02,    0.25979+112
    0.34000E+02,    0.80000E+02,    0.29668+112
    0.36000E+02,    0.80000E+02,    0.34123+112
    0.38000E+02,    0.80000E+02,    0.39746+112
    0.40000E+02,    0.80000E+02,    0.47336+112
    0.42000E+02,    0.80000E+02,    0.58392+112
    0.44000E+02,    0.80000E+02,    0.75517+112
    0.46000E+02,    0.80000E+02,    0.10287+113
    0.48000E+02,    0.80000E+02,    0.14669+113
    0.50000E+02,    0.80000E+02,    0.21592+113
    0.00000E+00,    0.82000E+02,    0.28749+112
    0.20000E+01,    0.82000E+02,    0.25293+112
    0.40000E+01,    0.82000E+02,    0.24703+112
    0.60000E+01,    0.82000E+02,    0.24982+112
    0.80000E+01,    0.82000E+02,    0.25834+112
    0.10000E+02,    0.82000E+02,    0.27167+112
    0.12000E+02,    0.82000E+02,    0.28955+112
    0.14000E+02,    0.82000E+02,    0.31210+112
    0.16000E+02,    0.82000E+02,    0.33967+112
    0.18000E+02,    0.82000E+02,    0.37275+112
    0.20000E+02,    0.82000E+02,    0.41202+112
    0.22000E+02,    0.82000E+02,    0.45829+112
    0.24000E+02,    0.82000E+02,    0.51251+112
    0.26000E+02,    0.82000E+02,    0.57584+112
    0.28000E+02,    0.82000E+02,    0.64964+112
    0.30000E+02,    0.82000E+02,    0.73557+112
    0.32000E+02,    0.82000E+02,    0.83574+112
    0.34000E+02,    0.82000E+02,    0.95320+112
    0.36000E+02,    0.82000E+02,    0.10932+113
    0.38000E+02,    0.82000E+02,    0.12662+113
    0.40000E+02,    0.82000E+02,    0.14939+113
    0.42000E+02,    0.82000E+02,    0.18193+113
    0.44000E+02,    0.82000E+02,    0.23204+113
    0.46000E+02,    0.82000E+02,    0.31256+113
    0.48000E+02,    0.82000E+02,    0.44292+113
    0.50000E+02,    0.82000E+02,    0.65092+113
    0.00000E+00,    0.84000E+02,    0.92289+112
    0.20000E+01,    0.84000E+02,    0.81217+112
    0.40000E+01,    0.84000E+02,    0.79370+112
    0.60000E+01,    0.84000E+02,    0.80321+112
    0.80000E+01,    0.84000E+02,    0.83108+112
    0.10000E+02,    0.84000E+02,    0.87428+112
    0.12000E+02,    0.84000E+02,    0.93202+112
    0.14000E+02,    0.84000E+02,    0.10047+113
    0.16000E+02,    0.84000E+02,    0.10935+113
    0.18000E+02,    0.84000E+02,    0.12000+113
    0.20000E+02,    0.84000E+02,    0.13264+113
    0.22000E+02,    0.84000E+02,    0.14754+113
    0.24000E+02,    0.84000E+02,    0.16500+113
    0.26000E+02,    0.84000E+02,    0.18538+113
    0.28000E+02,    0.84000E+02,    0.20914+113
    0.30000E+02,    0.84000E+02,    0.23678+113
    0.32000E+02,    0.84000E+02,    0.26894+113
    0.34000E+02,    0.84000E+02,    0.30649+113
    0.36000E+02,    0.84000E+02,    0.35077+113
    0.38000E+02,    0.84000E+02,    0.40441+113
    0.40000E+02,    0.84000E+02,    0.47310+113
    0.42000E+02,    0.84000E+02,    0.56883+113
    0.44000E+02,    0.84000E+02,    0.71465+113
    0.46000E+02,    0.84000E+02,    0.95013+113
    0.48000E+02,    0.84000E+02,    0.13362+114
    0.50000E+02,    0.84000E+02,    0.19598+114
    0.00000E+00,    0.86000E+02,    0.29614+113
    0.20000E+01,    0.86000E+02,    0.26071+113
    0.40000E+01,    0.86000E+02,    0.25497+113
    0.60000E+01,    0.86000E+02,    0.25824+113
    0.80000E+01,    0.86000E+02,    0.26737+113
    0.10000E+02,    0.86000E+02,    0.28137+113
    0.12000E+02,    0.86000E+02,    0.30001+113
    0.14000E+02,    0.86000E+02,    0.32343+113
    0.16000E+02,    0.86000E+02,    0.35201+113
    0.18000E+02,    0.86000E+02,    0.38631+113
    0.20000E+02,    0.86000E+02,    0.42702+113
    0.22000E+02,    0.86000E+02,    0.47498+113
    0.24000E+02,    0.86000E+02,    0.53118+113
    0.26000E+02,    0.86000E+02,    0.59682+113
    0.28000E+02,    0.86000E+02,    0.67329+113
    0.30000E+02,    0.86000E+02,    0.76224+113
    0.32000E+02,    0.86000E+02,    0.86566+113
    0.34000E+02,    0.86000E+02,    0.98601+113
    0.36000E+02,    0.86000E+02,    0.11269+114
    0.38000E+02,    0.86000E+02,    0.12947+114
    0.40000E+02,    0.86000E+02,    0.15036+114
    0.42000E+02,    0.86000E+02,    0.17855+114
    0.44000E+02,    0.86000E+02,    0.22073+114
    0.46000E+02,    0.86000E+02,    0.28903+114
    0.48000E+02,    0.86000E+02,    0.40268+114
    0.50000E+02,    0.86000E+02,    0.58916+114
    0.00000E+00,    0.88000E+02,    0.94975+113
    0.20000E+01,    0.88000E+02,    0.83654+113
    0.40000E+01,    0.88000E+02,    0.81891+113
    0.60000E+01,    0.88000E+02,    0.83024+113
    0.80000E+01,    0.88000E+02,    0.86022+113
    0.10000E+02,    0.88000E+02,    0.90562+113
    0.12000E+02,    0.88000E+02,    0.96576+113
    0.14000E+02,    0.88000E+02,    0.10412+114
    0.16000E+02,    0.88000E+02,    0.11333+114
    0.18000E+02,    0.88000E+02,    0.12437+114
    0.20000E+02,    0.88000E+02,    0.13748+114
    0.22000E+02,    0.88000E+02,    0.15292+114
    0.24000E+02,    0.88000E+02,    0.17101+114
    0.26000E+02,    0.88000E+02,    0.19215+114
    0.28000E+02,    0.88000E+02,    0.21677+114
    0.30000E+02,    0.88000E+02,    0.24540+114
    0.32000E+02,    0.88000E+02,    0.27868+114
    0.34000E+02,    0.88000E+02,    0.31735+114
    0.36000E+02,    0.88000E+02,    0.36239+114
    0.38000E+02,    0.88000E+02,    0.41538+114
    0.40000E+02,    0.88000E+02,    0.47957+114
    0.42000E+02,    0.88000E+02,    0.56300+114
    0.44000E+02,    0.88000E+02,    0.68428+114
    0.46000E+02,    0.88000E+02,    0.88026+114
    0.48000E+02,    0.88000E+02,    0.12121+115
    0.50000E+02,    0.88000E+02,    0.17678+115
    0.00000E+00,    0.90000E+02,    0.30438+114
    0.20000E+01,    0.90000E+02,    0.26828+114
    0.40000E+01,    0.90000E+02,    0.26296+114
    0.60000E+01,    0.90000E+02,    0.26693+114
    0.80000E+01,    0.90000E+02,    0.27678+114
    0.10000E+02,    0.90000E+02,    0.29150+114
    0.12000E+02,    0.90000E+02,    0.31089+114
    0.14000E+02,    0.90000E+02,    0.33519+114
    0.16000E+02,    0.90000E+02,    0.36483+114
    0.18000E+02,    0.90000E+02,    0.40039+114
    0.20000E+02,    0.90000E+02,    0.44259+114
    0.22000E+02,    0.90000E+02,    0.49230+114
    0.24000E+02,    0.90000E+02,    0.55057+114
    0.26000E+02,    0.90000E+02,    0.61861+114
    0.28000E+02,    0.90000E+02,    0.69788+114
    0.30000E+02,    0.90000E+02,    0.79008+114
    0.32000E+02,    0.90000E+02,    0.89719+114
    0.34000E+02,    0.90000E+02,    0.10216+115
    0.36000E+02,    0.90000E+02,    0.11661+115
    0.38000E+02,    0.90000E+02,    0.13348+115
    0.40000E+02,    0.90000E+02,    0.15348+115
    0.42000E+02,    0.90000E+02,    0.17842+115
    0.44000E+02,    0.90000E+02,    0.21313+115
    0.46000E+02,    0.90000E+02,    0.26856+115
    0.48000E+02,    0.90000E+02,    0.36431+115
    0.50000E+02,    0.90000E+02,    0.52903+115
    0.00000E+00,    0.92000E+02,    0.97441+114
    0.20000E+01,    0.92000E+02,    0.85972+114
    0.40000E+01,    0.92000E+02,    0.84416+114
    0.60000E+01,    0.92000E+02,    0.85823+114
    0.80000E+01,    0.92000E+02,    0.89068+114
    0.10000E+02,    0.92000E+02,    0.93830+114
    0.12000E+02,    0.92000E+02,    0.10008+115
    0.14000E+02,    0.92000E+02,    0.10790+115
    0.16000E+02,    0.92000E+02,    0.11745+115
    0.18000E+02,    0.92000E+02,    0.12889+115
    0.20000E+02,    0.92000E+02,    0.14248+115
    0.22000E+02,    0.92000E+02,    0.15848+115
    0.24000E+02,    0.92000E+02,    0.17724+115
    0.26000E+02,    0.92000E+02,    0.19915+115
    0.28000E+02,    0.92000E+02,    0.22467+115
    0.30000E+02,    0.92000E+02,    0.25435+115
    0.32000E+02,    0.92000E+02,    0.28883+115
    0.34000E+02,    0.92000E+02,    0.32886+115
    0.36000E+02,    0.92000E+02,    0.37533+115
    0.38000E+02,    0.92000E+02,    0.42935+115
    0.40000E+02,    0.92000E+02,    0.49254+115
    0.42000E+02,    0.92000E+02,    0.56840+115
    0.44000E+02,    0.92000E+02,    0.66787+115
    0.46000E+02,    0.92000E+02,    0.82159+115
    0.48000E+02,    0.92000E+02,    0.10926+116
    0.50000E+02,    0.92000E+02,    0.15770+116
    0.00000E+00,    0.94000E+02,    0.31148+115
    0.20000E+01,    0.94000E+02,    0.27520+115
    0.40000E+01,    0.94000E+02,    0.27095+115
    0.60000E+01,    0.94000E+02,    0.27599+115
    0.80000E+01,    0.94000E+02,    0.28667+115
    0.10000E+02,    0.94000E+02,    0.30205+115
    0.12000E+02,    0.94000E+02,    0.32217+115
    0.14000E+02,    0.94000E+02,    0.34736+115
    0.16000E+02,    0.94000E+02,    0.37808+115
    0.18000E+02,    0.94000E+02,    0.41494+115
    0.20000E+02,    0.94000E+02,    0.45867+115
    0.22000E+02,    0.94000E+02,    0.51020+115
    0.24000E+02,    0.94000E+02,    0.57059+115
    0.26000E+02,    0.94000E+02,    0.64111+115
    0.28000E+02,    0.94000E+02,    0.72328+115
    0.30000E+02,    0.94000E+02,    0.81883+115
    0.32000E+02,    0.94000E+02,    0.92983+115
    0.34000E+02,    0.94000E+02,    0.10587+116
    0.36000E+02,    0.94000E+02,    0.12082+116
    0.38000E+02,    0.94000E+02,    0.13818+116
    0.40000E+02,    0.94000E+02,    0.15836+116
    0.42000E+02,    0.94000E+02,    0.18204+116
    0.44000E+02,    0.94000E+02,    0.21096+116
    0.46000E+02,    0.94000E+02,    0.25260+116
    0.48000E+02,    0.94000E+02,    0.32685+116
    0.50000E+02,    0.94000E+02,    0.46746+116
    0.00000E+00,    0.96000E+02,    0.99169+115
    0.20000E+01,    0.96000E+02,    0.87986+115
    0.40000E+01,    0.96000E+02,    0.86943+115
    0.60000E+01,    0.96000E+02,    0.88805+115
    0.80000E+01,    0.96000E+02,    0.92277+115
    0.10000E+02,    0.96000E+02,    0.97234+115
    0.12000E+02,    0.96000E+02,    0.10371+116
    0.14000E+02,    0.96000E+02,    0.11182+116
    0.16000E+02,    0.96000E+02,    0.12171+116
    0.18000E+02,    0.96000E+02,    0.13358+116
    0.20000E+02,    0.96000E+02,    0.14766+116
    0.22000E+02,    0.96000E+02,    0.16425+116
    0.24000E+02,    0.96000E+02,    0.18369+116
    0.26000E+02,    0.96000E+02,    0.20640+116
    0.28000E+02,    0.96000E+02,    0.23285+116
    0.30000E+02,    0.96000E+02,    0.26361+116
    0.32000E+02,    0.96000E+02,    0.29935+116
    0.34000E+02,    0.96000E+02,    0.34084+116
    0.36000E+02,    0.96000E+02,    0.38898+116
    0.38000E+02,    0.96000E+02,    0.44482+116
    0.40000E+02,    0.96000E+02,    0.50964+116
    0.42000E+02,    0.96000E+02,    0.58500+116
    0.44000E+02,    0.96000E+02,    0.67357+116
    0.46000E+02,    0.96000E+02,    0.78352+116
    0.48000E+02,    0.96000E+02,    0.97541+116
    0.50000E+02,    0.96000E+02,    0.13725+117
    0.00000E+00,    0.98000E+02,    0.31660+116
    0.20000E+01,    0.98000E+02,    0.27961+116
    0.40000E+01,    0.98000E+02,    0.27958+116
    0.60000E+01,    0.98000E+02,    0.28584+116
    0.80000E+01,    0.98000E+02,    0.29705+116
    0.10000E+02,    0.98000E+02,    0.31301+116
    0.12000E+02,    0.98000E+02,    0.33388+116
    0.14000E+02,    0.98000E+02,    0.35999+116
    0.16000E+02,    0.98000E+02,    0.39183+116
    0.18000E+02,    0.98000E+02,    0.43003+116
    0.20000E+02,    0.98000E+02,    0.47536+116
    0.22000E+02,    0.98000E+02,    0.52877+116
    0.24000E+02,    0.98000E+02,    0.59137+116
    0.26000E+02,    0.98000E+02,    0.66447+116
    0.28000E+02,    0.98000E+02,    0.74963+116
    0.30000E+02,    0.98000E+02,    0.84868+116
    0.32000E+02,    0.98000E+02,    0.96374+116
    0.34000E+02,    0.98000E+02,    0.10973+117
    0.36000E+02,    0.98000E+02,    0.12523+117
    0.38000E+02,    0.98000E+02,    0.14321+117
    0.40000E+02,    0.98000E+02,    0.16406+117
    0.42000E+02,    0.98000E+02,    0.18826+117
    0.44000E+02,    0.98000E+02,    0.21636+117
    0.46000E+02,    0.98000E+02,    0.24920+117
    0.48000E+02,    0.98000E+02,    0.28887+117
    0.50000E+02,    0.98000E+02,    0.39725+117
    0.00000E+00,    0.10000E+03,    0.91536+116
    0.20000E+01,    0.10000E+03,    0.90160+116
    0.40000E+01,    0.10000E+03,    0.90374+116
    0.60000E+01,    0.10000E+03,    0.92428+116
    0.80000E+01,    0.10000E+03,    0.96058+116
    0.10000E+02,    0.10000E+03,    0.10122+117
    0.12000E+02,    0.10000E+03,    0.10797+117
    0.14000E+02,    0.10000E+03,    0.11641+117
    0.16000E+02,    0.10000E+03,    0.12670+117
    0.18000E+02,    0.10000E+03,    0.13906+117
    0.20000E+02,    0.10000E+03,    0.15371+117
    0.22000E+02,    0.10000E+03,    0.17098+117
    0.24000E+02,    0.10000E+03,    0.19122+117
    0.26000E+02,    0.10000E+03,    0.21486+117
    0.28000E+02,    0.10000E+03,    0.24239+117
    0.30000E+02,    0.10000E+03,    0.27441+117
    0.32000E+02,    0.10000E+03,    0.31161+117
    0.34000E+02,    0.10000E+03,    0.35480+117
    0.36000E+02,    0.10000E+03,    0.40490+117
    0.38000E+02,    0.10000E+03,    0.46303+117
    0.40000E+02,    0.10000E+03,    0.53045+117
    0.42000E+02,    0.10000E+03,    0.60866+117
    0.44000E+02,    0.10000E+03,    0.69933+117
    0.46000E+02,    0.10000E+03,    0.80407+117
    0.48000E+02,    0.10000E+03,    0.92214+117
    0.50000E+02,    0.10000E+03,    0.98286+117
