 X,    Y,   CNA  
    0.00000E+00,    0.10000E+03,    0.42754E+07
    0.00000E+00,    0.98000E+02,    0.00000E+00
    0.00000E+00,    0.96000E+02,    0.23806E+08
    0.00000E+00,    0.94000E+02,    0.49709E+08
    0.00000E+00,    0.92000E+02,    0.71684E+08
    0.00000E+00,    0.90000E+02,    0.86185E+08
    0.00000E+00,    0.88000E+02,    0.93026E+08
    0.00000E+00,    0.86000E+02,    0.95834E+08
    0.00000E+00,    0.84000E+02,    0.96761E+08
    0.00000E+00,    0.82000E+02,    0.97159E+08
    0.00000E+00,    0.80000E+02,    0.97473E+08
    0.00000E+00,    0.78010E+02,    0.97853E+08
    0.00000E+00,    0.76010E+02,    0.98389E+08
    0.00000E+00,    0.74010E+02,    0.99163E+08
    0.00000E+00,    0.72010E+02,    0.10033E+09
    0.00000E+00,    0.70010E+02,    0.10214E+09
    0.00000E+00,    0.68010E+02,    0.10508E+09
    0.00000E+00,    0.66010E+02,    0.11141E+09
    0.00000E+00,    0.64010E+02,    0.12662E+09
    0.00000E+00,    0.62010E+02,    0.12589E+09
    0.00000E+00,    0.60010E+02,    0.00000E+00
    0.50000E+00,    0.60000E+02,    0.00000E+00
    0.10000E+01,    0.59960E+02,    0.00000E+00
    0.14900E+01,    0.59900E+02,    0.00000E+00
    0.19800E+01,    0.59810E+02,    0.00000E+00
    0.24700E+01,    0.59700E+02,    0.00000E+00
    0.29500E+01,    0.59570E+02,    0.00000E+00
    0.34200E+01,    0.59410E+02,    0.00000E+00
    0.38900E+01,    0.59220E+02,    0.00000E+00
    0.43400E+01,    0.59020E+02,    0.00000E+00
    0.47900E+01,    0.58790E+02,    0.00000E+00
    0.52200E+01,    0.58540E+02,    0.00000E+00
    0.56400E+01,    0.58270E+02,    0.00000E+00
    0.60400E+01,    0.57980E+02,    0.00000E+00
    0.64300E+01,    0.57670E+02,    0.00000E+00
    0.68100E+01,    0.57340E+02,    0.11376E+08
    0.71700E+01,    0.56990E+02,    0.33233E+08
    0.75100E+01,    0.56620E+02,    0.50559E+08
    0.78300E+01,    0.56240E+02,    0.68966E+08
    0.81300E+01,    0.55840E+02,    0.84024E+08
    0.84100E+01,    0.55430E+02,    0.99365E+08
    0.86700E+01,    0.55010E+02,    0.11898E+09
    0.89100E+01,    0.54570E+02,    0.13047E+09
    0.91200E+01,    0.54120E+02,    0.13730E+09
    0.93200E+01,    0.53660E+02,    0.14390E+09
    0.94900E+01,    0.53190E+02,    0.14884E+09
    0.96400E+01,    0.52710E+02,    0.14900E+09
    0.97600E+01,    0.52230E+02,    0.14551E+09
    0.98600E+01,    0.51740E+02,    0.14075E+09
    0.99300E+01,    0.51240E+02,    0.13506E+09
    0.99800E+01,    0.50750E+02,    0.12832E+09
    0.10010E+02,    0.50250E+02,    0.11974E+09
    0.10010E+02,    0.49750E+02,    0.10988E+09
    0.99800E+01,    0.49250E+02,    0.10011E+09
    0.99300E+01,    0.48760E+02,    0.91190E+08
    0.98600E+01,    0.48260E+02,    0.82386E+08
    0.97600E+01,    0.47770E+02,    0.74016E+08
    0.96400E+01,    0.47290E+02,    0.66621E+08
    0.94900E+01,    0.46810E+02,    0.59624E+08
    0.93200E+01,    0.46340E+02,    0.54682E+08
    0.91200E+01,    0.45880E+02,    0.51175E+08
    0.89100E+01,    0.45430E+02,    0.47158E+08
    0.86700E+01,    0.44990E+02,    0.44013E+08
    0.84100E+01,    0.44570E+02,    0.43892E+08
    0.81300E+01,    0.44160E+02,    0.43838E+08
    0.78300E+01,    0.43760E+02,    0.43499E+08
    0.75100E+01,    0.43380E+02,    0.44580E+08
    0.71700E+01,    0.43010E+02,    0.45511E+08
    0.68100E+01,    0.42660E+02,    0.48309E+08
    0.64300E+01,    0.42330E+02,    0.55310E+08
    0.60400E+01,    0.42020E+02,    0.60743E+08
    0.56400E+01,    0.41730E+02,    0.66261E+08
    0.52200E+01,    0.41460E+02,    0.77416E+08
    0.47900E+01,    0.41210E+02,    0.10164E+09
    0.43400E+01,    0.40980E+02,    0.13983E+09
    0.38900E+01,    0.40780E+02,    0.19179E+09
    0.34200E+01,    0.40590E+02,    0.26847E+09
    0.29500E+01,    0.40430E+02,    0.36438E+09
    0.24700E+01,    0.40300E+02,    0.45688E+09
    0.19800E+01,    0.40190E+02,    0.54698E+09
    0.14900E+01,    0.40100E+02,    0.60481E+09
    0.10000E+01,    0.40040E+02,    0.59805E+09
    0.50000E+00,    0.40000E+02,    0.55235E+09
    0.00000E+00,    0.39990E+02,    0.48775E+09
    0.00000E+00,    0.37990E+02,    0.16322E+09
    0.00000E+00,    0.35990E+02,    0.91168E+08
    0.00000E+00,    0.33990E+02,    0.78590E+08
    0.00000E+00,    0.31990E+02,    0.80914E+08
    0.00000E+00,    0.29990E+02,    0.84994E+08
    0.00000E+00,    0.27990E+02,    0.88333E+08
    0.00000E+00,    0.25990E+02,    0.90668E+08
    0.00000E+00,    0.23990E+02,    0.92278E+08
    0.00000E+00,    0.21990E+02,    0.93391E+08
    0.00000E+00,    0.20000E+02,    0.94156E+08
    0.00000E+00,    0.18000E+02,    0.94700E+08
    0.00000E+00,    0.16000E+02,    0.95082E+08
    0.00000E+00,    0.14000E+02,    0.95361E+08
    0.00000E+00,    0.12000E+02,    0.95567E+08
    0.00000E+00,    0.10000E+02,    0.95755E+08
    0.00000E+00,    0.80000E+01,    0.95889E+08
    0.00000E+00,    0.60000E+01,    0.96024E+08
    0.00000E+00,    0.40000E+01,    0.96110E+08
    0.00000E+00,    0.20000E+01,    0.96094E+08
    0.00000E+00,    0.00000E+00,    0.96320E+08
    0.10000E+02,    0.00000E+00,    0.96320E+08
    0.20000E+02,    0.00000E+00,    0.96320E+08
    0.30000E+02,    0.00000E+00,    0.96320E+08
    0.40000E+02,    0.00000E+00,    0.96320E+08
    0.50000E+02,    0.00000E+00,    0.96320E+08
    0.50000E+02,    0.90900E+01,    0.96472E+08
    0.50000E+02,    0.18180E+02,    0.96563E+08
    0.50000E+02,    0.27270E+02,    0.96608E+08
    0.50000E+02,    0.36360E+02,    0.96555E+08
    0.50000E+02,    0.45450E+02,    0.96364E+08
    0.50000E+02,    0.54550E+02,    0.96128E+08
    0.50000E+02,    0.63640E+02,    0.95890E+08
    0.50000E+02,    0.72730E+02,    0.94792E+08
    0.50000E+02,    0.81820E+02,    0.86643E+08
    0.50000E+02,    0.90910E+02,    0.52945E+08
    0.50000E+02,    0.10000E+03,    0.34046E+07
    0.40000E+02,    0.10000E+03,    0.36953E+07
    0.30000E+02,    0.10000E+03,    0.41279E+07
    0.20000E+02,    0.10000E+03,    0.46791E+07
    0.10000E+02,    0.10000E+03,    0.46833E+07
    0.74800E+01,    0.93610E+02,    0.77850E+08
    0.33500E+01,    0.94260E+02,    0.44080E+08
    0.25900E+01,    0.93180E+02,    0.55999E+08
    0.22900E+01,    0.91640E+02,    0.74414E+08
    0.24900E+01,    0.89890E+02,    0.87354E+08
    0.23200E+01,    0.87770E+02,    0.94028E+08
    0.21700E+01,    0.85770E+02,    0.96053E+08
    0.20400E+01,    0.83820E+02,    0.96749E+08
    0.20100E+01,    0.81910E+02,    0.97074E+08
    0.20100E+01,    0.79960E+02,    0.97344E+08
    0.20200E+01,    0.78000E+02,    0.97673E+08
    0.20400E+01,    0.76000E+02,    0.98130E+08
    0.20600E+01,    0.74000E+02,    0.98794E+08
    0.20800E+01,    0.71970E+02,    0.99779E+08
    0.21000E+01,    0.69940E+02,    0.10132E+09
    0.21300E+01,    0.67880E+02,    0.10378E+09
    0.21700E+01,    0.65750E+02,    0.10906E+09
    0.22800E+01,    0.63340E+02,    0.11745E+09
    0.14700E+01,    0.61230E+02,    0.10604E+09
    0.13900E+01,    0.60510E+02,    0.46345E+08
    0.17100E+01,    0.60340E+02,    0.35205E+08
    0.21500E+01,    0.60230E+02,    0.33562E+08
    0.26400E+01,    0.60180E+02,    0.43728E+08
    0.30900E+01,    0.59980E+02,    0.37079E+08
    0.35700E+01,    0.59840E+02,    0.41545E+08
    0.40700E+01,    0.59740E+02,    0.52636E+08
    0.45400E+01,    0.59450E+02,    0.46557E+08
    0.50300E+01,    0.59180E+02,    0.45968E+08
    0.55000E+01,    0.58880E+02,    0.44324E+08
    0.58700E+01,    0.58570E+02,    0.38957E+08
    0.62500E+01,    0.58310E+02,    0.40254E+08
    0.66700E+01,    0.58030E+02,    0.45352E+08
    0.70700E+01,    0.57710E+02,    0.50927E+08
    0.74400E+01,    0.57380E+02,    0.57719E+08
    0.78000E+01,    0.57050E+02,    0.65825E+08
    0.81900E+01,    0.56730E+02,    0.73058E+08
    0.86000E+01,    0.56360E+02,    0.78888E+08
    0.90800E+01,    0.55870E+02,    0.82733E+08
    0.91900E+01,    0.55260E+02,    0.90586E+08
    0.93800E+01,    0.54770E+02,    0.97894E+08
    0.95700E+01,    0.54290E+02,    0.10424E+09
    0.97500E+01,    0.53820E+02,    0.10886E+09
    0.99200E+01,    0.53360E+02,    0.11219E+09
    0.10110E+02,    0.52930E+02,    0.11211E+09
    0.10430E+02,    0.52500E+02,    0.10517E+09
    0.10510E+02,    0.51860E+02,    0.10984E+09
    0.10560E+02,    0.51280E+02,    0.11197E+09
    0.10580E+02,    0.50740E+02,    0.11226E+09
    0.10570E+02,    0.50210E+02,    0.11134E+09
    0.10550E+02,    0.49690E+02,    0.10895E+09
    0.10510E+02,    0.49180E+02,    0.10517E+09
    0.10450E+02,    0.48670E+02,    0.10023E+09
    0.10380E+02,    0.48160E+02,    0.95091E+08
    0.10290E+02,    0.47650E+02,    0.89782E+08
    0.10170E+02,    0.47130E+02,    0.84127E+08
    0.10020E+02,    0.46610E+02,    0.78588E+08
    0.98400E+01,    0.46090E+02,    0.73144E+08
    0.95800E+01,    0.45670E+02,    0.66207E+08
    0.94000E+01,    0.45220E+02,    0.63316E+08
    0.92000E+01,    0.44710E+02,    0.61575E+08
    0.89500E+01,    0.44120E+02,    0.61252E+08
    0.85000E+01,    0.43800E+02,    0.55093E+08
    0.81700E+01,    0.43440E+02,    0.53553E+08
    0.78400E+01,    0.43070E+02,    0.53277E+08
    0.74900E+01,    0.42690E+02,    0.54264E+08
    0.71300E+01,    0.42340E+02,    0.56402E+08
    0.67600E+01,    0.42000E+02,    0.60240E+08
    0.64200E+01,    0.41650E+02,    0.65470E+08
    0.61200E+01,    0.41190E+02,    0.73265E+08
    0.55300E+01,    0.40880E+02,    0.82865E+08
    0.50000E+01,    0.40600E+02,    0.10061E+09
    0.44700E+01,    0.40390E+02,    0.12804E+09
    0.39800E+01,    0.40110E+02,    0.16066E+09
    0.35000E+01,    0.40070E+02,    0.20983E+09
    0.30300E+01,    0.39950E+02,    0.26311E+09
    0.25800E+01,    0.39750E+02,    0.29002E+09
    0.21100E+01,    0.39720E+02,    0.35108E+09
    0.16800E+01,    0.39630E+02,    0.37782E+09
    0.13600E+01,    0.39460E+02,    0.36069E+09
    0.13900E+01,    0.38710E+02,    0.17044E+09
    0.20200E+01,    0.36550E+02,    0.89462E+08
    0.19500E+01,    0.34220E+02,    0.81116E+08
    0.19700E+01,    0.32140E+02,    0.83359E+08
    0.20300E+01,    0.30110E+02,    0.87015E+08
    0.20600E+01,    0.28060E+02,    0.89770E+08
    0.20500E+01,    0.26030E+02,    0.91698E+08
    0.20500E+01,    0.24010E+02,    0.93001E+08
    0.20300E+01,    0.22000E+02,    0.93889E+08
    0.20300E+01,    0.20020E+02,    0.94512E+08
    0.20200E+01,    0.18020E+02,    0.94952E+08
    0.20400E+01,    0.16070E+02,    0.95268E+08
    0.20900E+01,    0.14060E+02,    0.95507E+08
    0.21800E+01,    0.12040E+02,    0.95690E+08
    0.22600E+01,    0.99500E+01,    0.95818E+08
    0.20900E+01,    0.82700E+01,    0.95943E+08
    0.23900E+01,    0.67800E+01,    0.96022E+08
    0.31200E+01,    0.57300E+01,    0.96027E+08
    0.69700E+01,    0.63700E+01,    0.96214E+08
    0.17790E+02,    0.96500E+01,    0.96265E+08
    0.28170E+02,    0.93600E+01,    0.96344E+08
    0.38550E+02,    0.10610E+02,    0.96370E+08
    0.40750E+02,    0.19280E+02,    0.96437E+08
    0.40580E+02,    0.28190E+02,    0.96452E+08
    0.40800E+02,    0.36670E+02,    0.96418E+08
    0.41780E+02,    0.44870E+02,    0.96357E+08
    0.41340E+02,    0.53300E+02,    0.96249E+08
    0.40710E+02,    0.62540E+02,    0.96165E+08
    0.41260E+02,    0.71900E+02,    0.95827E+08
    0.40920E+02,    0.80550E+02,    0.93390E+08
    0.38650E+02,    0.89370E+02,    0.80691E+08
    0.28400E+02,    0.90830E+02,    0.74527E+08
    0.18530E+02,    0.91200E+02,    0.77422E+08
    0.37810E+02,    0.46200E+02,    0.96370E+08
    0.35150E+02,    0.46520E+02,    0.96370E+08
    0.32920E+02,    0.46680E+02,    0.96367E+08
    0.30860E+02,    0.46990E+02,    0.96392E+08
    0.29470E+02,    0.46890E+02,    0.96406E+08
    0.28330E+02,    0.46900E+02,    0.96407E+08
    0.27230E+02,    0.46940E+02,    0.96427E+08
    0.26180E+02,    0.47020E+02,    0.96437E+08
    0.25260E+02,    0.47090E+02,    0.96449E+08
    0.24390E+02,    0.47180E+02,    0.96449E+08
    0.23500E+02,    0.47260E+02,    0.96449E+08
    0.22570E+02,    0.47380E+02,    0.96445E+08
    0.21670E+02,    0.47500E+02,    0.96445E+08
    0.20940E+02,    0.47690E+02,    0.96363E+08
    0.20270E+02,    0.47710E+02,    0.96350E+08
    0.19560E+02,    0.47740E+02,    0.96347E+08
    0.18830E+02,    0.47780E+02,    0.96319E+08
    0.18070E+02,    0.47850E+02,    0.96268E+08
    0.17320E+02,    0.47900E+02,    0.96172E+08
    0.16700E+02,    0.47860E+02,    0.96164E+08
    0.16120E+02,    0.47960E+02,    0.95968E+08
    0.15510E+02,    0.48080E+02,    0.95699E+08
    0.14910E+02,    0.48220E+02,    0.95367E+08
    0.14300E+02,    0.48300E+02,    0.95192E+08
    0.13680E+02,    0.48330E+02,    0.95304E+08
    0.13150E+02,    0.48280E+02,    0.96009E+08
    0.12640E+02,    0.48330E+02,    0.96883E+08
    0.12100E+02,    0.48410E+02,    0.98331E+08
    0.11550E+02,    0.48500E+02,    0.10035E+09
    0.10990E+02,    0.48590E+02,    0.10197E+09
    0.33820E+02,    0.26430E+02,    0.96510E+08
    0.29040E+02,    0.28540E+02,    0.96585E+08
    0.25300E+02,    0.27620E+02,    0.96696E+08
    0.22160E+02,    0.27430E+02,    0.96660E+08
    0.19320E+02,    0.27190E+02,    0.96592E+08
    0.16420E+02,    0.27770E+02,    0.96307E+08
    0.13100E+02,    0.27070E+02,    0.95758E+08
    0.10610E+02,    0.27940E+02,    0.94870E+08
    0.83800E+01,    0.28070E+02,    0.93445E+08
    0.62800E+01,    0.28200E+02,    0.92228E+08
    0.41300E+01,    0.28140E+02,    0.90845E+08
    0.33800E+02,    0.20440E+02,    0.96451E+08
    0.29390E+02,    0.18690E+02,    0.96421E+08
    0.25700E+02,    0.18420E+02,    0.96383E+08
    0.22360E+02,    0.18100E+02,    0.96312E+08
    0.19170E+02,    0.18090E+02,    0.96206E+08
    0.16210E+02,    0.18240E+02,    0.96061E+08
    0.13070E+02,    0.18600E+02,    0.95900E+08
    0.10190E+02,    0.17440E+02,    0.95721E+08
    0.79900E+01,    0.17980E+02,    0.95375E+08
    0.60000E+01,    0.18040E+02,    0.95202E+08
    0.40400E+01,    0.18080E+02,    0.95068E+08
    0.18820E+02,    0.14410E+02,    0.96189E+08
    0.16160E+02,    0.15290E+02,    0.96060E+08
    0.13570E+02,    0.15430E+02,    0.95975E+08
    0.10890E+02,    0.14750E+02,    0.95960E+08
    0.84700E+01,    0.13180E+02,    0.95795E+08
    0.63900E+01,    0.12720E+02,    0.95753E+08
    0.43700E+01,    0.12100E+02,    0.95743E+08
    0.47900E+01,    0.95600E+01,    0.95945E+08
    0.37500E+01,    0.83100E+01,    0.95937E+08
    0.43600E+01,    0.71700E+01,    0.96024E+08
    0.87400E+01,    0.10690E+02,    0.95845E+08
    0.12900E+02,    0.12060E+02,    0.96084E+08
    0.16050E+02,    0.12710E+02,    0.96096E+08
    0.14170E+02,    0.13480E+02,    0.95882E+08
    0.66400E+01,    0.10940E+02,    0.95603E+08
    0.79000E+01,    0.14870E+02,    0.95638E+08
    0.77300E+01,    0.16310E+02,    0.95546E+08
    0.40400E+01,    0.16130E+02,    0.95345E+08
    0.59800E+01,    0.16280E+02,    0.95430E+08
    0.41500E+01,    0.14220E+02,    0.95563E+08
    0.61000E+01,    0.14470E+02,    0.95594E+08
    0.90800E+01,    0.16410E+02,    0.95585E+08
    0.92800E+01,    0.15260E+02,    0.95637E+08
    0.29230E+02,    0.14630E+02,    0.96368E+08
    0.22090E+02,    0.15020E+02,    0.96307E+08
    0.25580E+02,    0.14950E+02,    0.96347E+08
    0.25130E+02,    0.12260E+02,    0.96411E+08
    0.21700E+02,    0.12210E+02,    0.96089E+08
    0.33900E+02,    0.15120E+02,    0.96492E+08
    0.22380E+02,    0.21390E+02,    0.96391E+08
    0.22330E+02,    0.24340E+02,    0.96501E+08
    0.99500E+01,    0.19870E+02,    0.95320E+08
    0.99300E+01,    0.21830E+02,    0.95142E+08
    0.10000E+02,    0.23910E+02,    0.94893E+08
    0.10110E+02,    0.25830E+02,    0.94767E+08
    0.60400E+01,    0.20010E+02,    0.94888E+08
    0.60600E+01,    0.21960E+02,    0.94480E+08
    0.61100E+01,    0.24010E+02,    0.93923E+08
    0.61700E+01,    0.26040E+02,    0.93165E+08
    0.40600E+01,    0.22010E+02,    0.94167E+08
    0.40800E+01,    0.24000E+02,    0.93428E+08
    0.41200E+01,    0.26060E+02,    0.92389E+08
    0.40400E+01,    0.20000E+02,    0.94689E+08
    0.80400E+01,    0.21950E+02,    0.94825E+08
    0.82000E+01,    0.25990E+02,    0.93993E+08
    0.80800E+01,    0.23920E+02,    0.94451E+08
    0.80000E+01,    0.19890E+02,    0.95088E+08
    0.16450E+02,    0.21410E+02,    0.96070E+08
    0.16480E+02,    0.24370E+02,    0.96115E+08
    0.13810E+02,    0.24260E+02,    0.95812E+08
    0.13760E+02,    0.21450E+02,    0.95776E+08
    0.11800E+02,    0.23850E+02,    0.95226E+08
    0.11790E+02,    0.21860E+02,    0.95418E+08
    0.11590E+02,    0.20030E+02,    0.95443E+08
    0.11700E+02,    0.25640E+02,    0.95047E+08
    0.19340E+02,    0.21200E+02,    0.96249E+08
    0.19370E+02,    0.24380E+02,    0.96365E+08
    0.28680E+02,    0.21890E+02,    0.96456E+08
    0.28620E+02,    0.24750E+02,    0.96542E+08
    0.25570E+02,    0.21430E+02,    0.96450E+08
    0.25430E+02,    0.24670E+02,    0.96567E+08
    0.31200E+02,    0.24570E+02,    0.96508E+08
    0.31270E+02,    0.22130E+02,    0.96555E+08
    0.21730E+02,    0.30150E+02,    0.96842E+08
    0.22180E+02,    0.32500E+02,    0.97165E+08
    0.22100E+02,    0.34270E+02,    0.97382E+08
    0.21910E+02,    0.36000E+02,    0.97587E+08
    0.21590E+02,    0.37610E+02,    0.97753E+08
    0.21910E+02,    0.39010E+02,    0.97913E+08
    0.21970E+02,    0.40130E+02,    0.97881E+08
    0.22010E+02,    0.41260E+02,    0.97814E+08
    0.22070E+02,    0.42370E+02,    0.97691E+08
    0.22230E+02,    0.43470E+02,    0.97474E+08
    0.22330E+02,    0.44480E+02,    0.97246E+08
    0.22380E+02,    0.45480E+02,    0.96994E+08
    0.22430E+02,    0.46440E+02,    0.96720E+08
    0.13140E+02,    0.29970E+02,    0.95886E+08
    0.13180E+02,    0.31490E+02,    0.96291E+08
    0.13290E+02,    0.32770E+02,    0.96838E+08
    0.13340E+02,    0.34040E+02,    0.97611E+08
    0.13400E+02,    0.35300E+02,    0.98626E+08
    0.13380E+02,    0.36470E+02,    0.99856E+08
    0.13350E+02,    0.37490E+02,    0.10113E+09
    0.13350E+02,    0.38440E+02,    0.10239E+09
    0.13390E+02,    0.39340E+02,    0.10356E+09
    0.13410E+02,    0.40200E+02,    0.10455E+09
    0.13440E+02,    0.41040E+02,    0.10528E+09
    0.13440E+02,    0.41830E+02,    0.10570E+09
    0.13420E+02,    0.42590E+02,    0.10578E+09
    0.13350E+02,    0.43400E+02,    0.10547E+09
    0.13610E+02,    0.44110E+02,    0.10462E+09
    0.13720E+02,    0.44760E+02,    0.10357E+09
    0.13760E+02,    0.45400E+02,    0.10242E+09
    0.13780E+02,    0.46040E+02,    0.10106E+09
    0.13760E+02,    0.46650E+02,    0.99658E+08
    0.13730E+02,    0.47220E+02,    0.98246E+08
    0.13710E+02,    0.47760E+02,    0.96811E+08
    0.38000E+01,    0.34200E+02,    0.82588E+08
    0.55100E+01,    0.34260E+02,    0.85879E+08
    0.70600E+01,    0.34350E+02,    0.89398E+08
    0.84200E+01,    0.34260E+02,    0.92284E+08
    0.97000E+01,    0.34120E+02,    0.94507E+08
    0.10910E+02,    0.34010E+02,    0.95961E+08
    0.12140E+02,    0.34030E+02,    0.97002E+08
    0.98000E+01,    0.35450E+02,    0.95650E+08
    0.99800E+01,    0.36650E+02,    0.97425E+08
    0.10130E+02,    0.37780E+02,    0.99425E+08
    0.10390E+02,    0.38680E+02,    0.10113E+09
    0.10470E+02,    0.39540E+02,    0.10205E+09
    0.10540E+02,    0.40430E+02,    0.10241E+09
    0.10640E+02,    0.41300E+02,    0.10206E+09
    0.10770E+02,    0.42240E+02,    0.10129E+09
    0.10490E+02,    0.43030E+02,    0.96121E+08
    0.10420E+02,    0.43750E+02,    0.92366E+08
    0.10450E+02,    0.44420E+02,    0.90316E+08
    0.10480E+02,    0.45050E+02,    0.89226E+08
    0.10400E+02,    0.45730E+02,    0.87283E+08
    0.10600E+02,    0.46390E+02,    0.91204E+08
    0.10730E+02,    0.46980E+02,    0.94543E+08
    0.10840E+02,    0.47530E+02,    0.97511E+08
    0.10920E+02,    0.48070E+02,    0.99988E+08
    0.38400E+01,    0.36110E+02,    0.84249E+08
    0.54900E+01,    0.36010E+02,    0.85529E+08
    0.71500E+01,    0.36130E+02,    0.90160E+08
    0.85600E+01,    0.35670E+02,    0.93404E+08
    0.27100E+01,    0.39050E+02,    0.17038E+09
    0.40500E+01,    0.39230E+02,    0.11872E+09
    0.54400E+01,    0.39060E+02,    0.92288E+08
    0.65800E+01,    0.38860E+02,    0.88857E+08
    0.75600E+01,    0.39030E+02,    0.90555E+08
    0.85200E+01,    0.39470E+02,    0.94791E+08
    0.95500E+01,    0.39590E+02,    0.98712E+08
    0.99100E+01,    0.45060E+02,    0.77614E+08
    0.95900E+01,    0.40500E+02,    0.97691E+08
    0.97100E+01,    0.41380E+02,    0.95360E+08
    0.98000E+01,    0.42210E+02,    0.91907E+08
    0.96500E+01,    0.43000E+02,    0.85044E+08
    0.96100E+01,    0.43790E+02,    0.78493E+08
    0.98000E+01,    0.44500E+02,    0.77482E+08
    0.52000E+01,    0.39950E+02,    0.97945E+08
    0.57900E+01,    0.40260E+02,    0.85683E+08
    0.64800E+01,    0.40540E+02,    0.80037E+08
    0.72700E+01,    0.40590E+02,    0.81277E+08
    0.79300E+01,    0.40490E+02,    0.85123E+08
    0.86100E+01,    0.40600E+02,    0.90757E+08
    0.91300E+01,    0.43240E+02,    0.73414E+08
    0.87900E+01,    0.43490E+02,    0.64339E+08
    0.67500E+01,    0.41390E+02,    0.69247E+08
    0.70100E+01,    0.41070E+02,    0.74496E+08
    0.73600E+01,    0.41350E+02,    0.72422E+08
    0.77400E+01,    0.41640E+02,    0.71707E+08
    0.82300E+01,    0.41890E+02,    0.74545E+08
    0.85900E+01,    0.42440E+02,    0.72429E+08
    0.88600E+01,    0.42890E+02,    0.71808E+08
    0.78400E+01,    0.42330E+02,    0.63700E+08
    0.74500E+01,    0.42000E+02,    0.64217E+08
    0.70800E+01,    0.41690E+02,    0.66206E+08
    0.81900E+01,    0.42750E+02,    0.62800E+08
    0.85000E+01,    0.43140E+02,    0.62942E+08
    0.88000E+01,    0.41490E+02,    0.85559E+08
    0.91000E+01,    0.42220E+02,    0.82013E+08
    0.91900E+01,    0.42700E+02,    0.78903E+08
    0.79400E+01,    0.41300E+02,    0.77757E+08
    0.82100E+01,    0.41030E+02,    0.83050E+08
    0.81900E+01,    0.41510E+02,    0.77909E+08
    0.84000E+01,    0.41350E+02,    0.81536E+08
    0.76200E+01,    0.41030E+02,    0.77871E+08
    0.79200E+01,    0.40850E+02,    0.81998E+08
    0.66700E+01,    0.40920E+02,    0.75242E+08
    0.65100E+01,    0.41170E+02,    0.71858E+08
    0.89900E+01,    0.43740E+02,    0.65627E+08
    0.92500E+01,    0.43600E+02,    0.72093E+08
    0.65800E+01,    0.39720E+02,    0.86206E+08
    0.73300E+01,    0.39820E+02,    0.86702E+08
    0.79200E+01,    0.39930E+02,    0.88645E+08
    0.59300E+01,    0.39690E+02,    0.87930E+08
    0.45800E+01,    0.39850E+02,    0.11807E+09
    0.99700E+01,    0.45490E+02,    0.77484E+08
    0.35500E+01,    0.39610E+02,    0.17172E+09
    0.31000E+01,    0.39530E+02,    0.20529E+09
    0.21900E+01,    0.39330E+02,    0.25522E+09
    0.17500E+01,    0.39220E+02,    0.26827E+09
    0.54300E+01,    0.37590E+02,    0.88145E+08
    0.89900E+01,    0.38180E+02,    0.96696E+08
    0.78000E+01,    0.37960E+02,    0.92198E+08
    0.67400E+01,    0.37630E+02,    0.89214E+08
    0.88600E+01,    0.36880E+02,    0.95133E+08
    0.79400E+01,    0.36980E+02,    0.92268E+08
    0.96400E+01,    0.38820E+02,    0.98921E+08
    0.40700E+01,    0.37660E+02,    0.95112E+08
    0.29300E+01,    0.37760E+02,    0.11349E+09
    0.11480E+02,    0.40330E+02,    0.10488E+09
    0.12450E+02,    0.40260E+02,    0.10534E+09
    0.11120E+02,    0.44380E+02,    0.98929E+08
    0.11760E+02,    0.44340E+02,    0.10336E+09
    0.12400E+02,    0.44310E+02,    0.10502E+09
    0.12990E+02,    0.44260E+02,    0.10519E+09
    0.11230E+02,    0.46270E+02,    0.98684E+08
    0.11870E+02,    0.46170E+02,    0.10177E+09
    0.12490E+02,    0.46100E+02,    0.10236E+09
    0.13130E+02,    0.46060E+02,    0.10191E+09
    0.11400E+02,    0.47430E+02,    0.10027E+09
    0.11980E+02,    0.47340E+02,    0.10054E+09
    0.12560E+02,    0.47270E+02,    0.99849E+08
    0.13140E+02,    0.47230E+02,    0.99007E+08
    0.12040E+02,    0.47890E+02,    0.99574E+08
    0.12590E+02,    0.47820E+02,    0.98423E+08
    0.13150E+02,    0.47780E+02,    0.97458E+08
    0.11480E+02,    0.47970E+02,    0.10059E+09
    0.11920E+02,    0.46770E+02,    0.10121E+09
    0.12530E+02,    0.46700E+02,    0.10117E+09
    0.13140E+02,    0.46660E+02,    0.10047E+09
    0.11330E+02,    0.46860E+02,    0.99639E+08
    0.11790E+02,    0.44940E+02,    0.10280E+09
    0.11810E+02,    0.45560E+02,    0.10219E+09
    0.11130E+02,    0.45000E+02,    0.98226E+08
    0.11150E+02,    0.45640E+02,    0.98133E+08
    0.13060E+02,    0.44830E+02,    0.10433E+09
    0.12420E+02,    0.44890E+02,    0.10430E+09
    0.13100E+02,    0.45440E+02,    0.10321E+09
    0.12460E+02,    0.45490E+02,    0.10343E+09
    0.11570E+02,    0.41180E+02,    0.10554E+09
    0.11670E+02,    0.41960E+02,    0.10566E+09
    0.11830E+02,    0.42590E+02,    0.10543E+09
    0.11820E+02,    0.43180E+02,    0.10487E+09
    0.11780E+02,    0.43760E+02,    0.10415E+09
    0.11110E+02,    0.43760E+02,    0.10007E+09
    0.11180E+02,    0.43160E+02,    0.10182E+09
    0.11240E+02,    0.42660E+02,    0.10267E+09
    0.12550E+02,    0.41860E+02,    0.10649E+09
    0.12400E+02,    0.43770E+02,    0.10554E+09
    0.12540E+02,    0.43220E+02,    0.10617E+09
    0.12570E+02,    0.42560E+02,    0.10650E+09
    0.12920E+02,    0.43800E+02,    0.10561E+09
    0.12490E+02,    0.41080E+02,    0.10614E+09
    0.11210E+02,    0.37600E+02,    0.10069E+09
    0.12280E+02,    0.37510E+02,    0.10117E+09
    0.11420E+02,    0.39460E+02,    0.10384E+09
    0.11330E+02,    0.38560E+02,    0.10245E+09
    0.12390E+02,    0.39390E+02,    0.10415E+09
    0.12340E+02,    0.38480E+02,    0.10274E+09
    0.11010E+02,    0.35310E+02,    0.97211E+08
    0.12180E+02,    0.35280E+02,    0.98151E+08
    0.11100E+02,    0.36510E+02,    0.98860E+08
    0.12240E+02,    0.36450E+02,    0.99585E+08
    0.85100E+01,    0.30220E+02,    0.92695E+08
    0.84500E+01,    0.31600E+02,    0.92230E+08
    0.84200E+01,    0.32860E+02,    0.92085E+08
    0.41200E+01,    0.30260E+02,    0.88395E+08
    0.39000E+01,    0.32260E+02,    0.85155E+08
    0.63800E+01,    0.30550E+02,    0.91167E+08
    0.57300E+01,    0.32460E+02,    0.87620E+08
    0.71200E+01,    0.32830E+02,    0.89677E+08
    0.73300E+01,    0.31650E+02,    0.90134E+08
    0.10770E+02,    0.30660E+02,    0.95007E+08
    0.10860E+02,    0.32560E+02,    0.95081E+08
    0.96400E+01,    0.32810E+02,    0.93839E+08
    0.96400E+01,    0.31690E+02,    0.93746E+08
    0.12060E+02,    0.32750E+02,    0.96201E+08
    0.12030E+02,    0.31650E+02,    0.95483E+08
    0.14380E+02,    0.39300E+02,    0.10260E+09
    0.15380E+02,    0.39250E+02,    0.10157E+09
    0.16410E+02,    0.39180E+02,    0.10057E+09
    0.17540E+02,    0.39130E+02,    0.99769E+08
    0.18690E+02,    0.39140E+02,    0.99139E+08
    0.19810E+02,    0.39180E+02,    0.98631E+08
    0.20850E+02,    0.39170E+02,    0.98258E+08
    0.14380E+02,    0.44030E+02,    0.10341E+09
    0.15170E+02,    0.43990E+02,    0.10217E+09
    0.15970E+02,    0.43960E+02,    0.10107E+09
    0.16800E+02,    0.43910E+02,    0.10012E+09
    0.17700E+02,    0.43860E+02,    0.99361E+08
    0.18610E+02,    0.43840E+02,    0.98763E+08
    0.19500E+02,    0.43810E+02,    0.98305E+08
    0.20330E+02,    0.43790E+02,    0.97988E+08
    0.21180E+02,    0.43570E+02,    0.97761E+08
    0.17750E+02,    0.44710E+02,    0.98836E+08
    0.17810E+02,    0.45550E+02,    0.98206E+08
    0.17930E+02,    0.46350E+02,    0.97513E+08
    0.18020E+02,    0.47110E+02,    0.96880E+08
    0.16000E+02,    0.44720E+02,    0.10035E+09
    0.15980E+02,    0.45470E+02,    0.99540E+08
    0.15850E+02,    0.46110E+02,    0.98774E+08
    0.15880E+02,    0.46740E+02,    0.97819E+08
    0.15990E+02,    0.47360E+02,    0.96845E+08
    0.14450E+02,    0.46050E+02,    0.10019E+09
    0.15160E+02,    0.46110E+02,    0.99344E+08
    0.14290E+02,    0.47740E+02,    0.96489E+08
    0.14290E+02,    0.47220E+02,    0.97717E+08
    0.14410E+02,    0.46690E+02,    0.98873E+08
    0.15370E+02,    0.47490E+02,    0.96752E+08
    0.15110E+02,    0.46850E+02,    0.98057E+08
    0.14820E+02,    0.47670E+02,    0.96492E+08
    0.14750E+02,    0.47250E+02,    0.97325E+08
    0.14440E+02,    0.44710E+02,    0.10249E+09
    0.15210E+02,    0.44700E+02,    0.10136E+09
    0.15200E+02,    0.45410E+02,    0.10040E+09
    0.14470E+02,    0.45390E+02,    0.10138E+09
    0.17280E+02,    0.47180E+02,    0.96908E+08
    0.17150E+02,    0.46460E+02,    0.97700E+08
    0.16840E+02,    0.45670E+02,    0.98615E+08
    0.16850E+02,    0.44740E+02,    0.99474E+08
    0.16630E+02,    0.47270E+02,    0.96902E+08
    0.16510E+02,    0.46650E+02,    0.97703E+08
    0.16410E+02,    0.46140E+02,    0.98325E+08
    0.19530E+02,    0.44650E+02,    0.97972E+08
    0.19560E+02,    0.45470E+02,    0.97588E+08
    0.19570E+02,    0.46290E+02,    0.97162E+08
    0.19550E+02,    0.47020E+02,    0.96765E+08
    0.18690E+02,    0.45500E+02,    0.97859E+08
    0.18750E+02,    0.46290E+02,    0.97349E+08
    0.18790E+02,    0.47050E+02,    0.96830E+08
    0.18650E+02,    0.44660E+02,    0.98349E+08
    0.20440E+02,    0.45490E+02,    0.97345E+08
    0.21380E+02,    0.45520E+02,    0.97133E+08
    0.20410E+02,    0.46340E+02,    0.96994E+08
    0.20270E+02,    0.47050E+02,    0.96669E+08
    0.21350E+02,    0.46590E+02,    0.96772E+08
    0.20860E+02,    0.47100E+02,    0.96576E+08
    0.20410E+02,    0.44610E+02,    0.97686E+08
    0.21330E+02,    0.44560E+02,    0.97439E+08
    0.17560E+02,    0.40150E+02,    0.99987E+08
    0.17560E+02,    0.41140E+02,    0.10010E+09
    0.17550E+02,    0.42110E+02,    0.10008E+09
    0.17630E+02,    0.43020E+02,    0.99779E+08
    0.16450E+02,    0.41130E+02,    0.10110E+09
    0.15400E+02,    0.41060E+02,    0.10248E+09
    0.14400E+02,    0.41030E+02,    0.10393E+09
    0.15410E+02,    0.40160E+02,    0.10208E+09
    0.14400E+02,    0.40180E+02,    0.10336E+09
    0.16460E+02,    0.40160E+02,    0.10091E+09
    0.14290E+02,    0.43320E+02,    0.10419E+09
    0.14300E+02,    0.42590E+02,    0.10444E+09
    0.14370E+02,    0.41840E+02,    0.10429E+09
    0.16360E+02,    0.42190E+02,    0.10108E+09
    0.15320E+02,    0.41920E+02,    0.10279E+09
    0.16670E+02,    0.43080E+02,    0.10073E+09
    0.15900E+02,    0.43250E+02,    0.10164E+09
    0.15130E+02,    0.43290E+02,    0.10273E+09
    0.15140E+02,    0.42620E+02,    0.10302E+09
    0.15800E+02,    0.42680E+02,    0.10202E+09
    0.20870E+02,    0.41290E+02,    0.98163E+08
    0.19760E+02,    0.41220E+02,    0.98688E+08
    0.18660E+02,    0.41160E+02,    0.99321E+08
    0.19790E+02,    0.40180E+02,    0.98696E+08
    0.20880E+02,    0.40210E+02,    0.98230E+08
    0.18680E+02,    0.40160E+02,    0.99277E+08
    0.18600E+02,    0.42990E+02,    0.99087E+08
    0.18630E+02,    0.42130E+02,    0.99245E+08
    0.20810E+02,    0.42530E+02,    0.97983E+08
    0.19680E+02,    0.42220E+02,    0.98629E+08
    0.19500E+02,    0.43040E+02,    0.98549E+08
    0.20220E+02,    0.43100E+02,    0.98208E+08
    0.14500E+02,    0.32730E+02,    0.97244E+08
    0.15820E+02,    0.32480E+02,    0.97278E+08
    0.17360E+02,    0.32500E+02,    0.97435E+08
    0.18960E+02,    0.32630E+02,    0.97416E+08
    0.20480E+02,    0.32630E+02,    0.97356E+08
    0.17480E+02,    0.38060E+02,    0.99477E+08
    0.17390E+02,    0.36860E+02,    0.99035E+08
    0.17400E+02,    0.35500E+02,    0.98428E+08
    0.17420E+02,    0.34060E+02,    0.97874E+08
    0.18870E+02,    0.35580E+02,    0.98190E+08
    0.20340E+02,    0.35710E+02,    0.97900E+08
    0.18710E+02,    0.38080E+02,    0.98928E+08
    0.18780E+02,    0.36910E+02,    0.98584E+08
    0.20150E+02,    0.37120E+02,    0.98220E+08
    0.19860E+02,    0.38170E+02,    0.98507E+08
    0.20780E+02,    0.38330E+02,    0.98277E+08
    0.20470E+02,    0.34230E+02,    0.97607E+08
    0.18910E+02,    0.34110E+02,    0.97792E+08
    0.14630E+02,    0.35360E+02,    0.98760E+08
    0.15970E+02,    0.35470E+02,    0.98595E+08
    0.14350E+02,    0.38410E+02,    0.10175E+09
    0.14360E+02,    0.37540E+02,    0.10087E+09
    0.14570E+02,    0.36580E+02,    0.99807E+08
    0.15870E+02,    0.36940E+02,    0.99333E+08
    0.15290E+02,    0.38370E+02,    0.10107E+09
    0.16270E+02,    0.38140E+02,    0.10019E+09
    0.15180E+02,    0.37620E+02,    0.10071E+09
    0.14620E+02,    0.34060E+02,    0.97892E+08
    0.15930E+02,    0.34020E+02,    0.97898E+08
    0.19460E+02,    0.29520E+02,    0.96872E+08
    0.19020E+02,    0.31060E+02,    0.97079E+08
    0.15390E+02,    0.30520E+02,    0.96651E+08
    0.17400E+02,    0.30920E+02,    0.96967E+08
    0.17720E+02,    0.29350E+02,    0.96749E+08
    0.14380E+02,    0.31610E+02,    0.96947E+08
    0.20420E+02,    0.31350E+02,    0.97259E+08
    0.23610E+02,    0.36220E+02,    0.97388E+08
    0.25430E+02,    0.36830E+02,    0.97088E+08
    0.27680E+02,    0.36140E+02,    0.96963E+08
    0.30320E+02,    0.36120E+02,    0.96776E+08
    0.32940E+02,    0.36790E+02,    0.96651E+08
    0.36140E+02,    0.37040E+02,    0.96587E+08
    0.32330E+02,    0.39790E+02,    0.96595E+08
    0.32410E+02,    0.42140E+02,    0.96589E+08
    0.32520E+02,    0.44340E+02,    0.96476E+08
    0.23200E+02,    0.42300E+02,    0.97433E+08
    0.24290E+02,    0.42170E+02,    0.97243E+08
    0.25420E+02,    0.42030E+02,    0.97074E+08
    0.26690E+02,    0.41840E+02,    0.96935E+08
    0.28020E+02,    0.41810E+02,    0.96811E+08
    0.29350E+02,    0.41910E+02,    0.96722E+08
    0.30670E+02,    0.42350E+02,    0.96620E+08
    0.28110E+02,    0.43160E+02,    0.96713E+08
    0.28380E+02,    0.44490E+02,    0.96626E+08
    0.28290E+02,    0.45700E+02,    0.96522E+08
    0.26990E+02,    0.44560E+02,    0.96688E+08
    0.25610E+02,    0.44770E+02,    0.96749E+08
    0.24420E+02,    0.44490E+02,    0.96935E+08
    0.23360E+02,    0.44460E+02,    0.97077E+08
    0.25570E+02,    0.43330E+02,    0.96931E+08
    0.26830E+02,    0.43250E+02,    0.96819E+08
    0.24400E+02,    0.43370E+02,    0.97093E+08
    0.23300E+02,    0.43380E+02,    0.97274E+08
    0.23400E+02,    0.46370E+02,    0.96663E+08
    0.24310E+02,    0.46290E+02,    0.96618E+08
    0.25160E+02,    0.46210E+02,    0.96596E+08
    0.26030E+02,    0.45940E+02,    0.96601E+08
    0.27130E+02,    0.45790E+02,    0.96558E+08
    0.23360E+02,    0.45420E+02,    0.96884E+08
    0.24280E+02,    0.45430E+02,    0.96784E+08
    0.25020E+02,    0.45460E+02,    0.96706E+08
    0.30150E+02,    0.44490E+02,    0.96483E+08
    0.29300E+02,    0.45700E+02,    0.96475E+08
    0.29190E+02,    0.43200E+02,    0.96644E+08
    0.27930E+02,    0.38480E+02,    0.96929E+08
    0.27990E+02,    0.40230E+02,    0.96901E+08
    0.23180E+02,    0.39010E+02,    0.97608E+08
    0.24550E+02,    0.39330E+02,    0.97287E+08
    0.26100E+02,    0.38700E+02,    0.97145E+08
    0.26470E+02,    0.40400E+02,    0.97040E+08
    0.23100E+02,    0.41170E+02,    0.97551E+08
    0.23050E+02,    0.40140E+02,    0.97623E+08
    0.25150E+02,    0.40670E+02,    0.97232E+08
    0.24120E+02,    0.41070E+02,    0.97375E+08
    0.23910E+02,    0.40140E+02,    0.97478E+08
    0.23200E+02,    0.37730E+02,    0.97582E+08
    0.24400E+02,    0.37900E+02,    0.97409E+08
    0.29530E+02,    0.40430E+02,    0.96774E+08
    0.30030E+02,    0.38630E+02,    0.96766E+08
    0.30840E+02,    0.40810E+02,    0.96688E+08
    0.36730E+02,    0.43350E+02,    0.96434E+08
    0.35540E+02,    0.40420E+02,    0.96497E+08
    0.38960E+02,    0.42690E+02,    0.96477E+08
    0.38420E+02,    0.39950E+02,    0.96493E+08
    0.34620E+02,    0.44080E+02,    0.96457E+08
    0.34180E+02,    0.42220E+02,    0.96525E+08
    0.30750E+02,    0.32650E+02,    0.96650E+08
    0.35350E+02,    0.34070E+02,    0.96567E+08
    0.34360E+02,    0.31130E+02,    0.96580E+08
    0.37900E+02,    0.33980E+02,    0.96547E+08
    0.37630E+02,    0.30990E+02,    0.96618E+08
    0.32990E+02,    0.34580E+02,    0.96708E+08
    0.24400E+02,    0.32630E+02,    0.97047E+08
    0.27010E+02,    0.33480E+02,    0.96836E+08
    0.23880E+02,    0.34570E+02,    0.97243E+08
    0.25440E+02,    0.34870E+02,    0.97184E+08
    0.24560E+02,    0.30370E+02,    0.96907E+08
    0.26880E+02,    0.30670E+02,    0.96914E+08
    0.41700E+01,    0.71970E+02,    0.99364E+08
    0.62600E+01,    0.71990E+02,    0.98803E+08
    0.83700E+01,    0.72130E+02,    0.98176E+08
    0.10570E+02,    0.72400E+02,    0.97547E+08
    0.13030E+02,    0.73290E+02,    0.96923E+08
    0.16080E+02,    0.73080E+02,    0.96630E+08
    0.19000E+02,    0.72950E+02,    0.96349E+08
    0.22000E+02,    0.72620E+02,    0.96202E+08
    0.25150E+02,    0.72300E+02,    0.96113E+08
    0.28670E+02,    0.71810E+02,    0.96032E+08
    0.33330E+02,    0.71790E+02,    0.96108E+08
    0.39500E+01,    0.81790E+02,    0.97022E+08
    0.57900E+01,    0.81740E+02,    0.96952E+08
    0.74400E+01,    0.81780E+02,    0.96810E+08
    0.93100E+01,    0.82420E+02,    0.96506E+08
    0.12080E+02,    0.81720E+02,    0.96291E+08
    0.15550E+02,    0.82170E+02,    0.95785E+08
    0.18890E+02,    0.82280E+02,    0.95544E+08
    0.22290E+02,    0.82060E+02,    0.95401E+08
    0.25710E+02,    0.81630E+02,    0.95252E+08
    0.29380E+02,    0.81050E+02,    0.95083E+08
    0.33760E+02,    0.79030E+02,    0.95255E+08
    0.18690E+02,    0.86140E+02,    0.92212E+08
    0.29350E+02,    0.85380E+02,    0.90922E+08
    0.33940E+02,    0.84640E+02,    0.89759E+08
    0.25680E+02,    0.85160E+02,    0.91798E+08
    0.22160E+02,    0.85340E+02,    0.92202E+08
    0.22060E+02,    0.88240E+02,    0.83957E+08
    0.25370E+02,    0.88030E+02,    0.82940E+08
    0.46900E+01,    0.87420E+02,    0.94485E+08
    0.67600E+01,    0.86310E+02,    0.94840E+08
    0.83700E+01,    0.85210E+02,    0.95239E+08
    0.96400E+01,    0.84300E+02,    0.95485E+08
    0.11300E+02,    0.85360E+02,    0.94992E+08
    0.15030E+02,    0.85500E+02,    0.92968E+08
    0.53200E+01,    0.90050E+02,    0.89771E+08
    0.10320E+02,    0.88820E+02,    0.90373E+08
    0.79300E+01,    0.87890E+02,    0.92236E+08
    0.91700E+01,    0.86120E+02,    0.93793E+08
    0.14670E+02,    0.88560E+02,    0.85572E+08
    0.47100E+01,    0.92760E+02,    0.63710E+08
    0.41200E+01,    0.91510E+02,    0.70494E+08
    0.76900E+01,    0.83840E+02,    0.96238E+08
    0.70100E+01,    0.83030E+02,    0.96555E+08
    0.57300E+01,    0.83280E+02,    0.96657E+08
    0.40200E+01,    0.83610E+02,    0.96706E+08
    0.42400E+01,    0.85390E+02,    0.96089E+08
    0.61500E+01,    0.84760E+02,    0.96092E+08
    0.22180E+02,    0.75680E+02,    0.96254E+08
    0.22260E+02,    0.78740E+02,    0.96152E+08
    0.10040E+02,    0.74360E+02,    0.97502E+08
    0.98400E+01,    0.76220E+02,    0.97280E+08
    0.96600E+01,    0.78230E+02,    0.97081E+08
    0.94200E+01,    0.80160E+02,    0.96873E+08
    0.61500E+01,    0.74060E+02,    0.98192E+08
    0.60500E+01,    0.76030E+02,    0.97752E+08
    0.59700E+01,    0.78030E+02,    0.97441E+08
    0.58600E+01,    0.79910E+02,    0.97183E+08
    0.40200E+01,    0.77980E+02,    0.97568E+08
    0.39800E+01,    0.79940E+02,    0.97273E+08
    0.41200E+01,    0.74000E+02,    0.98528E+08
    0.40700E+01,    0.76020E+02,    0.97968E+08
    0.78400E+01,    0.78070E+02,    0.97279E+08
    0.81500E+01,    0.74130E+02,    0.97802E+08
    0.79900E+01,    0.76140E+02,    0.97511E+08
    0.76900E+01,    0.80030E+02,    0.97072E+08
    0.16030E+02,    0.78930E+02,    0.96420E+08
    0.16200E+02,    0.76020E+02,    0.96592E+08
    0.19100E+02,    0.79010E+02,    0.96270E+08
    0.19120E+02,    0.75850E+02,    0.96390E+08
    0.13540E+02,    0.76050E+02,    0.96803E+08
    0.13300E+02,    0.78800E+02,    0.96653E+08
    0.11610E+02,    0.76330E+02,    0.97057E+08
    0.11400E+02,    0.78310E+02,    0.96891E+08
    0.11020E+02,    0.80120E+02,    0.96683E+08
    0.11570E+02,    0.74600E+02,    0.97422E+08
    0.28400E+02,    0.74980E+02,    0.96133E+08
    0.28620E+02,    0.77890E+02,    0.95997E+08
    0.25490E+02,    0.78460E+02,    0.96061E+08
    0.25320E+02,    0.75310E+02,    0.96174E+08
    0.31130E+02,    0.77260E+02,    0.95735E+08
    0.30990E+02,    0.74650E+02,    0.95977E+08
    0.22700E+02,    0.48270E+02,    0.96199E+08
    0.22800E+02,    0.49170E+02,    0.95961E+08
    0.22930E+02,    0.50100E+02,    0.95748E+08
    0.23030E+02,    0.51060E+02,    0.95557E+08
    0.23080E+02,    0.52050E+02,    0.95396E+08
    0.23040E+02,    0.53030E+02,    0.95264E+08
    0.22790E+02,    0.54100E+02,    0.95159E+08
    0.23000E+02,    0.55190E+02,    0.95051E+08
    0.23320E+02,    0.56240E+02,    0.95101E+08
    0.23470E+02,    0.57470E+02,    0.95139E+08
    0.23570E+02,    0.58820E+02,    0.95183E+08
    0.23860E+02,    0.60170E+02,    0.95324E+08
    0.24140E+02,    0.61630E+02,    0.95460E+08
    0.24310E+02,    0.63070E+02,    0.95571E+08
    0.24060E+02,    0.64750E+02,    0.95658E+08
    0.23930E+02,    0.66880E+02,    0.95817E+08
    0.24610E+02,    0.69270E+02,    0.96002E+08
    0.44300E+01,    0.63720E+02,    0.11187E+09
    0.63200E+01,    0.63840E+02,    0.10562E+09
    0.81600E+01,    0.63650E+02,    0.10135E+09
    0.10090E+02,    0.62880E+02,    0.97692E+08
    0.12380E+02,    0.62900E+02,    0.95982E+08
    0.14280E+02,    0.62690E+02,    0.95312E+08
    0.16140E+02,    0.62600E+02,    0.95040E+08
    0.17860E+02,    0.62600E+02,    0.94991E+08
    0.19560E+02,    0.62550E+02,    0.95084E+08
    0.21230E+02,    0.62380E+02,    0.95305E+08
    0.22670E+02,    0.61870E+02,    0.95348E+08
    0.13370E+02,    0.70170E+02,    0.97004E+08
    0.13570E+02,    0.67270E+02,    0.96706E+08
    0.12720E+02,    0.64940E+02,    0.96709E+08
    0.17990E+02,    0.64220E+02,    0.95419E+08
    0.18100E+02,    0.65820E+02,    0.95767E+08
    0.18540E+02,    0.67630E+02,    0.95996E+08
    0.18810E+02,    0.70110E+02,    0.96209E+08
    0.16090E+02,    0.70300E+02,    0.96527E+08
    0.16100E+02,    0.67750E+02,    0.96216E+08
    0.16310E+02,    0.65940E+02,    0.95900E+08
    0.16200E+02,    0.64280E+02,    0.95635E+08
    0.14510E+02,    0.64460E+02,    0.96025E+08
    0.14760E+02,    0.65860E+02,    0.96351E+08
    0.21110E+02,    0.66780E+02,    0.95903E+08
    0.21830E+02,    0.64220E+02,    0.95698E+08
    0.19740E+02,    0.64130E+02,    0.95366E+08
    0.19660E+02,    0.65590E+02,    0.95664E+08
    0.22940E+02,    0.63060E+02,    0.95536E+08
    0.21630E+02,    0.69720E+02,    0.96052E+08
    0.10840E+02,    0.67530E+02,    0.97902E+08
    0.85300E+01,    0.67710E+02,    0.99358E+08
    0.63500E+01,    0.67780E+02,    0.10107E+09
    0.42500E+01,    0.67830E+02,    0.10264E+09
    0.42900E+01,    0.65750E+02,    0.10628E+09
    0.63400E+01,    0.65740E+02,    0.10311E+09
    0.83700E+01,    0.65560E+02,    0.10030E+09
    0.10520E+02,    0.65240E+02,    0.98196E+08
    0.85100E+01,    0.69910E+02,    0.98699E+08
    0.42100E+01,    0.69900E+02,    0.10063E+09
    0.63300E+01,    0.69910E+02,    0.99712E+08
    0.10830E+02,    0.70020E+02,    0.97728E+08
    0.14320E+02,    0.48910E+02,    0.93772E+08
    0.14420E+02,    0.49550E+02,    0.92425E+08
    0.14530E+02,    0.50210E+02,    0.91369E+08
    0.14640E+02,    0.50880E+02,    0.90575E+08
    0.14730E+02,    0.51580E+02,    0.90009E+08
    0.14810E+02,    0.52300E+02,    0.89693E+08
    0.14870E+02,    0.53060E+02,    0.89581E+08
    0.14890E+02,    0.53840E+02,    0.89650E+08
    0.14910E+02,    0.54650E+02,    0.89870E+08
    0.15030E+02,    0.55470E+02,    0.90427E+08
    0.15340E+02,    0.56250E+02,    0.91178E+08
    0.15540E+02,    0.57220E+02,    0.91988E+08
    0.15660E+02,    0.58170E+02,    0.92654E+08
    0.15640E+02,    0.59260E+02,    0.93154E+08
    0.16140E+02,    0.60740E+02,    0.94444E+08
    0.11060E+02,    0.49110E+02,    0.10309E+09
    0.11120E+02,    0.49630E+02,    0.10307E+09
    0.11160E+02,    0.50160E+02,    0.10206E+09
    0.11200E+02,    0.50710E+02,    0.99932E+08
    0.11210E+02,    0.51290E+02,    0.97096E+08
    0.11200E+02,    0.51920E+02,    0.93493E+08
    0.11160E+02,    0.52650E+02,    0.89404E+08
    0.11350E+02,    0.53370E+02,    0.85605E+08
    0.11590E+02,    0.54030E+02,    0.84082E+08
    0.11700E+02,    0.54680E+02,    0.84359E+08
    0.11790E+02,    0.55430E+02,    0.85439E+08
    0.11930E+02,    0.56150E+02,    0.87032E+08
    0.11980E+02,    0.56930E+02,    0.88555E+08
    0.12100E+02,    0.57740E+02,    0.90302E+08
    0.12130E+02,    0.58580E+02,    0.91698E+08
    0.12450E+02,    0.59570E+02,    0.92848E+08
    0.12370E+02,    0.61010E+02,    0.94232E+08
    0.10980E+02,    0.58530E+02,    0.91709E+08
    0.98200E+01,    0.59210E+02,    0.93592E+08
    0.85300E+01,    0.59570E+02,    0.96657E+08
    0.75400E+01,    0.60100E+02,    0.10036E+09
    0.65800E+01,    0.60290E+02,    0.10279E+09
    0.55700E+01,    0.60230E+02,    0.10086E+09
    0.42800E+01,    0.60460E+02,    0.97390E+08
    0.28700E+01,    0.60800E+02,    0.95450E+08
    0.53000E+01,    0.59620E+02,    0.79598E+08
    0.11080E+02,    0.56900E+02,    0.87691E+08
    0.10260E+02,    0.57500E+02,    0.88294E+08
    0.92500E+01,    0.57990E+02,    0.89596E+08
    0.84700E+01,    0.58520E+02,    0.91150E+08
    0.77500E+01,    0.58550E+02,    0.88243E+08
    0.71200E+01,    0.58880E+02,    0.87158E+08
    0.65100E+01,    0.59090E+02,    0.83667E+08
    0.58900E+01,    0.59220E+02,    0.76492E+08
    0.69000E+01,    0.58410E+02,    0.71222E+08
    0.64400E+01,    0.58660E+02,    0.67238E+08
    0.60600E+01,    0.58810E+02,    0.61459E+08
    0.73700E+01,    0.58110E+02,    0.74626E+08
    0.10470E+02,    0.53130E+02,    0.97117E+08
    0.10850E+02,    0.53270E+02,    0.89367E+08
    0.82900E+01,    0.57950E+02,    0.85541E+08
    0.80800E+01,    0.57510E+02,    0.77973E+08
    0.10990E+02,    0.55540E+02,    0.84525E+08
    0.10460E+02,    0.56180E+02,    0.84776E+08
    0.97100E+01,    0.56500E+02,    0.84415E+08
    0.90200E+01,    0.57040E+02,    0.83600E+08
    0.84900E+01,    0.57240E+02,    0.80831E+08
    0.11080E+02,    0.54760E+02,    0.83843E+08
    0.10510E+02,    0.54610E+02,    0.84857E+08
    0.10030E+02,    0.54470E+02,    0.89707E+08
    0.10710E+02,    0.53640E+02,    0.88611E+08
    0.10620E+02,    0.54100E+02,    0.86539E+08
    0.10320E+02,    0.53530E+02,    0.95644E+08
    0.10180E+02,    0.53960E+02,    0.93254E+08
    0.11080E+02,    0.54130E+02,    0.84386E+08
    0.11050E+02,    0.53720E+02,    0.85825E+08
    0.10040E+02,    0.55680E+02,    0.83860E+08
    0.96400E+01,    0.55430E+02,    0.85050E+08
    0.10350E+02,    0.55220E+02,    0.83798E+08
    0.98400E+01,    0.54950E+02,    0.87160E+08
    0.94800E+01,    0.55750E+02,    0.84274E+08
    0.97500E+01,    0.56000E+02,    0.83845E+08
    0.86900E+01,    0.57740E+02,    0.85994E+08
    0.11340E+02,    0.56220E+02,    0.86375E+08
    0.77100E+01,    0.57760E+02,    0.74664E+08
    0.79300E+01,    0.58100E+02,    0.83499E+08
    0.10870E+02,    0.52910E+02,    0.92239E+08
    0.10590E+02,    0.52850E+02,    0.98214E+08
    0.11390E+02,    0.57740E+02,    0.90032E+08
    0.66100E+01,    0.59630E+02,    0.96049E+08
    0.72900E+01,    0.59440E+02,    0.96093E+08
    0.78700E+01,    0.59190E+02,    0.94539E+08
    0.60200E+01,    0.59700E+02,    0.92780E+08
    0.32100E+01,    0.60330E+02,    0.71674E+08
    0.36900E+01,    0.60210E+02,    0.74235E+08
    0.47100E+01,    0.59840E+02,    0.76184E+08
    0.18200E+01,    0.60720E+02,    0.74067E+08
    0.22800E+01,    0.60590E+02,    0.71518E+08
    0.77200E+01,    0.61100E+02,    0.10228E+09
    0.78000E+01,    0.62250E+02,    0.10277E+09
    0.48200E+01,    0.61920E+02,    0.11342E+09
    0.33200E+01,    0.62030E+02,    0.12045E+09
    0.63900E+01,    0.62310E+02,    0.10752E+09
    0.65900E+01,    0.61190E+02,    0.10652E+09
    0.56600E+01,    0.61120E+02,    0.10950E+09
    0.10520E+02,    0.60720E+02,    0.95766E+08
    0.89300E+01,    0.60840E+02,    0.98344E+08
    0.89500E+01,    0.62000E+02,    0.99545E+08
    0.11310E+02,    0.59610E+02,    0.93694E+08
    0.14090E+02,    0.52370E+02,    0.88348E+08
    0.13390E+02,    0.52420E+02,    0.86984E+08
    0.12690E+02,    0.52490E+02,    0.85846E+08
    0.11960E+02,    0.52570E+02,    0.85716E+08
    0.13830E+02,    0.50330E+02,    0.90407E+08
    0.13150E+02,    0.50460E+02,    0.89765E+08
    0.12480E+02,    0.50570E+02,    0.90220E+08
    0.11830E+02,    0.50660E+02,    0.93025E+08
    0.12180E+02,    0.48920E+02,    0.96704E+08
    0.12290E+02,    0.49430E+02,    0.94687E+08
    0.12400E+02,    0.49990E+02,    0.92370E+08
    0.11700E+02,    0.49540E+02,    0.97848E+08
    0.11770E+02,    0.50090E+02,    0.95617E+08
    0.11620E+02,    0.49020E+02,    0.99478E+08
    0.13710E+02,    0.49680E+02,    0.91753E+08
    0.13040E+02,    0.49850E+02,    0.91461E+08
    0.12900E+02,    0.49270E+02,    0.93363E+08
    0.13550E+02,    0.48970E+02,    0.93722E+08
    0.12710E+02,    0.48800E+02,    0.95259E+08
    0.13140E+02,    0.48690E+02,    0.94847E+08
    0.13320E+02,    0.51750E+02,    0.87485E+08
    0.13240E+02,    0.51090E+02,    0.88427E+08
    0.14020E+02,    0.51670E+02,    0.88720E+08
    0.13930E+02,    0.50990E+02,    0.89398E+08
    0.12620E+02,    0.51820E+02,    0.86768E+08
    0.11920E+02,    0.51890E+02,    0.87732E+08
    0.12560E+02,    0.51190E+02,    0.88246E+08
    0.11880E+02,    0.51250E+02,    0.90316E+08
    0.14630E+02,    0.57430E+02,    0.91519E+08
    0.13770E+02,    0.57750E+02,    0.91373E+08
    0.12910E+02,    0.57710E+02,    0.90601E+08
    0.12770E+02,    0.53160E+02,    0.85562E+08
    0.12880E+02,    0.53820E+02,    0.85838E+08
    0.12990E+02,    0.54440E+02,    0.86468E+08
    0.13240E+02,    0.55080E+02,    0.87474E+08
    0.13430E+02,    0.55890E+02,    0.88666E+08
    0.13610E+02,    0.56760E+02,    0.89996E+08
    0.12510E+02,    0.55280E+02,    0.86493E+08
    0.12790E+02,    0.56870E+02,    0.89272E+08
    0.12670E+02,    0.56050E+02,    0.87797E+08
    0.12220E+02,    0.53910E+02,    0.84695E+08
    0.12080E+02,    0.53250E+02,    0.84679E+08
    0.12360E+02,    0.54590E+02,    0.85352E+08
    0.14450E+02,    0.56540E+02,    0.90601E+08
    0.14240E+02,    0.55650E+02,    0.89526E+08
    0.14000E+02,    0.54710E+02,    0.88728E+08
    0.14140E+02,    0.53850E+02,    0.88395E+08
    0.14130E+02,    0.53090E+02,    0.88249E+08
    0.13450E+02,    0.53110E+02,    0.86852E+08
    0.13490E+02,    0.53760E+02,    0.87037E+08
    0.13500E+02,    0.54300E+02,    0.87374E+08
    0.13960E+02,    0.59020E+02,    0.93096E+08
    0.13000E+02,    0.58450E+02,    0.91715E+08
    0.14750E+02,    0.58230E+02,    0.92475E+08
    0.14200E+02,    0.60890E+02,    0.94024E+08
    0.22130E+02,    0.56450E+02,    0.94835E+08
    0.21040E+02,    0.56560E+02,    0.94495E+08
    0.19970E+02,    0.56610E+02,    0.94122E+08
    0.18850E+02,    0.56650E+02,    0.93640E+08
    0.17700E+02,    0.56790E+02,    0.93078E+08
    0.16570E+02,    0.56950E+02,    0.92425E+08
    0.22180E+02,    0.52060E+02,    0.95201E+08
    0.21310E+02,    0.52140E+02,    0.94958E+08
    0.20470E+02,    0.52260E+02,    0.94644E+08
    0.19640E+02,    0.52400E+02,    0.94258E+08
    0.18820E+02,    0.52550E+02,    0.93808E+08
    0.18010E+02,    0.52710E+02,    0.93269E+08
    0.17200E+02,    0.52840E+02,    0.92576E+08
    0.16400E+02,    0.52940E+02,    0.91714E+08
    0.15620E+02,    0.53000E+02,    0.90711E+08
    0.18110E+02,    0.48600E+02,    0.95647E+08
    0.18230E+02,    0.49370E+02,    0.95065E+08
    0.18390E+02,    0.50140E+02,    0.94628E+08
    0.18540E+02,    0.50930E+02,    0.94265E+08
    0.18680E+02,    0.51730E+02,    0.93992E+08
    0.15360E+02,    0.50760E+02,    0.91693E+08
    0.16080E+02,    0.50630E+02,    0.92648E+08
    0.16830E+02,    0.50470E+02,    0.93472E+08
    0.17600E+02,    0.50300E+02,    0.94127E+08
    0.16960E+02,    0.51230E+02,    0.93038E+08
    0.17090E+02,    0.52020E+02,    0.92743E+08
    0.15550E+02,    0.52230E+02,    0.90860E+08
    0.16300E+02,    0.52130E+02,    0.91873E+08
    0.15460E+02,    0.51480E+02,    0.91184E+08
    0.16200E+02,    0.51360E+02,    0.92192E+08
    0.17880E+02,    0.51880E+02,    0.93442E+08
    0.17740E+02,    0.51080E+02,    0.93724E+08
    0.15950E+02,    0.49930E+02,    0.93249E+08
    0.15800E+02,    0.49260E+02,    0.93991E+08
    0.15640E+02,    0.48670E+02,    0.94761E+08
    0.17430E+02,    0.49530E+02,    0.94638E+08
    0.16670E+02,    0.49740E+02,    0.94016E+08
    0.17210E+02,    0.48680E+02,    0.95441E+08
    0.16490E+02,    0.49050E+02,    0.94652E+08
    0.16240E+02,    0.48500E+02,    0.95222E+08
    0.16730E+02,    0.48350E+02,    0.95571E+08
    0.15120E+02,    0.49430E+02,    0.93226E+08
    0.15240E+02,    0.50080E+02,    0.92364E+08
    0.15000E+02,    0.48800E+02,    0.94253E+08
    0.21980E+02,    0.50220E+02,    0.95579E+08
    0.21050E+02,    0.50350E+02,    0.95372E+08
    0.20170E+02,    0.50560E+02,    0.95068E+08
    0.19350E+02,    0.50760E+02,    0.94701E+08
    0.18890E+02,    0.48510E+02,    0.95818E+08
    0.19010E+02,    0.49230E+02,    0.95381E+08
    0.19180E+02,    0.49970E+02,    0.95023E+08
    0.20970E+02,    0.48440E+02,    0.96070E+08
    0.20820E+02,    0.49350E+02,    0.95746E+08
    0.19620E+02,    0.48430E+02,    0.95953E+08
    0.19720E+02,    0.49080E+02,    0.95607E+08
    0.19980E+02,    0.49740E+02,    0.95352E+08
    0.20280E+02,    0.48380E+02,    0.96041E+08
    0.20280E+02,    0.48930E+02,    0.95784E+08
    0.21790E+02,    0.48380E+02,    0.96154E+08
    0.21860E+02,    0.49280E+02,    0.95858E+08
    0.21200E+02,    0.51260E+02,    0.95136E+08
    0.22100E+02,    0.51150E+02,    0.95372E+08
    0.20330E+02,    0.51420E+02,    0.94824E+08
    0.19500E+02,    0.51580E+02,    0.94443E+08
    0.19780E+02,    0.53220E+02,    0.94147E+08
    0.19910E+02,    0.54020E+02,    0.94120E+08
    0.20010E+02,    0.54780E+02,    0.94129E+08
    0.19930E+02,    0.55610E+02,    0.94060E+08
    0.17310E+02,    0.53710E+02,    0.92545E+08
    0.17430E+02,    0.54640E+02,    0.92630E+08
    0.17560E+02,    0.55660E+02,    0.92740E+08
    0.16460E+02,    0.53790E+02,    0.91684E+08
    0.16480E+02,    0.54700E+02,    0.91797E+08
    0.16320E+02,    0.55780E+02,    0.92100E+08
    0.15670E+02,    0.53810E+02,    0.90709E+08
    0.15680E+02,    0.54620E+02,    0.90857E+08
    0.15690E+02,    0.55280E+02,    0.91101E+08
    0.18170E+02,    0.53560E+02,    0.93227E+08
    0.18380E+02,    0.54450E+02,    0.93316E+08
    0.18810E+02,    0.55440E+02,    0.93692E+08
    0.18970E+02,    0.53380E+02,    0.93715E+08
    0.19150E+02,    0.54160E+02,    0.93711E+08
    0.19310E+02,    0.54800E+02,    0.93788E+08
    0.20590E+02,    0.53090E+02,    0.94521E+08
    0.20730E+02,    0.53880E+02,    0.94463E+08
    0.20870E+02,    0.54690E+02,    0.94447E+08
    0.20960E+02,    0.55570E+02,    0.94448E+08
    0.21970E+02,    0.55450E+02,    0.94768E+08
    0.21800E+02,    0.54490E+02,    0.94758E+08
    0.21530E+02,    0.53740E+02,    0.94753E+08
    0.21410E+02,    0.52970E+02,    0.94833E+08
    0.22200E+02,    0.52920E+02,    0.95065E+08
    0.22180E+02,    0.53580E+02,    0.94972E+08
    0.19370E+02,    0.61090E+02,    0.94785E+08
    0.19260E+02,    0.59850E+02,    0.94464E+08
    0.19080E+02,    0.58770E+02,    0.94184E+08
    0.18950E+02,    0.57730E+02,    0.93926E+08
    0.21950E+02,    0.58960E+02,    0.95042E+08
    0.20570E+02,    0.59570E+02,    0.94697E+08
    0.22160E+02,    0.57630E+02,    0.94900E+08
    0.21090E+02,    0.57540E+02,    0.94573E+08
    0.20050E+02,    0.57620E+02,    0.94281E+08
    0.20200E+02,    0.58580E+02,    0.94465E+08
    0.21080E+02,    0.58370E+02,    0.94669E+08
    0.22340E+02,    0.60490E+02,    0.95127E+08
    0.20890E+02,    0.60870E+02,    0.94975E+08
    0.17820E+02,    0.57860E+02,    0.93485E+08
    0.16710E+02,    0.58020E+02,    0.92972E+08
    0.17850E+02,    0.61100E+02,    0.94505E+08
    0.17920E+02,    0.58910E+02,    0.93918E+08
    0.16810E+02,    0.59020E+02,    0.93555E+08
    0.17990E+02,    0.59930E+02,    0.94239E+08
    0.16980E+02,    0.59920E+02,    0.94100E+08
    0.36530E+02,    0.54440E+02,    0.96168E+08
    0.33610E+02,    0.55110E+02,    0.96070E+08
    0.31070E+02,    0.55020E+02,    0.96039E+08
    0.29210E+02,    0.55730E+02,    0.95838E+08
    0.27630E+02,    0.55860E+02,    0.95710E+08
    0.26180E+02,    0.55850E+02,    0.95540E+08
    0.24640E+02,    0.55740E+02,    0.95439E+08
    0.33250E+02,    0.48890E+02,    0.96272E+08
    0.33270E+02,    0.50890E+02,    0.96208E+08
    0.33270E+02,    0.52820E+02,    0.96136E+08
    0.28340E+02,    0.48060E+02,    0.96304E+08
    0.28370E+02,    0.49250E+02,    0.96188E+08
    0.28450E+02,    0.50470E+02,    0.96083E+08
    0.28570E+02,    0.51690E+02,    0.95995E+08
    0.28720E+02,    0.52950E+02,    0.95932E+08
    0.28880E+02,    0.54260E+02,    0.95864E+08
    0.24080E+02,    0.52010E+02,    0.95566E+08
    0.25130E+02,    0.51970E+02,    0.95703E+08
    0.26260E+02,    0.51870E+02,    0.95825E+08
    0.27420E+02,    0.51790E+02,    0.95920E+08
    0.26300E+02,    0.53140E+02,    0.95717E+08
    0.26280E+02,    0.54430E+02,    0.95633E+08
    0.25130E+02,    0.53130E+02,    0.95584E+08
    0.24050E+02,    0.53090E+02,    0.95439E+08
    0.25000E+02,    0.54380E+02,    0.95486E+08
    0.23930E+02,    0.54140E+02,    0.95316E+08
    0.23860E+02,    0.55050E+02,    0.95243E+08
    0.27580E+02,    0.54420E+02,    0.95746E+08
    0.27520E+02,    0.53060E+02,    0.95827E+08
    0.27230E+02,    0.49290E+02,    0.96163E+08
    0.25950E+02,    0.49290E+02,    0.96142E+08
    0.24880E+02,    0.49740E+02,    0.95989E+08
    0.23890E+02,    0.49960E+02,    0.95879E+08
    0.23730E+02,    0.49040E+02,    0.96048E+08
    0.23600E+02,    0.48160E+02,    0.96239E+08
    0.24480E+02,    0.48050E+02,    0.96278E+08
    0.25310E+02,    0.47990E+02,    0.96301E+08
    0.26180E+02,    0.48090E+02,    0.96289E+08
    0.27250E+02,    0.48090E+02,    0.96302E+08
    0.24590E+02,    0.48890E+02,    0.96116E+08
    0.25290E+02,    0.48720E+02,    0.96179E+08
    0.26150E+02,    0.50630E+02,    0.95953E+08
    0.25050E+02,    0.50820E+02,    0.95843E+08
    0.24020E+02,    0.50970E+02,    0.95711E+08
    0.27320E+02,    0.50540E+02,    0.96023E+08
    0.31280E+02,    0.52560E+02,    0.96109E+08
    0.29910E+02,    0.52770E+02,    0.96007E+08
    0.31540E+02,    0.48920E+02,    0.96264E+08
    0.31660E+02,    0.50680E+02,    0.96178E+08
    0.29370E+02,    0.48040E+02,    0.96303E+08
    0.29430E+02,    0.49200E+02,    0.96211E+08
    0.29520E+02,    0.50410E+02,    0.96126E+08
    0.29620E+02,    0.51590E+02,    0.96052E+08
    0.30440E+02,    0.49130E+02,    0.96231E+08
    0.30520E+02,    0.50430E+02,    0.96158E+08
    0.30490E+02,    0.51510E+02,    0.96097E+08
    0.30220E+02,    0.48040E+02,    0.96293E+08
    0.29960E+02,    0.54030E+02,    0.95964E+08
    0.35230E+02,    0.49180E+02,    0.96263E+08
    0.34950E+02,    0.51180E+02,    0.96186E+08
    0.34900E+02,    0.52820E+02,    0.96168E+08
    0.37690E+02,    0.50130E+02,    0.96283E+08
    0.36370E+02,    0.51920E+02,    0.96150E+08
    0.34560E+02,    0.64730E+02,    0.96095E+08
    0.31110E+02,    0.65220E+02,    0.95934E+08
    0.28310E+02,    0.65170E+02,    0.95914E+08
    0.26100E+02,    0.64860E+02,    0.95743E+08
    0.31240E+02,    0.57780E+02,    0.95908E+08
    0.31000E+02,    0.60190E+02,    0.95883E+08
    0.30830E+02,    0.62590E+02,    0.95890E+08
    0.28880E+02,    0.59900E+02,    0.95792E+08
    0.26960E+02,    0.59310E+02,    0.95683E+08
    0.25380E+02,    0.59870E+02,    0.95473E+08
    0.29210E+02,    0.57710E+02,    0.95809E+08
    0.27510E+02,    0.57560E+02,    0.95671E+08
    0.26140E+02,    0.57240E+02,    0.95501E+08
    0.24820E+02,    0.57290E+02,    0.95336E+08
    0.24950E+02,    0.58570E+02,    0.95395E+08
    0.26040E+02,    0.58410E+02,    0.95508E+08
    0.26100E+02,    0.62900E+02,    0.95641E+08
    0.28220E+02,    0.62280E+02,    0.95864E+08
    0.25650E+02,    0.61320E+02,    0.95555E+08
    0.26980E+02,    0.61000E+02,    0.95627E+08
    0.32810E+02,    0.62630E+02,    0.95950E+08
    0.33050E+02,    0.60620E+02,    0.95899E+08
    0.33570E+02,    0.58140E+02,    0.95992E+08
    0.36390E+02,    0.59160E+02,    0.96118E+08
    0.34660E+02,    0.61490E+02,    0.95967E+08
    0.27650E+02,    0.68280E+02,    0.96062E+08
    0.30740E+02,    0.68420E+02,    0.96006E+08
    0.25930E+02,    0.66670E+02,    0.95862E+08
    0.00000E+00,    0.60000E+02,    0.34581E+10
    0.50000E+00,    0.59990E+02,    0.34461E+10
    0.10000E+01,    0.59950E+02,    0.34968E+10
    0.14900E+01,    0.59890E+02,    0.33643E+10
    0.19800E+01,    0.59800E+02,    0.30896E+10
    0.24700E+01,    0.59690E+02,    0.27266E+10
    0.29500E+01,    0.59560E+02,    0.22988E+10
    0.34200E+01,    0.59400E+02,    0.17627E+10
    0.38800E+01,    0.59210E+02,    0.13230E+10
    0.43400E+01,    0.59010E+02,    0.10140E+10
    0.47800E+01,    0.58780E+02,    0.76320E+09
    0.52100E+01,    0.58530E+02,    0.59105E+09
    0.56300E+01,    0.58260E+02,    0.50593E+09
    0.60400E+01,    0.57970E+02,    0.46247E+09
    0.64300E+01,    0.57660E+02,    0.39961E+09
    0.68000E+01,    0.57330E+02,    0.33026E+09
    0.71600E+01,    0.56980E+02,    0.28933E+09
    0.75000E+01,    0.56620E+02,    0.26350E+09
    0.78200E+01,    0.56230E+02,    0.23966E+09
    0.81200E+01,    0.55840E+02,    0.22030E+09
    0.84000E+01,    0.55430E+02,    0.19984E+09
    0.86600E+01,    0.55000E+02,    0.17741E+09
    0.89000E+01,    0.54560E+02,    0.16268E+09
    0.91200E+01,    0.54110E+02,    0.15105E+09
    0.93100E+01,    0.53650E+02,    0.13799E+09
    0.94800E+01,    0.53180E+02,    0.12647E+09
    0.96300E+01,    0.52710E+02,    0.11911E+09
    0.97500E+01,    0.52230E+02,    0.11308E+09
    0.98500E+01,    0.51740E+02,    0.10838E+09
    0.99200E+01,    0.51240E+02,    0.10483E+09
    0.99700E+01,    0.50750E+02,    0.10225E+09
    0.10000E+02,    0.50250E+02,    0.10016E+09
    0.10000E+02,    0.49750E+02,    0.98300E+08
    0.99700E+01,    0.49250E+02,    0.96409E+08
    0.99200E+01,    0.48760E+02,    0.94334E+08
    0.98500E+01,    0.48260E+02,    0.91800E+08
    0.97500E+01,    0.47770E+02,    0.88798E+08
    0.96300E+01,    0.47290E+02,    0.85341E+08
    0.94800E+01,    0.46820E+02,    0.81516E+08
    0.93100E+01,    0.46350E+02,    0.75957E+08
    0.91200E+01,    0.45890E+02,    0.69918E+08
    0.89000E+01,    0.45440E+02,    0.65760E+08
    0.86600E+01,    0.45000E+02,    0.60562E+08
    0.84000E+01,    0.44570E+02,    0.52538E+08
    0.81200E+01,    0.44160E+02,    0.46039E+08
    0.78200E+01,    0.43770E+02,    0.40919E+08
    0.75000E+01,    0.43380E+02,    0.34431E+08
    0.71600E+01,    0.43020E+02,    0.29148E+08
    0.68000E+01,    0.42670E+02,    0.21769E+08
    0.64300E+01,    0.42340E+02,    0.11010E+08
    0.60400E+01,    0.42030E+02,    0.43369E+07
    0.56300E+01,    0.41740E+02,    0.23206E+07
    0.52100E+01,    0.41470E+02,    0.00000E+00
    0.47800E+01,    0.41220E+02,    0.00000E+00
    0.43400E+01,    0.40990E+02,    0.00000E+00
    0.38800E+01,    0.40790E+02,    0.00000E+00
    0.34200E+01,    0.40600E+02,    0.00000E+00
    0.29500E+01,    0.40440E+02,    0.00000E+00
    0.24700E+01,    0.40310E+02,    0.00000E+00
    0.19800E+01,    0.40200E+02,    0.00000E+00
    0.14900E+01,    0.40110E+02,    0.00000E+00
    0.10000E+01,    0.40050E+02,    0.00000E+00
    0.50000E+00,    0.40010E+02,    0.00000E+00
    0.00000E+00,    0.40000E+02,    0.00000E+00
    0.00000E+00,    0.59050E+02,    0.13400E+10
    0.00000E+00,    0.58100E+02,    0.55235E+09
    0.00000E+00,    0.57140E+02,    0.25476E+09
    0.00000E+00,    0.56190E+02,    0.13965E+09
    0.00000E+00,    0.55240E+02,    0.11067E+09
    0.00000E+00,    0.54290E+02,    0.10041E+09
    0.00000E+00,    0.53330E+02,    0.97539E+08
    0.00000E+00,    0.52380E+02,    0.96597E+08
    0.00000E+00,    0.51430E+02,    0.96386E+08
    0.00000E+00,    0.50480E+02,    0.96333E+08
    0.00000E+00,    0.49520E+02,    0.96320E+08
    0.00000E+00,    0.48570E+02,    0.96301E+08
    0.00000E+00,    0.47620E+02,    0.96227E+08
    0.00000E+00,    0.46670E+02,    0.95928E+08
    0.00000E+00,    0.45710E+02,    0.95120E+08
    0.00000E+00,    0.44760E+02,    0.92803E+08
    0.00000E+00,    0.43810E+02,    0.87766E+08
    0.00000E+00,    0.42860E+02,    0.75760E+08
    0.00000E+00,    0.41900E+02,    0.56797E+08
    0.00000E+00,    0.40950E+02,    0.28647E+08
    0.60000E+00,    0.59160E+02,    0.15121E+10
    0.84000E+00,    0.58290E+02,    0.58657E+09
    0.10900E+01,    0.57150E+02,    0.21755E+09
    0.80000E+00,    0.56140E+02,    0.13868E+09
    0.76000E+00,    0.55250E+02,    0.11028E+09
    0.79000E+00,    0.54380E+02,    0.10088E+09
    0.10100E+01,    0.53450E+02,    0.97445E+08
    0.92000E+00,    0.52400E+02,    0.96600E+08
    0.91000E+00,    0.51430E+02,    0.96385E+08
    0.90000E+00,    0.50480E+02,    0.96333E+08
    0.91000E+00,    0.49530E+02,    0.96320E+08
    0.91000E+00,    0.48580E+02,    0.96301E+08
    0.93000E+00,    0.47610E+02,    0.96223E+08
    0.10100E+01,    0.46550E+02,    0.95932E+08
    0.79000E+00,    0.45620E+02,    0.94941E+08
    0.76000E+00,    0.44750E+02,    0.92726E+08
    0.80000E+00,    0.43860E+02,    0.87678E+08
    0.10900E+01,    0.42850E+02,    0.77271E+08
    0.84000E+00,    0.41700E+02,    0.51103E+08
    0.60000E+00,    0.40840E+02,    0.23689E+08
    0.10500E+01,    0.40690E+02,    0.17230E+08
    0.14900E+01,    0.40690E+02,    0.15098E+08
    0.19500E+01,    0.40730E+02,    0.13818E+08
    0.24000E+01,    0.40820E+02,    0.13788E+08
    0.28300E+01,    0.40920E+02,    0.13779E+08
    0.32500E+01,    0.41130E+02,    0.16784E+08
    0.37200E+01,    0.41290E+02,    0.16767E+08
    0.41500E+01,    0.41460E+02,    0.16662E+08
    0.45500E+01,    0.41730E+02,    0.19703E+08
    0.50000E+01,    0.41960E+02,    0.20401E+08
    0.54300E+01,    0.42180E+02,    0.20752E+08
    0.58000E+01,    0.42410E+02,    0.22989E+08
    0.61400E+01,    0.42740E+02,    0.30111E+08
    0.65100E+01,    0.43060E+02,    0.36313E+08
    0.68700E+01,    0.43380E+02,    0.41705E+08
    0.71800E+01,    0.43760E+02,    0.48149E+08
    0.75300E+01,    0.44030E+02,    0.50138E+08
    0.77700E+01,    0.44350E+02,    0.54601E+08
    0.79800E+01,    0.44730E+02,    0.60343E+08
    0.81600E+01,    0.45150E+02,    0.66492E+08
    0.83400E+01,    0.45600E+02,    0.72270E+08
    0.85000E+01,    0.46110E+02,    0.78008E+08
    0.88300E+01,    0.46500E+02,    0.80116E+08
    0.90100E+01,    0.46920E+02,    0.83678E+08
    0.91400E+01,    0.47370E+02,    0.87093E+08
    0.92500E+01,    0.47840E+02,    0.89945E+08
    0.93400E+01,    0.48310E+02,    0.92316E+08
    0.94000E+01,    0.48790E+02,    0.94342E+08
    0.94500E+01,    0.49270E+02,    0.96071E+08
    0.94800E+01,    0.49750E+02,    0.97665E+08
    0.94800E+01,    0.50240E+02,    0.99318E+08
    0.94600E+01,    0.50720E+02,    0.10117E+09
    0.94100E+01,    0.51210E+02,    0.10353E+09
    0.93400E+01,    0.51690E+02,    0.10659E+09
    0.92500E+01,    0.52160E+02,    0.11056E+09
    0.91400E+01,    0.52630E+02,    0.11580E+09
    0.90100E+01,    0.53080E+02,    0.12256E+09
    0.88300E+01,    0.53500E+02,    0.13010E+09
    0.85000E+01,    0.53890E+02,    0.13547E+09
    0.83400E+01,    0.54400E+02,    0.14940E+09
    0.81600E+01,    0.54850E+02,    0.16457E+09
    0.79800E+01,    0.55270E+02,    0.18152E+09
    0.77700E+01,    0.55650E+02,    0.19853E+09
    0.75300E+01,    0.55970E+02,    0.21323E+09
    0.71800E+01,    0.56240E+02,    0.22139E+09
    0.68700E+01,    0.56620E+02,    0.24700E+09
    0.65100E+01,    0.56940E+02,    0.27417E+09
    0.61400E+01,    0.57260E+02,    0.31049E+09
    0.58000E+01,    0.57590E+02,    0.35900E+09
    0.54300E+01,    0.57820E+02,    0.39339E+09
    0.50000E+01,    0.58040E+02,    0.44245E+09
    0.45500E+01,    0.58270E+02,    0.53543E+09
    0.41500E+01,    0.58540E+02,    0.70154E+09
    0.37200E+01,    0.58710E+02,    0.86244E+09
    0.32500E+01,    0.58870E+02,    0.10720E+10
    0.28300E+01,    0.59080E+02,    0.14043E+10
    0.24000E+01,    0.59180E+02,    0.15996E+10
    0.19500E+01,    0.59260E+02,    0.17476E+10
    0.14900E+01,    0.59310E+02,    0.18371E+10
    0.10500E+01,    0.59310E+02,    0.18175E+10
    0.17800E+01,    0.49540E+02,    0.96320E+08
    0.26000E+01,    0.49550E+02,    0.96319E+08
    0.33900E+01,    0.49540E+02,    0.96316E+08
    0.41700E+01,    0.49550E+02,    0.96311E+08
    0.49300E+01,    0.49610E+02,    0.96317E+08
    0.57500E+01,    0.49690E+02,    0.96341E+08
    0.63400E+01,    0.49720E+02,    0.96394E+08
    0.68700E+01,    0.49720E+02,    0.96440E+08
    0.74000E+01,    0.49730E+02,    0.96534E+08
    0.79300E+01,    0.49740E+02,    0.96685E+08
    0.84500E+01,    0.49750E+02,    0.96914E+08
    0.89600E+01,    0.49750E+02,    0.97219E+08
    0.17800E+01,    0.50490E+02,    0.96339E+08
    0.26000E+01,    0.50490E+02,    0.96353E+08
    0.33900E+01,    0.50520E+02,    0.96381E+08
    0.41500E+01,    0.50530E+02,    0.96435E+08
    0.48700E+01,    0.50530E+02,    0.96530E+08
    0.55300E+01,    0.50560E+02,    0.96703E+08
    0.60600E+01,    0.50710E+02,    0.97017E+08
    0.65600E+01,    0.50730E+02,    0.97339E+08
    0.70000E+01,    0.50650E+02,    0.97596E+08
    0.74600E+01,    0.50660E+02,    0.98043E+08
    0.79500E+01,    0.50670E+02,    0.98619E+08
    0.84500E+01,    0.50680E+02,    0.99331E+08
    0.89500E+01,    0.50700E+02,    0.10019E+09
    0.17700E+01,    0.51420E+02,    0.96403E+08
    0.25800E+01,    0.51420E+02,    0.96446E+08
    0.33700E+01,    0.51450E+02,    0.96535E+08
    0.42000E+01,    0.51570E+02,    0.96719E+08
    0.49000E+01,    0.51350E+02,    0.96928E+08
    0.55300E+01,    0.51320E+02,    0.97257E+08
    0.61100E+01,    0.51340E+02,    0.97772E+08
    0.67600E+01,    0.51320E+02,    0.98406E+08
    0.73300E+01,    0.51510E+02,    0.10006E+09
    0.78500E+01,    0.51580E+02,    0.10158E+09
    0.83500E+01,    0.51620E+02,    0.10316E+09
    0.88500E+01,    0.51650E+02,    0.10483E+09
    0.17800E+01,    0.52330E+02,    0.96633E+08
    0.18200E+01,    0.53190E+02,    0.97380E+08
    0.19600E+01,    0.53880E+02,    0.99109E+08
    0.19600E+01,    0.54540E+02,    0.10279E+09
    0.19700E+01,    0.55230E+02,    0.11158E+09
    0.19500E+01,    0.55890E+02,    0.13039E+09
    0.19500E+01,    0.56510E+02,    0.16697E+09
    0.18400E+01,    0.57100E+02,    0.23854E+09
    0.19400E+01,    0.57660E+02,    0.37049E+09
    0.19200E+01,    0.58220E+02,    0.61322E+09
    0.19400E+01,    0.58740E+02,    0.10220E+10
    0.14400E+01,    0.58240E+02,    0.62545E+09
    0.14900E+01,    0.58780E+02,    0.10665E+10
    0.11300E+01,    0.58790E+02,    0.11139E+10
    0.14700E+01,    0.57690E+02,    0.39120E+09
    0.13800E+01,    0.55240E+02,    0.11098E+09
    0.14200E+01,    0.55960E+02,    0.13221E+09
    0.14600E+01,    0.56540E+02,    0.17169E+09
    0.14100E+01,    0.54530E+02,    0.10236E+09
    0.14500E+01,    0.53950E+02,    0.99414E+08
    0.86800E+01,    0.52570E+02,    0.11278E+09
    0.82200E+01,    0.52530E+02,    0.10989E+09
    0.77400E+01,    0.52510E+02,    0.10724E+09
    0.72500E+01,    0.52490E+02,    0.10484E+09
    0.67400E+01,    0.52480E+02,    0.10279E+09
    0.62200E+01,    0.52510E+02,    0.10126E+09
    0.56800E+01,    0.52680E+02,    0.10025E+09
    0.50600E+01,    0.52600E+02,    0.98918E+08
    0.45200E+01,    0.52560E+02,    0.98121E+08
    0.39700E+01,    0.52390E+02,    0.97354E+08
    0.32800E+01,    0.52320E+02,    0.96935E+08
    0.25500E+01,    0.52300E+02,    0.96730E+08
    0.72700E+01,    0.52010E+02,    0.10201E+09
    0.82800E+01,    0.52080E+02,    0.10604E+09
    0.87700E+01,    0.52110E+02,    0.10822E+09
    0.77900E+01,    0.52050E+02,    0.10397E+09
    0.67300E+01,    0.51950E+02,    0.10027E+09
    0.61600E+01,    0.51960E+02,    0.99110E+08
    0.55900E+01,    0.51980E+02,    0.98262E+08
    0.50400E+01,    0.52000E+02,    0.97703E+08
    0.45800E+01,    0.52030E+02,    0.97439E+08
    0.23700E+01,    0.58720E+02,    0.99359E+09
    0.24500E+01,    0.58220E+02,    0.60724E+09
    0.24700E+01,    0.57660E+02,    0.36567E+09
    0.24800E+01,    0.57070E+02,    0.23456E+09
    0.25000E+01,    0.56480E+02,    0.16672E+09
    0.25300E+01,    0.55860E+02,    0.13073E+09
    0.25400E+01,    0.55220E+02,    0.11255E+09
    0.25600E+01,    0.54540E+02,    0.10352E+09
    0.25600E+01,    0.53850E+02,    0.99390E+08
    0.25500E+01,    0.53120E+02,    0.97522E+08
    0.76800E+01,    0.54750E+02,    0.15246E+09
    0.71900E+01,    0.54700E+02,    0.14270E+09
    0.67200E+01,    0.54670E+02,    0.13464E+09
    0.62300E+01,    0.54620E+02,    0.12661E+09
    0.56900E+01,    0.54460E+02,    0.11645E+09
    0.50600E+01,    0.54520E+02,    0.11288E+09
    0.44400E+01,    0.54570E+02,    0.10964E+09
    0.38100E+01,    0.54560E+02,    0.10676E+09
    0.31700E+01,    0.54540E+02,    0.10471E+09
    0.55400E+01,    0.53860E+02,    0.10782E+09
    0.55400E+01,    0.53270E+02,    0.10307E+09
    0.72500E+01,    0.54270E+02,    0.13103E+09
    0.72700E+01,    0.53830E+02,    0.12149E+09
    0.72500E+01,    0.53390E+02,    0.11403E+09
    0.72400E+01,    0.52950E+02,    0.10873E+09
    0.77200E+01,    0.52950E+02,    0.11165E+09
    0.77400E+01,    0.53380E+02,    0.11771E+09
    0.78900E+01,    0.53800E+02,    0.12673E+09
    0.77800E+01,    0.54310E+02,    0.13897E+09
    0.84700E+01,    0.53370E+02,    0.12393E+09
    0.81300E+01,    0.53330E+02,    0.12030E+09
    0.81600E+01,    0.52960E+02,    0.11474E+09
    0.85900E+01,    0.53000E+02,    0.11837E+09
    0.81200E+01,    0.53590E+02,    0.12511E+09
    0.83800E+01,    0.53620E+02,    0.12825E+09
    0.67600E+01,    0.52940E+02,    0.10609E+09
    0.67600E+01,    0.53390E+02,    0.11058E+09
    0.67700E+01,    0.53820E+02,    0.11663E+09
    0.67400E+01,    0.54260E+02,    0.12461E+09
    0.63000E+01,    0.54220E+02,    0.11909E+09
    0.63100E+01,    0.53820E+02,    0.11284E+09
    0.63200E+01,    0.53370E+02,    0.10766E+09
    0.63100E+01,    0.52960E+02,    0.10419E+09
    0.59300E+01,    0.53370E+02,    0.10558E+09
    0.59300E+01,    0.53800E+02,    0.10984E+09
    0.59600E+01,    0.54170E+02,    0.11534E+09
    0.59700E+01,    0.52980E+02,    0.10307E+09
    0.38200E+01,    0.53860E+02,    0.10126E+09
    0.38700E+01,    0.53150E+02,    0.98620E+08
    0.50200E+01,    0.53250E+02,    0.10119E+09
    0.44600E+01,    0.53200E+02,    0.99700E+08
    0.50100E+01,    0.53870E+02,    0.10514E+09
    0.44400E+01,    0.53880E+02,    0.10303E+09
    0.32200E+01,    0.53100E+02,    0.97885E+08
    0.32000E+01,    0.53840E+02,    0.10007E+09
    0.36000E+01,    0.58210E+02,    0.56017E+09
    0.36400E+01,    0.57670E+02,    0.35880E+09
    0.36600E+01,    0.57070E+02,    0.23645E+09
    0.36700E+01,    0.56470E+02,    0.17225E+09
    0.37200E+01,    0.55870E+02,    0.13736E+09
    0.37800E+01,    0.55240E+02,    0.11773E+09
    0.52800E+01,    0.57400E+02,    0.30845E+09
    0.52700E+01,    0.56930E+02,    0.24129E+09
    0.52100E+01,    0.56450E+02,    0.19288E+09
    0.51700E+01,    0.56030E+02,    0.16361E+09
    0.52200E+01,    0.55620E+02,    0.14413E+09
    0.51000E+01,    0.55140E+02,    0.12617E+09
    0.62400E+01,    0.56570E+02,    0.22731E+09
    0.60300E+01,    0.56140E+02,    0.18714E+09
    0.57500E+01,    0.55690E+02,    0.15392E+09
    0.57000E+01,    0.55100E+02,    0.13202E+09
    0.62300E+01,    0.55100E+02,    0.14031E+09
    0.63000E+01,    0.55560E+02,    0.16022E+09
    0.64400E+01,    0.55970E+02,    0.18592E+09
    0.66100E+01,    0.56320E+02,    0.21513E+09
    0.71500E+01,    0.55110E+02,    0.15729E+09
    0.71200E+01,    0.55490E+02,    0.17432E+09
    0.71200E+01,    0.55840E+02,    0.19397E+09
    0.67400E+01,    0.55500E+02,    0.16660E+09
    0.67100E+01,    0.55100E+02,    0.14872E+09
    0.68000E+01,    0.55860E+02,    0.18773E+09
    0.68700E+01,    0.56140E+02,    0.20849E+09
    0.75700E+01,    0.55160E+02,    0.16775E+09
    0.74600E+01,    0.55520E+02,    0.18373E+09
    0.73700E+01,    0.55780E+02,    0.19702E+09
    0.56400E+01,    0.56370E+02,    0.19550E+09
    0.55300E+01,    0.56020E+02,    0.17039E+09
    0.57800E+01,    0.56880E+02,    0.24444E+09
    0.56300E+01,    0.57280E+02,    0.30114E+09
    0.47400E+01,    0.56490E+02,    0.18751E+09
    0.42400E+01,    0.56490E+02,    0.17970E+09
    0.42900E+01,    0.55920E+02,    0.14503E+09
    0.44900E+01,    0.55310E+02,    0.12310E+09
    0.47600E+01,    0.56020E+02,    0.15678E+09
    0.48000E+01,    0.55650E+02,    0.14066E+09
    0.48300E+01,    0.57540E+02,    0.32494E+09
    0.42500E+01,    0.57740E+02,    0.35796E+09
    0.47600E+01,    0.57010E+02,    0.24016E+09
    0.42300E+01,    0.57070E+02,    0.23982E+09
    0.40100E+01,    0.58160E+02,    0.53083E+09
    0.30700E+01,    0.57070E+02,    0.23527E+09
    0.31200E+01,    0.55860E+02,    0.13322E+09
    0.31000E+01,    0.56470E+02,    0.16856E+09
    0.31500E+01,    0.55220E+02,    0.11441E+09
    0.30200E+01,    0.58340E+02,    0.62834E+09
    0.30500E+01,    0.57680E+02,    0.36376E+09
    0.27400E+01,    0.58700E+02,    0.98004E+09
    0.89100E+01,    0.51180E+02,    0.10222E+09
    0.84100E+01,    0.51150E+02,    0.10098E+09
    0.74500E+01,    0.51080E+02,    0.99001E+08
    0.70600E+01,    0.51030E+02,    0.98386E+08
    0.79200E+01,    0.51130E+02,    0.99936E+08
    0.89700E+01,    0.50220E+02,    0.98586E+08
    0.84600E+01,    0.50210E+02,    0.98014E+08
    0.79500E+01,    0.50200E+02,    0.97557E+08
    0.74400E+01,    0.50190E+02,    0.97201E+08
    0.69400E+01,    0.50200E+02,    0.96956E+08
    0.64600E+01,    0.50200E+02,    0.96768E+08
    0.60700E+01,    0.50200E+02,    0.96668E+08
    0.88300E+01,    0.48350E+02,    0.92914E+08
    0.83300E+01,    0.48370E+02,    0.93480E+08
    0.78100E+01,    0.48380E+02,    0.94048E+08
    0.72900E+01,    0.48390E+02,    0.94578E+08
    0.67600E+01,    0.48430E+02,    0.95083E+08
    0.62300E+01,    0.48510E+02,    0.95518E+08
    0.57100E+01,    0.48780E+02,    0.95961E+08
    0.49700E+01,    0.48730E+02,    0.96088E+08
    0.42200E+01,    0.48490E+02,    0.96164E+08
    0.33800E+01,    0.48590E+02,    0.96241E+08
    0.25900E+01,    0.48600E+02,    0.96276E+08
    0.17800E+01,    0.48600E+02,    0.96294E+08
    0.19400E+01,    0.41260E+02,    0.31573E+08
    0.19200E+01,    0.41780E+02,    0.47431E+08
    0.19400E+01,    0.42340E+02,    0.61768E+08
    0.18400E+01,    0.42900E+02,    0.73574E+08
    0.19500E+01,    0.43490E+02,    0.81770E+08
    0.19500E+01,    0.44110E+02,    0.87878E+08
    0.19700E+01,    0.44770E+02,    0.91874E+08
    0.19600E+01,    0.45460E+02,    0.94189E+08
    0.19600E+01,    0.46120E+02,    0.95322E+08
    0.18200E+01,    0.46810E+02,    0.95926E+08
    0.17800E+01,    0.47680E+02,    0.96206E+08
    0.14400E+01,    0.41760E+02,    0.49384E+08
    0.14700E+01,    0.42310E+02,    0.62880E+08
    0.14900E+01,    0.41220E+02,    0.32833E+08
    0.11300E+01,    0.41210E+02,    0.33872E+08
    0.13800E+01,    0.44760E+02,    0.92365E+08
    0.14100E+01,    0.45470E+02,    0.94451E+08
    0.14500E+01,    0.46050E+02,    0.95295E+08
    0.14200E+01,    0.44040E+02,    0.88204E+08
    0.14600E+01,    0.43450E+02,    0.82239E+08
    0.25600E+01,    0.47720E+02,    0.96160E+08
    0.32900E+01,    0.47700E+02,    0.96067E+08
    0.39800E+01,    0.47630E+02,    0.95876E+08
    0.45300E+01,    0.47450E+02,    0.95522E+08
    0.50700E+01,    0.47410E+02,    0.95150E+08
    0.57000E+01,    0.47330E+02,    0.94505E+08
    0.62300E+01,    0.47470E+02,    0.93977E+08
    0.67400E+01,    0.47490E+02,    0.93234E+08
    0.72400E+01,    0.47490E+02,    0.92306E+08
    0.77400E+01,    0.47480E+02,    0.91186E+08
    0.82200E+01,    0.47470E+02,    0.89975E+08
    0.86800E+01,    0.47430E+02,    0.88585E+08
    0.72600E+01,    0.47940E+02,    0.93609E+08
    0.82700E+01,    0.47910E+02,    0.91902E+08
    0.77700E+01,    0.47930E+02,    0.92809E+08
    0.87600E+01,    0.47880E+02,    0.90939E+08
    0.67300E+01,    0.47960E+02,    0.94334E+08
    0.62100E+01,    0.47990E+02,    0.94928E+08
    0.56600E+01,    0.48030E+02,    0.95411E+08
    0.50800E+01,    0.48030E+02,    0.95710E+08
    0.46000E+01,    0.48000E+02,    0.95837E+08
    0.25500E+01,    0.46890E+02,    0.95847E+08
    0.25600E+01,    0.46150E+02,    0.95148E+08
    0.25600E+01,    0.45460E+02,    0.93770E+08
    0.25400E+01,    0.44780E+02,    0.91183E+08
    0.25300E+01,    0.44140E+02,    0.86898E+08
    0.25000E+01,    0.43520E+02,    0.80352E+08
    0.24800E+01,    0.42930E+02,    0.71246E+08
    0.24700E+01,    0.42340E+02,    0.58811E+08
    0.24500E+01,    0.41780E+02,    0.44088E+08
    0.23700E+01,    0.41280E+02,    0.29266E+08
    0.31700E+01,    0.45460E+02,    0.93137E+08
    0.38100E+01,    0.45440E+02,    0.92121E+08
    0.44400E+01,    0.45430E+02,    0.90750E+08
    0.50600E+01,    0.45480E+02,    0.89217E+08
    0.56900E+01,    0.45540E+02,    0.87518E+08
    0.62300E+01,    0.45380E+02,    0.83230E+08
    0.67200E+01,    0.45330E+02,    0.79766E+08
    0.71900E+01,    0.45300E+02,    0.76243E+08
    0.76800E+01,    0.45250E+02,    0.71919E+08
    0.55400E+01,    0.46140E+02,    0.91197E+08
    0.55400E+01,    0.46730E+02,    0.93263E+08
    0.38200E+01,    0.46140E+02,    0.94236E+08
    0.38800E+01,    0.46860E+02,    0.95327E+08
    0.32300E+01,    0.46900E+02,    0.95662E+08
    0.32000E+01,    0.46160E+02,    0.94803E+08
    0.50300E+01,    0.46760E+02,    0.94139E+08
    0.44700E+01,    0.46810E+02,    0.94828E+08
    0.44400E+01,    0.46120E+02,    0.93406E+08
    0.50100E+01,    0.46130E+02,    0.92427E+08
    0.72400E+01,    0.47050E+02,    0.90550E+08
    0.72500E+01,    0.46610E+02,    0.88169E+08
    0.72700E+01,    0.46170E+02,    0.84927E+08
    0.72500E+01,    0.45730E+02,    0.80931E+08
    0.77200E+01,    0.47050E+02,    0.89149E+08
    0.77400E+01,    0.46620E+02,    0.86381E+08
    0.78900E+01,    0.46200E+02,    0.82321E+08
    0.77800E+01,    0.45690E+02,    0.77256E+08
    0.81300E+01,    0.46670E+02,    0.85079E+08
    0.84700E+01,    0.46630E+02,    0.83263E+08
    0.81600E+01,    0.47040E+02,    0.87646E+08
    0.85900E+01,    0.47000E+02,    0.85835E+08
    0.83800E+01,    0.46380E+02,    0.81335E+08
    0.81200E+01,    0.46410E+02,    0.82905E+08
    0.67400E+01,    0.45740E+02,    0.83833E+08
    0.67700E+01,    0.46180E+02,    0.87180E+08
    0.67600E+01,    0.46610E+02,    0.89800E+08
    0.67600E+01,    0.47050E+02,    0.91764E+08
    0.63000E+01,    0.45780E+02,    0.86279E+08
    0.63100E+01,    0.46180E+02,    0.88917E+08
    0.63200E+01,    0.46630E+02,    0.91161E+08
    0.63200E+01,    0.47040E+02,    0.92684E+08
    0.59300E+01,    0.46630E+02,    0.92125E+08
    0.59300E+01,    0.46200E+02,    0.90273E+08
    0.59600E+01,    0.45830E+02,    0.87953E+08
    0.59700E+01,    0.47020E+02,    0.93238E+08
    0.37800E+01,    0.44760E+02,    0.88403E+08
    0.37200E+01,    0.44130E+02,    0.82816E+08
    0.36700E+01,    0.43530E+02,    0.74848E+08
    0.36600E+01,    0.42930E+02,    0.63636E+08
    0.36400E+01,    0.42330E+02,    0.49198E+08
    0.36000E+01,    0.41790E+02,    0.33913E+08
    0.51000E+01,    0.44860E+02,    0.84091E+08
    0.52200E+01,    0.44380E+02,    0.77652E+08
    0.51700E+01,    0.43970E+02,    0.71511E+08
    0.52100E+01,    0.43550E+02,    0.62950E+08
    0.52700E+01,    0.43070E+02,    0.50685E+08
    0.52800E+01,    0.42600E+02,    0.36883E+08
    0.57000E+01,    0.44900E+02,    0.81379E+08
    0.57500E+01,    0.44310E+02,    0.73291E+08
    0.60300E+01,    0.43860E+02,    0.61994E+08
    0.62400E+01,    0.43430E+02,    0.49595E+08
    0.62300E+01,    0.44900E+02,    0.77855E+08
    0.63000E+01,    0.44440E+02,    0.70475E+08
    0.64400E+01,    0.44030E+02,    0.61521E+08
    0.66100E+01,    0.43680E+02,    0.51956E+08
    0.71500E+01,    0.44890E+02,    0.70616E+08
    0.71200E+01,    0.44510E+02,    0.64354E+08
    0.71200E+01,    0.44160E+02,    0.57458E+08
    0.75700E+01,    0.44840E+02,    0.66164E+08
    0.74600E+01,    0.44480E+02,    0.60468E+08
    0.73700E+01,    0.44220E+02,    0.55999E+08
    0.67400E+01,    0.44500E+02,    0.67646E+08
    0.68000E+01,    0.44140E+02,    0.60219E+08
    0.68700E+01,    0.43860E+02,    0.53358E+08
    0.67100E+01,    0.44900E+02,    0.74283E+08
    0.56400E+01,    0.43630E+02,    0.60634E+08
    0.57800E+01,    0.43120E+02,    0.46620E+08
    0.56300E+01,    0.42720E+02,    0.35765E+08
    0.55300E+01,    0.43980E+02,    0.68600E+08
    0.42400E+01,    0.43510E+02,    0.70573E+08
    0.47400E+01,    0.43510E+02,    0.66396E+08
    0.44900E+01,    0.44690E+02,    0.85716E+08
    0.42900E+01,    0.44080E+02,    0.79262E+08
    0.47600E+01,    0.43980E+02,    0.74692E+08
    0.48000E+01,    0.44350E+02,    0.79625E+08
    0.42500E+01,    0.42260E+02,    0.41014E+08
    0.48300E+01,    0.42460E+02,    0.38794E+08
    0.47600E+01,    0.42990E+02,    0.54413E+08
    0.42300E+01,    0.42930E+02,    0.58563E+08
    0.40100E+01,    0.41840E+02,    0.30347E+08
    0.30700E+01,    0.42930E+02,    0.67877E+08
    0.31200E+01,    0.44140E+02,    0.85205E+08
    0.31500E+01,    0.44780E+02,    0.90091E+08
    0.31000E+01,    0.43530E+02,    0.77955E+08
    0.30200E+01,    0.41660E+02,    0.36405E+08
    0.30500E+01,    0.42330E+02,    0.54535E+08
    0.27400E+01,    0.41300E+02,    0.26828E+08
    0.73600E+01,    0.49280E+02,    0.95941E+08
    0.73200E+01,    0.48840E+02,    0.95329E+08
    0.83800E+01,    0.48820E+02,    0.94740E+08
    0.84200E+01,    0.49280E+02,    0.95848E+08
    0.78500E+01,    0.48830E+02,    0.95035E+08
    0.78900E+01,    0.49280E+02,    0.95873E+08
    0.88900E+01,    0.48810E+02,    0.94502E+08
    0.89400E+01,    0.49280E+02,    0.95908E+08
    0.63600E+01,    0.49290E+02,    0.96099E+08
    0.63400E+01,    0.48900E+02,    0.95807E+08
    0.68000E+01,    0.48850E+02,    0.95585E+08
    0.68400E+01,    0.49280E+02,    0.96020E+08
    0.59900E+01,    0.48980E+02,    0.95961E+08
    0.60200E+01,    0.49310E+02,    0.96155E+08
