 X,    Y,   COH  
    0.00000E+00,    0.10000E+03,    0.60200E+02
    0.00000E+00,    0.98000E+02,    0.57919E+02
    0.00000E+00,    0.96000E+02,    0.58493E+02
    0.00000E+00,    0.94000E+02,    0.58170E+02
    0.00000E+00,    0.92000E+02,    0.57507E+02
    0.00000E+00,    0.90000E+02,    0.56689E+02
    0.00000E+00,    0.88000E+02,    0.55611E+02
    0.00000E+00,    0.86000E+02,    0.54254E+02
    0.00000E+00,    0.84000E+02,    0.52414E+02
    0.00000E+00,    0.82000E+02,    0.49966E+02
    0.00000E+00,    0.80000E+02,    0.46763E+02
    0.00000E+00,    0.78010E+02,    0.42725E+02
    0.00000E+00,    0.76010E+02,    0.37774E+02
    0.00000E+00,    0.74010E+02,    0.32038E+02
    0.00000E+00,    0.72010E+02,    0.25847E+02
    0.00000E+00,    0.70010E+02,    0.19753E+02
    0.00000E+00,    0.68010E+02,    0.14270E+02
    0.00000E+00,    0.66010E+02,    0.97165E+01
    0.00000E+00,    0.64010E+02,    0.63098E+01
    0.00000E+00,    0.62010E+02,    0.44249E+01
    0.00000E+00,    0.60010E+02,    0.26892E+01
    0.50000E+00,    0.60000E+02,    0.27172E+01
    0.10000E+01,    0.59960E+02,    0.28564E+01
    0.14900E+01,    0.59900E+02,    0.30195E+01
    0.19800E+01,    0.59810E+02,    0.30990E+01
    0.24700E+01,    0.59700E+02,    0.31815E+01
    0.29500E+01,    0.59570E+02,    0.33003E+01
    0.34200E+01,    0.59410E+02,    0.34936E+01
    0.38900E+01,    0.59220E+02,    0.37628E+01
    0.43400E+01,    0.59020E+02,    0.41128E+01
    0.47900E+01,    0.58790E+02,    0.45930E+01
    0.52200E+01,    0.58540E+02,    0.51911E+01
    0.56400E+01,    0.58270E+02,    0.59336E+01
    0.60400E+01,    0.57980E+02,    0.68327E+01
    0.64300E+01,    0.57670E+02,    0.79634E+01
    0.68100E+01,    0.57340E+02,    0.93553E+01
    0.71700E+01,    0.56990E+02,    0.10971E+02
    0.75100E+01,    0.56620E+02,    0.12839E+02
    0.78300E+01,    0.56240E+02,    0.15150E+02
    0.81300E+01,    0.55840E+02,    0.17826E+02
    0.84100E+01,    0.55430E+02,    0.21014E+02
    0.86700E+01,    0.55010E+02,    0.24624E+02
    0.89100E+01,    0.54570E+02,    0.28956E+02
    0.91200E+01,    0.54120E+02,    0.33583E+02
    0.93200E+01,    0.53660E+02,    0.39523E+02
    0.94900E+01,    0.53190E+02,    0.45969E+02
    0.96400E+01,    0.52710E+02,    0.53469E+02
    0.97600E+01,    0.52230E+02,    0.62697E+02
    0.98600E+01,    0.51740E+02,    0.72287E+02
    0.99300E+01,    0.51240E+02,    0.81962E+02
    0.99800E+01,    0.50750E+02,    0.92063E+02
    0.10010E+02,    0.50250E+02,    0.10357E+03
    0.10010E+02,    0.49750E+02,    0.11617E+03
    0.99800E+01,    0.49250E+02,    0.12882E+03
    0.99300E+01,    0.48760E+02,    0.14103E+03
    0.98600E+01,    0.48260E+02,    0.15425E+03
    0.97600E+01,    0.47770E+02,    0.16808E+03
    0.96400E+01,    0.47290E+02,    0.18141E+03
    0.94900E+01,    0.46810E+02,    0.19534E+03
    0.93200E+01,    0.46340E+02,    0.20922E+03
    0.91200E+01,    0.45880E+02,    0.22396E+03
    0.89100E+01,    0.45430E+02,    0.23239E+03
    0.86700E+01,    0.44990E+02,    0.24213E+03
    0.84100E+01,    0.44570E+02,    0.25279E+03
    0.81300E+01,    0.44160E+02,    0.26842E+03
    0.78300E+01,    0.43760E+02,    0.27725E+03
    0.75100E+01,    0.43380E+02,    0.28576E+03
    0.71700E+01,    0.43010E+02,    0.29238E+03
    0.68100E+01,    0.42660E+02,    0.30004E+03
    0.64300E+01,    0.42330E+02,    0.30781E+03
    0.60400E+01,    0.42020E+02,    0.31013E+03
    0.56400E+01,    0.41730E+02,    0.30502E+03
    0.52200E+01,    0.41460E+02,    0.30800E+03
    0.47900E+01,    0.41210E+02,    0.31062E+03
    0.43400E+01,    0.40980E+02,    0.31215E+03
    0.38900E+01,    0.40780E+02,    0.31138E+03
    0.34200E+01,    0.40590E+02,    0.31046E+03
    0.29500E+01,    0.40430E+02,    0.30818E+03
    0.24700E+01,    0.40300E+02,    0.30521E+03
    0.19800E+01,    0.40190E+02,    0.30208E+03
    0.14900E+01,    0.40100E+02,    0.30139E+03
    0.10000E+01,    0.40040E+02,    0.30921E+03
    0.50000E+00,    0.40000E+02,    0.31045E+03
    0.00000E+00,    0.39990E+02,    0.29171E+03
    0.00000E+00,    0.37990E+02,    0.16061E+03
    0.00000E+00,    0.35990E+02,    0.92349E+02
    0.00000E+00,    0.33990E+02,    0.75791E+02
    0.00000E+00,    0.31990E+02,    0.70156E+02
    0.00000E+00,    0.29990E+02,    0.66826E+02
    0.00000E+00,    0.27990E+02,    0.64899E+02
    0.00000E+00,    0.25990E+02,    0.63594E+02
    0.00000E+00,    0.23990E+02,    0.62710E+02
    0.00000E+00,    0.21990E+02,    0.62066E+02
    0.00000E+00,    0.20000E+02,    0.61601E+02
    0.00000E+00,    0.18000E+02,    0.61234E+02
    0.00000E+00,    0.16000E+02,    0.60953E+02
    0.00000E+00,    0.14000E+02,    0.60730E+02
    0.00000E+00,    0.12000E+02,    0.60559E+02
    0.00000E+00,    0.10000E+02,    0.60407E+02
    0.00000E+00,    0.80000E+01,    0.60324E+02
    0.00000E+00,    0.60000E+01,    0.60233E+02
    0.00000E+00,    0.40000E+01,    0.60164E+02
    0.00000E+00,    0.20000E+01,    0.60156E+02
    0.00000E+00,    0.00000E+00,    0.60200E+02
    0.10000E+02,    0.00000E+00,    0.60200E+02
    0.20000E+02,    0.00000E+00,    0.60200E+02
    0.30000E+02,    0.00000E+00,    0.60200E+02
    0.40000E+02,    0.00000E+00,    0.60200E+02
    0.50000E+02,    0.00000E+00,    0.60200E+02
    0.50000E+02,    0.90900E+01,    0.60141E+02
    0.50000E+02,    0.18180E+02,    0.60020E+02
    0.50000E+02,    0.27270E+02,    0.59802E+02
    0.50000E+02,    0.36360E+02,    0.59613E+02
    0.50000E+02,    0.45450E+02,    0.59600E+02
    0.50000E+02,    0.54550E+02,    0.59824E+02
    0.50000E+02,    0.63640E+02,    0.60287E+02
    0.50000E+02,    0.72730E+02,    0.60635E+02
    0.50000E+02,    0.81820E+02,    0.60751E+02
    0.50000E+02,    0.90910E+02,    0.60857E+02
    0.50000E+02,    0.10000E+03,    0.60200E+02
    0.40000E+02,    0.10000E+03,    0.60200E+02
    0.30000E+02,    0.10000E+03,    0.60200E+02
    0.20000E+02,    0.10000E+03,    0.60200E+02
    0.10000E+02,    0.10000E+03,    0.60200E+02
    0.74800E+01,    0.93610E+02,    0.59535E+02
    0.33500E+01,    0.94260E+02,    0.58282E+02
    0.25900E+01,    0.93180E+02,    0.58113E+02
    0.22900E+01,    0.91640E+02,    0.57731E+02
    0.24900E+01,    0.89890E+02,    0.57088E+02
    0.23200E+01,    0.87770E+02,    0.56088E+02
    0.21700E+01,    0.85770E+02,    0.54806E+02
    0.20400E+01,    0.83820E+02,    0.53138E+02
    0.20100E+01,    0.81910E+02,    0.51002E+02
    0.20100E+01,    0.79960E+02,    0.48253E+02
    0.20200E+01,    0.78000E+02,    0.44736E+02
    0.20400E+01,    0.76000E+02,    0.40338E+02
    0.20600E+01,    0.74000E+02,    0.35095E+02
    0.20800E+01,    0.71970E+02,    0.29150E+02
    0.21000E+01,    0.69940E+02,    0.22970E+02
    0.21300E+01,    0.67880E+02,    0.17137E+02
    0.21700E+01,    0.65750E+02,    0.12113E+02
    0.22800E+01,    0.63340E+02,    0.79466E+01
    0.14700E+01,    0.61230E+02,    0.38904E+01
    0.13900E+01,    0.60510E+02,    0.33346E+01
    0.17100E+01,    0.60340E+02,    0.33034E+01
    0.21500E+01,    0.60230E+02,    0.33887E+01
    0.26400E+01,    0.60180E+02,    0.36109E+01
    0.30900E+01,    0.59980E+02,    0.37431E+01
    0.35700E+01,    0.59840E+02,    0.40977E+01
    0.40700E+01,    0.59740E+02,    0.47056E+01
    0.45400E+01,    0.59450E+02,    0.51531E+01
    0.50300E+01,    0.59180E+02,    0.59636E+01
    0.55000E+01,    0.58880E+02,    0.69447E+01
    0.58700E+01,    0.58570E+02,    0.77788E+01
    0.62500E+01,    0.58310E+02,    0.91208E+01
    0.66700E+01,    0.58030E+02,    0.11079E+02
    0.70700E+01,    0.57710E+02,    0.13352E+02
    0.74400E+01,    0.57380E+02,    0.15928E+02
    0.78000E+01,    0.57050E+02,    0.19119E+02
    0.81900E+01,    0.56730E+02,    0.23787E+02
    0.86000E+01,    0.56360E+02,    0.29878E+02
    0.90800E+01,    0.55870E+02,    0.38593E+02
    0.91900E+01,    0.55260E+02,    0.39397E+02
    0.93800E+01,    0.54770E+02,    0.43272E+02
    0.95700E+01,    0.54290E+02,    0.48125E+02
    0.97500E+01,    0.53820E+02,    0.53833E+02
    0.99200E+01,    0.53360E+02,    0.60063E+02
    0.10110E+02,    0.52930E+02,    0.67369E+02
    0.10430E+02,    0.52500E+02,    0.77106E+02
    0.10510E+02,    0.51860E+02,    0.83223E+02
    0.10560E+02,    0.51280E+02,    0.89101E+02
    0.10580E+02,    0.50740E+02,    0.94797E+02
    0.10570E+02,    0.50210E+02,    0.10032E+03
    0.10550E+02,    0.49690E+02,    0.10541E+03
    0.10510E+02,    0.49180E+02,    0.11041E+03
    0.10450E+02,    0.48670E+02,    0.11536E+03
    0.10380E+02,    0.48160E+02,    0.11901E+03
    0.10290E+02,    0.47650E+02,    0.12183E+03
    0.10170E+02,    0.47130E+02,    0.12446E+03
    0.10020E+02,    0.46610E+02,    0.12675E+03
    0.98400E+01,    0.46090E+02,    0.12943E+03
    0.95800E+01,    0.45670E+02,    0.14220E+03
    0.94000E+01,    0.45220E+02,    0.14141E+03
    0.92000E+01,    0.44710E+02,    0.13701E+03
    0.89500E+01,    0.44120E+02,    0.12925E+03
    0.85000E+01,    0.43800E+02,    0.16146E+03
    0.81700E+01,    0.43440E+02,    0.17389E+03
    0.78400E+01,    0.43070E+02,    0.18274E+03
    0.74900E+01,    0.42690E+02,    0.18955E+03
    0.71300E+01,    0.42340E+02,    0.19787E+03
    0.67600E+01,    0.42000E+02,    0.20420E+03
    0.64200E+01,    0.41650E+02,    0.20147E+03
    0.61200E+01,    0.41190E+02,    0.18039E+03
    0.55300E+01,    0.40880E+02,    0.20126E+03
    0.50000E+01,    0.40600E+02,    0.21379E+03
    0.44700E+01,    0.40390E+02,    0.22977E+03
    0.39800E+01,    0.40110E+02,    0.22905E+03
    0.35000E+01,    0.40070E+02,    0.25091E+03
    0.30300E+01,    0.39950E+02,    0.25994E+03
    0.25800E+01,    0.39750E+02,    0.25585E+03
    0.21100E+01,    0.39720E+02,    0.26560E+03
    0.16800E+01,    0.39630E+02,    0.26524E+03
    0.13600E+01,    0.39460E+02,    0.25417E+03
    0.13900E+01,    0.38710E+02,    0.19108E+03
    0.20200E+01,    0.36550E+02,    0.90207E+02
    0.19500E+01,    0.34220E+02,    0.75624E+02
    0.19700E+01,    0.32140E+02,    0.69707E+02
    0.20300E+01,    0.30110E+02,    0.66575E+02
    0.20600E+01,    0.28060E+02,    0.64683E+02
    0.20500E+01,    0.26030E+02,    0.63451E+02
    0.20500E+01,    0.24010E+02,    0.62599E+02
    0.20300E+01,    0.22000E+02,    0.62003E+02
    0.20300E+01,    0.20020E+02,    0.61557E+02
    0.20200E+01,    0.18020E+02,    0.61216E+02
    0.20400E+01,    0.16070E+02,    0.60944E+02
    0.20900E+01,    0.14060E+02,    0.60724E+02
    0.21800E+01,    0.12040E+02,    0.60550E+02
    0.22600E+01,    0.99500E+01,    0.60425E+02
    0.20900E+01,    0.82700E+01,    0.60315E+02
    0.23900E+01,    0.67800E+01,    0.60281E+02
    0.31200E+01,    0.57300E+01,    0.60261E+02
    0.69700E+01,    0.63700E+01,    0.60293E+02
    0.17790E+02,    0.96500E+01,    0.60254E+02
    0.28170E+02,    0.93600E+01,    0.60177E+02
    0.38550E+02,    0.10610E+02,    0.60168E+02
    0.40750E+02,    0.19280E+02,    0.60049E+02
    0.40580E+02,    0.28190E+02,    0.59952E+02
    0.40800E+02,    0.36670E+02,    0.59915E+02
    0.41780E+02,    0.44870E+02,    0.59895E+02
    0.41340E+02,    0.53300E+02,    0.60079E+02
    0.40710E+02,    0.62540E+02,    0.60337E+02
    0.41260E+02,    0.71900E+02,    0.60557E+02
    0.40920E+02,    0.80550E+02,    0.60540E+02
    0.38650E+02,    0.89370E+02,    0.60431E+02
    0.28400E+02,    0.90830E+02,    0.60370E+02
    0.18530E+02,    0.91200E+02,    0.59944E+02
    0.37810E+02,    0.46200E+02,    0.59754E+02
    0.35150E+02,    0.46520E+02,    0.59636E+02
    0.32920E+02,    0.46680E+02,    0.59514E+02
    0.30860E+02,    0.46990E+02,    0.59389E+02
    0.29470E+02,    0.46890E+02,    0.59202E+02
    0.28330E+02,    0.46900E+02,    0.59030E+02
    0.27230E+02,    0.46940E+02,    0.58839E+02
    0.26180E+02,    0.47020E+02,    0.58636E+02
    0.25260E+02,    0.47090E+02,    0.58430E+02
    0.24390E+02,    0.47180E+02,    0.58209E+02
    0.23500E+02,    0.47260E+02,    0.57947E+02
    0.22570E+02,    0.47380E+02,    0.57634E+02
    0.21670E+02,    0.47500E+02,    0.57270E+02
    0.20940E+02,    0.47690E+02,    0.56940E+02
    0.20270E+02,    0.47710E+02,    0.56593E+02
    0.19560E+02,    0.47740E+02,    0.56173E+02
    0.18830E+02,    0.47780E+02,    0.55698E+02
    0.18070E+02,    0.47850E+02,    0.55137E+02
    0.17320E+02,    0.47900E+02,    0.54544E+02
    0.16700E+02,    0.47860E+02,    0.54014E+02
    0.16120E+02,    0.47960E+02,    0.53487E+02
    0.15510E+02,    0.48080E+02,    0.52967E+02
    0.14910E+02,    0.48220E+02,    0.52588E+02
    0.14300E+02,    0.48300E+02,    0.52538E+02
    0.13680E+02,    0.48330E+02,    0.53179E+02
    0.13150E+02,    0.48280E+02,    0.54481E+02
    0.12640E+02,    0.48330E+02,    0.57398E+02
    0.12100E+02,    0.48410E+02,    0.63264E+02
    0.11550E+02,    0.48500E+02,    0.73809E+02
    0.10990E+02,    0.48590E+02,    0.91226E+02
    0.33820E+02,    0.26430E+02,    0.59915E+02
    0.29040E+02,    0.28540E+02,    0.59907E+02
    0.25300E+02,    0.27620E+02,    0.60013E+02
    0.22160E+02,    0.27430E+02,    0.60165E+02
    0.19320E+02,    0.27190E+02,    0.60384E+02
    0.16420E+02,    0.27770E+02,    0.60740E+02
    0.13100E+02,    0.27070E+02,    0.61374E+02
    0.10610E+02,    0.27940E+02,    0.62154E+02
    0.83800E+01,    0.28070E+02,    0.62876E+02
    0.62800E+01,    0.28200E+02,    0.63686E+02
    0.41300E+01,    0.28140E+02,    0.64235E+02
    0.33800E+02,    0.20440E+02,    0.60018E+02
    0.29390E+02,    0.18690E+02,    0.60118E+02
    0.25700E+02,    0.18420E+02,    0.60170E+02
    0.22360E+02,    0.18100E+02,    0.60294E+02
    0.19170E+02,    0.18090E+02,    0.60399E+02
    0.16210E+02,    0.18240E+02,    0.60513E+02
    0.13070E+02,    0.18600E+02,    0.60645E+02
    0.10190E+02,    0.17440E+02,    0.60763E+02
    0.79900E+01,    0.17980E+02,    0.60962E+02
    0.60000E+01,    0.18040E+02,    0.61098E+02
    0.40400E+01,    0.18080E+02,    0.61178E+02
    0.18820E+02,    0.14410E+02,    0.60344E+02
    0.16160E+02,    0.15290E+02,    0.60386E+02
    0.13570E+02,    0.15430E+02,    0.60467E+02
    0.10890E+02,    0.14750E+02,    0.60499E+02
    0.84700E+01,    0.13180E+02,    0.60619E+02
    0.63900E+01,    0.12720E+02,    0.60628E+02
    0.43700E+01,    0.12100E+02,    0.60544E+02
    0.47900E+01,    0.95600E+01,    0.60362E+02
    0.37500E+01,    0.83100E+01,    0.60324E+02
    0.43600E+01,    0.71700E+01,    0.60288E+02
    0.87400E+01,    0.10690E+02,    0.60484E+02
    0.12900E+02,    0.12060E+02,    0.60284E+02
    0.16050E+02,    0.12710E+02,    0.60281E+02
    0.14170E+02,    0.13480E+02,    0.60368E+02
    0.66400E+01,    0.10940E+02,    0.60533E+02
    0.79000E+01,    0.14870E+02,    0.60733E+02
    0.77300E+01,    0.16310E+02,    0.60831E+02
    0.40400E+01,    0.16130E+02,    0.60935E+02
    0.59800E+01,    0.16280E+02,    0.60912E+02
    0.41500E+01,    0.14220E+02,    0.60729E+02
    0.61000E+01,    0.14470E+02,    0.60757E+02
    0.90800E+01,    0.16410E+02,    0.60766E+02
    0.92800E+01,    0.15260E+02,    0.60673E+02
    0.29230E+02,    0.14630E+02,    0.60188E+02
    0.22090E+02,    0.15020E+02,    0.60308E+02
    0.25580E+02,    0.14950E+02,    0.60156E+02
    0.25130E+02,    0.12260E+02,    0.60131E+02
    0.21700E+02,    0.12210E+02,    0.60353E+02
    0.33900E+02,    0.15120E+02,    0.60107E+02
    0.22380E+02,    0.21390E+02,    0.60275E+02
    0.22330E+02,    0.24340E+02,    0.60249E+02
    0.99500E+01,    0.19870E+02,    0.61006E+02
    0.99300E+01,    0.21830E+02,    0.61235E+02
    0.10000E+02,    0.23910E+02,    0.61544E+02
    0.10110E+02,    0.25830E+02,    0.61842E+02
    0.60400E+01,    0.20010E+02,    0.61364E+02
    0.60600E+01,    0.21960E+02,    0.61712E+02
    0.61100E+01,    0.24010E+02,    0.62170E+02
    0.61700E+01,    0.26040E+02,    0.62756E+02
    0.40600E+01,    0.22010E+02,    0.61885E+02
    0.40800E+01,    0.24000E+02,    0.62422E+02
    0.41200E+01,    0.26060E+02,    0.63175E+02
    0.40400E+01,    0.20000E+02,    0.61483E+02
    0.80400E+01,    0.21950E+02,    0.61495E+02
    0.82000E+01,    0.25990E+02,    0.62298E+02
    0.80800E+01,    0.23920E+02,    0.61848E+02
    0.80000E+01,    0.19890E+02,    0.61208E+02
    0.16450E+02,    0.21410E+02,    0.60584E+02
    0.16480E+02,    0.24370E+02,    0.60711E+02
    0.13810E+02,    0.24260E+02,    0.60936E+02
    0.13760E+02,    0.21450E+02,    0.60808E+02
    0.11800E+02,    0.23850E+02,    0.61260E+02
    0.11790E+02,    0.21860E+02,    0.61015E+02
    0.11590E+02,    0.20030E+02,    0.60842E+02
    0.11700E+02,    0.25640E+02,    0.61583E+02
    0.19340E+02,    0.21200E+02,    0.60429E+02
    0.19370E+02,    0.24380E+02,    0.60452E+02
    0.28680E+02,    0.21890E+02,    0.60117E+02
    0.28620E+02,    0.24750E+02,    0.60053E+02
    0.25570E+02,    0.21430E+02,    0.60168E+02
    0.25430E+02,    0.24670E+02,    0.60105E+02
    0.31200E+02,    0.24570E+02,    0.60018E+02
    0.31270E+02,    0.22130E+02,    0.60016E+02
    0.21730E+02,    0.30150E+02,    0.60020E+02
    0.22180E+02,    0.32500E+02,    0.59813E+02
    0.22100E+02,    0.34270E+02,    0.59622E+02
    0.21910E+02,    0.36000E+02,    0.59379E+02
    0.21590E+02,    0.37610E+02,    0.59085E+02
    0.21910E+02,    0.39010E+02,    0.58828E+02
    0.21970E+02,    0.40130E+02,    0.58597E+02
    0.22010E+02,    0.41260E+02,    0.58363E+02
    0.22070E+02,    0.42370E+02,    0.58141E+02
    0.22230E+02,    0.43470E+02,    0.57977E+02
    0.22330E+02,    0.44480E+02,    0.57834E+02
    0.22380E+02,    0.45480E+02,    0.57707E+02
    0.22430E+02,    0.46440E+02,    0.57633E+02
    0.13140E+02,    0.29970E+02,    0.61556E+02
    0.13180E+02,    0.31490E+02,    0.61599E+02
    0.13290E+02,    0.32770E+02,    0.61585E+02
    0.13340E+02,    0.34040E+02,    0.61481E+02
    0.13400E+02,    0.35300E+02,    0.61281E+02
    0.13380E+02,    0.36470E+02,    0.61002E+02
    0.13350E+02,    0.37490E+02,    0.60656E+02
    0.13350E+02,    0.38440E+02,    0.60170E+02
    0.13390E+02,    0.39340E+02,    0.59538E+02
    0.13410E+02,    0.40200E+02,    0.58831E+02
    0.13440E+02,    0.41040E+02,    0.58019E+02
    0.13440E+02,    0.41830E+02,    0.57180E+02
    0.13420E+02,    0.42590E+02,    0.56299E+02
    0.13350E+02,    0.43400E+02,    0.55320E+02
    0.13610E+02,    0.44110E+02,    0.54530E+02
    0.13720E+02,    0.44760E+02,    0.53879E+02
    0.13760E+02,    0.45400E+02,    0.53304E+02
    0.13780E+02,    0.46040E+02,    0.52867E+02
    0.13760E+02,    0.46650E+02,    0.52613E+02
    0.13730E+02,    0.47220E+02,    0.52573E+02
    0.13710E+02,    0.47760E+02,    0.52743E+02
    0.38000E+01,    0.34200E+02,    0.73169E+02
    0.55100E+01,    0.34260E+02,    0.70580E+02
    0.70600E+01,    0.34350E+02,    0.68317E+02
    0.84200E+01,    0.34260E+02,    0.66132E+02
    0.97000E+01,    0.34120E+02,    0.64372E+02
    0.10910E+02,    0.34010E+02,    0.63172E+02
    0.12140E+02,    0.34030E+02,    0.62241E+02
    0.98000E+01,    0.35450E+02,    0.64729E+02
    0.99800E+01,    0.36650E+02,    0.64703E+02
    0.10130E+02,    0.37780E+02,    0.64344E+02
    0.10390E+02,    0.38680E+02,    0.63719E+02
    0.10470E+02,    0.39540E+02,    0.63237E+02
    0.10540E+02,    0.40430E+02,    0.62505E+02
    0.10640E+02,    0.41300E+02,    0.61598E+02
    0.10770E+02,    0.42240E+02,    0.60410E+02
    0.10490E+02,    0.43030E+02,    0.62593E+02
    0.10420E+02,    0.43750E+02,    0.65281E+02
    0.10450E+02,    0.44420E+02,    0.68783E+02
    0.10480E+02,    0.45050E+02,    0.74173E+02
    0.10400E+02,    0.45730E+02,    0.84451E+02
    0.10600E+02,    0.46390E+02,    0.86746E+02
    0.10730E+02,    0.46980E+02,    0.88749E+02
    0.10840E+02,    0.47530E+02,    0.89955E+02
    0.10920E+02,    0.48070E+02,    0.91064E+02
    0.38400E+01,    0.36110E+02,    0.83049E+02
    0.54900E+01,    0.36010E+02,    0.75587E+02
    0.71500E+01,    0.36130E+02,    0.70429E+02
    0.85600E+01,    0.35670E+02,    0.66793E+02
    0.27100E+01,    0.39050E+02,    0.19511E+03
    0.40500E+01,    0.39230E+02,    0.15491E+03
    0.54400E+01,    0.39060E+02,    0.10731E+03
    0.65800E+01,    0.38860E+02,    0.85486E+02
    0.75600E+01,    0.39030E+02,    0.76923E+02
    0.85200E+01,    0.39470E+02,    0.70761E+02
    0.95500E+01,    0.39590E+02,    0.66119E+02
    0.99100E+01,    0.45060E+02,    0.95898E+02
    0.95900E+01,    0.40500E+02,    0.65934E+02
    0.97100E+01,    0.41380E+02,    0.65770E+02
    0.98000E+01,    0.42210E+02,    0.66705E+02
    0.96500E+01,    0.43000E+02,    0.73065E+02
    0.96100E+01,    0.43790E+02,    0.82578E+02
    0.98000E+01,    0.44500E+02,    0.88870E+02
    0.52000E+01,    0.39950E+02,    0.15025E+03
    0.57900E+01,    0.40260E+02,    0.14123E+03
    0.64800E+01,    0.40540E+02,    0.12173E+03
    0.72700E+01,    0.40590E+02,    0.96835E+02
    0.79300E+01,    0.40490E+02,    0.81838E+02
    0.86100E+01,    0.40600E+02,    0.73482E+02
    0.91300E+01,    0.43240E+02,    0.91476E+02
    0.87900E+01,    0.43490E+02,    0.11695E+03
    0.67500E+01,    0.41390E+02,    0.15135E+03
    0.70100E+01,    0.41070E+02,    0.11991E+03
    0.73600E+01,    0.41350E+02,    0.11464E+03
    0.77400E+01,    0.41640E+02,    0.10778E+03
    0.82300E+01,    0.41890E+02,    0.94311E+02
    0.85900E+01,    0.42440E+02,    0.94618E+02
    0.88600E+01,    0.42890E+02,    0.94918E+02
    0.78400E+01,    0.42330E+02,    0.12914E+03
    0.74500E+01,    0.42000E+02,    0.13926E+03
    0.70800E+01,    0.41690E+02,    0.14702E+03
    0.81900E+01,    0.42750E+02,    0.12582E+03
    0.85000E+01,    0.43140E+02,    0.12247E+03
    0.88000E+01,    0.41490E+02,    0.75757E+02
    0.91000E+01,    0.42220E+02,    0.77021E+02
    0.91900E+01,    0.42700E+02,    0.81328E+02
    0.79400E+01,    0.41300E+02,    0.92446E+02
    0.82100E+01,    0.41030E+02,    0.82235E+02
    0.81900E+01,    0.41510E+02,    0.89838E+02
    0.84000E+01,    0.41350E+02,    0.82800E+02
    0.76200E+01,    0.41030E+02,    0.96866E+02
    0.79200E+01,    0.40850E+02,    0.86259E+02
    0.66700E+01,    0.40920E+02,    0.13194E+03
    0.65100E+01,    0.41170E+02,    0.15518E+03
    0.89900E+01,    0.43740E+02,    0.11499E+03
    0.92500E+01,    0.43600E+02,    0.96122E+02
    0.65800E+01,    0.39720E+02,    0.96725E+02
    0.73300E+01,    0.39820E+02,    0.84905E+02
    0.79200E+01,    0.39930E+02,    0.78039E+02
    0.59300E+01,    0.39690E+02,    0.11444E+03
    0.45800E+01,    0.39850E+02,    0.17829E+03
    0.99700E+01,    0.45490E+02,    0.10405E+03
    0.35500E+01,    0.39610E+02,    0.20307E+03
    0.31000E+01,    0.39530E+02,    0.21699E+03
    0.21900E+01,    0.39330E+02,    0.22627E+03
    0.17500E+01,    0.39220E+02,    0.22666E+03
    0.54300E+01,    0.37590E+02,    0.85160E+02
    0.89900E+01,    0.38180E+02,    0.67274E+02
    0.78000E+01,    0.37960E+02,    0.71982E+02
    0.67400E+01,    0.37630E+02,    0.76297E+02
    0.88600E+01,    0.36880E+02,    0.66989E+02
    0.79400E+01,    0.36980E+02,    0.69771E+02
    0.96400E+01,    0.38820E+02,    0.65827E+02
    0.40700E+01,    0.37660E+02,    0.96670E+02
    0.29300E+01,    0.37760E+02,    0.11566E+03
    0.11480E+02,    0.40330E+02,    0.60584E+02
    0.12450E+02,    0.40260E+02,    0.59451E+02
    0.11120E+02,    0.44380E+02,    0.60117E+02
    0.11760E+02,    0.44340E+02,    0.56515E+02
    0.12400E+02,    0.44310E+02,    0.55012E+02
    0.12990E+02,    0.44260E+02,    0.54490E+02
    0.11230E+02,    0.46270E+02,    0.66689E+02
    0.11870E+02,    0.46170E+02,    0.57943E+02
    0.12490E+02,    0.46100E+02,    0.54473E+02
    0.13130E+02,    0.46060E+02,    0.53139E+02
    0.11400E+02,    0.47430E+02,    0.71040E+02
    0.11980E+02,    0.47340E+02,    0.60622E+02
    0.12560E+02,    0.47270E+02,    0.55590E+02
    0.13140E+02,    0.47230E+02,    0.53371E+02
    0.12040E+02,    0.47890E+02,    0.62024E+02
    0.12590E+02,    0.47820E+02,    0.56523E+02
    0.13150E+02,    0.47780E+02,    0.53837E+02
    0.11480E+02,    0.47970E+02,    0.72533E+02
    0.11920E+02,    0.46770E+02,    0.59270E+02
    0.12530E+02,    0.46700E+02,    0.54858E+02
    0.13140E+02,    0.46660E+02,    0.53125E+02
    0.11330E+02,    0.46860E+02,    0.68719E+02
    0.11790E+02,    0.44940E+02,    0.56564E+02
    0.11810E+02,    0.45560E+02,    0.57162E+02
    0.11130E+02,    0.45000E+02,    0.61789E+02
    0.11150E+02,    0.45640E+02,    0.64190E+02
    0.13060E+02,    0.44830E+02,    0.53897E+02
    0.12420E+02,    0.44890E+02,    0.54596E+02
    0.13100E+02,    0.45440E+02,    0.53435E+02
    0.12460E+02,    0.45490E+02,    0.54356E+02
    0.11570E+02,    0.41180E+02,    0.59523E+02
    0.11670E+02,    0.41960E+02,    0.58414E+02
    0.11830E+02,    0.42590E+02,    0.57546E+02
    0.11820E+02,    0.43180E+02,    0.57013E+02
    0.11780E+02,    0.43760E+02,    0.56624E+02
    0.11110E+02,    0.43760E+02,    0.59283E+02
    0.11180E+02,    0.43160E+02,    0.58803E+02
    0.11240E+02,    0.42660E+02,    0.59031E+02
    0.12550E+02,    0.41860E+02,    0.57596E+02
    0.12400E+02,    0.43770E+02,    0.55529E+02
    0.12540E+02,    0.43220E+02,    0.55913E+02
    0.12570E+02,    0.42560E+02,    0.56688E+02
    0.12920E+02,    0.43800E+02,    0.55096E+02
    0.12490E+02,    0.41080E+02,    0.58557E+02
    0.11210E+02,    0.37600E+02,    0.62700E+02
    0.12280E+02,    0.37510E+02,    0.61503E+02
    0.11420E+02,    0.39460E+02,    0.61402E+02
    0.11330E+02,    0.38560E+02,    0.62097E+02
    0.12390E+02,    0.39390E+02,    0.60275E+02
    0.12340E+02,    0.38480E+02,    0.60955E+02
    0.11010E+02,    0.35310E+02,    0.63213E+02
    0.12180E+02,    0.35280E+02,    0.62135E+02
    0.11100E+02,    0.36510E+02,    0.63071E+02
    0.12240E+02,    0.36450E+02,    0.61889E+02
    0.85100E+01,    0.30220E+02,    0.63796E+02
    0.84500E+01,    0.31600E+02,    0.64319E+02
    0.84200E+01,    0.32860E+02,    0.65078E+02
    0.41200E+01,    0.30260E+02,    0.66069E+02
    0.39000E+01,    0.32260E+02,    0.68793E+02
    0.63800E+01,    0.30550E+02,    0.64916E+02
    0.57300E+01,    0.32460E+02,    0.67326E+02
    0.71200E+01,    0.32830E+02,    0.66512E+02
    0.73300E+01,    0.31650E+02,    0.65251E+02
    0.10770E+02,    0.30660E+02,    0.62496E+02
    0.10860E+02,    0.32560E+02,    0.62931E+02
    0.96400E+01,    0.32810E+02,    0.63915E+02
    0.96400E+01,    0.31690E+02,    0.63434E+02
    0.12060E+02,    0.32750E+02,    0.62280E+02
    0.12030E+02,    0.31650E+02,    0.62308E+02
    0.14380E+02,    0.39300E+02,    0.59077E+02
    0.15380E+02,    0.39250E+02,    0.58805E+02
    0.16410E+02,    0.39180E+02,    0.58690E+02
    0.17540E+02,    0.39130E+02,    0.58620E+02
    0.18690E+02,    0.39140E+02,    0.58606E+02
    0.19810E+02,    0.39180E+02,    0.58646E+02
    0.20850E+02,    0.39170E+02,    0.58705E+02
    0.14380E+02,    0.44030E+02,    0.54777E+02
    0.15170E+02,    0.43990E+02,    0.55116E+02
    0.15970E+02,    0.43960E+02,    0.55494E+02
    0.16800E+02,    0.43910E+02,    0.55916E+02
    0.17700E+02,    0.43860E+02,    0.56339E+02
    0.18610E+02,    0.43840E+02,    0.56717E+02
    0.19500E+02,    0.43810E+02,    0.57072E+02
    0.20330E+02,    0.43790E+02,    0.57358E+02
    0.21180E+02,    0.43570E+02,    0.57669E+02
    0.17750E+02,    0.44710E+02,    0.55949E+02
    0.17810E+02,    0.45550E+02,    0.55624E+02
    0.17930E+02,    0.46350E+02,    0.55421E+02
    0.18020E+02,    0.47110E+02,    0.55260E+02
    0.16000E+02,    0.44720E+02,    0.54964E+02
    0.15980E+02,    0.45470E+02,    0.54435E+02
    0.15850E+02,    0.46110E+02,    0.53970E+02
    0.15880E+02,    0.46740E+02,    0.53690E+02
    0.15990E+02,    0.47360E+02,    0.53543E+02
    0.14450E+02,    0.46050E+02,    0.53059E+02
    0.15160E+02,    0.46110E+02,    0.53459E+02
    0.14290E+02,    0.47740E+02,    0.52463E+02
    0.14290E+02,    0.47220E+02,    0.52491E+02
    0.14410E+02,    0.46690E+02,    0.52672E+02
    0.15370E+02,    0.47490E+02,    0.52980E+02
    0.15110E+02,    0.46850E+02,    0.53015E+02
    0.14820E+02,    0.47670E+02,    0.52596E+02
    0.14750E+02,    0.47250E+02,    0.52691E+02
    0.14440E+02,    0.44710E+02,    0.54146E+02
    0.15210E+02,    0.44700E+02,    0.54530E+02
    0.15200E+02,    0.45410E+02,    0.53976E+02
    0.14470E+02,    0.45390E+02,    0.53565E+02
    0.17280E+02,    0.47180E+02,    0.54675E+02
    0.17150E+02,    0.46460E+02,    0.54806E+02
    0.16840E+02,    0.45670E+02,    0.54938E+02
    0.16850E+02,    0.44740E+02,    0.55445E+02
    0.16630E+02,    0.47270E+02,    0.54107E+02
    0.16510E+02,    0.46650E+02,    0.54242E+02
    0.16410E+02,    0.46140E+02,    0.54417E+02
    0.19530E+02,    0.44650E+02,    0.56818E+02
    0.19560E+02,    0.45470E+02,    0.56601E+02
    0.19570E+02,    0.46290E+02,    0.56415E+02
    0.19550E+02,    0.47020E+02,    0.56260E+02
    0.18690E+02,    0.45500E+02,    0.56154E+02
    0.18750E+02,    0.46290E+02,    0.55952E+02
    0.18790E+02,    0.47050E+02,    0.55797E+02
    0.18650E+02,    0.44660E+02,    0.56422E+02
    0.20440E+02,    0.45490E+02,    0.56992E+02
    0.21380E+02,    0.45520E+02,    0.57358E+02
    0.20410E+02,    0.46340E+02,    0.56817E+02
    0.20270E+02,    0.47050E+02,    0.56650E+02
    0.21350E+02,    0.46590E+02,    0.57221E+02
    0.20860E+02,    0.47100E+02,    0.56951E+02
    0.20410E+02,    0.44610E+02,    0.57174E+02
    0.21330E+02,    0.44560E+02,    0.57511E+02
    0.17560E+02,    0.40150E+02,    0.58179E+02
    0.17560E+02,    0.41140E+02,    0.57702E+02
    0.17550E+02,    0.42110E+02,    0.57181E+02
    0.17630E+02,    0.43020E+02,    0.56738E+02
    0.16450E+02,    0.41130E+02,    0.57598E+02
    0.15400E+02,    0.41060E+02,    0.57599E+02
    0.14400E+02,    0.41030E+02,    0.57736E+02
    0.15410E+02,    0.40160E+02,    0.58237E+02
    0.14400E+02,    0.40180E+02,    0.58431E+02
    0.16460E+02,    0.40160E+02,    0.58170E+02
    0.14290E+02,    0.43320E+02,    0.55451E+02
    0.14300E+02,    0.42590E+02,    0.56239E+02
    0.14370E+02,    0.41840E+02,    0.56993E+02
    0.16360E+02,    0.42190E+02,    0.56883E+02
    0.15320E+02,    0.41920E+02,    0.56917E+02
    0.16670E+02,    0.43080E+02,    0.56383E+02
    0.15900E+02,    0.43250E+02,    0.56005E+02
    0.15130E+02,    0.43290E+02,    0.55740E+02
    0.15140E+02,    0.42620E+02,    0.56330E+02
    0.15800E+02,    0.42680E+02,    0.56449E+02
    0.20870E+02,    0.41290E+02,    0.58162E+02
    0.19760E+02,    0.41220E+02,    0.57992E+02
    0.18660E+02,    0.41160E+02,    0.57839E+02
    0.19790E+02,    0.40180E+02,    0.58333E+02
    0.20880E+02,    0.40210E+02,    0.58448E+02
    0.18680E+02,    0.40160E+02,    0.58235E+02
    0.18600E+02,    0.42990E+02,    0.57059E+02
    0.18630E+02,    0.42130E+02,    0.57438E+02
    0.20810E+02,    0.42530E+02,    0.57831E+02
    0.19680E+02,    0.42220E+02,    0.57637E+02
    0.19500E+02,    0.43040E+02,    0.57326E+02
    0.20220E+02,    0.43100E+02,    0.57533E+02
    0.14500E+02,    0.32730E+02,    0.61008E+02
    0.15820E+02,    0.32480E+02,    0.60664E+02
    0.17360E+02,    0.32500E+02,    0.60345E+02
    0.18960E+02,    0.32630E+02,    0.60104E+02
    0.20480E+02,    0.32630E+02,    0.59905E+02
    0.17480E+02,    0.38060E+02,    0.59029E+02
    0.17390E+02,    0.36860E+02,    0.59436E+02
    0.17400E+02,    0.35500E+02,    0.59835E+02
    0.17420E+02,    0.34060E+02,    0.60115E+02
    0.18870E+02,    0.35580E+02,    0.59600E+02
    0.20340E+02,    0.35710E+02,    0.59460E+02
    0.18710E+02,    0.38080E+02,    0.58953E+02
    0.18780E+02,    0.36910E+02,    0.59293E+02
    0.20150E+02,    0.37120E+02,    0.59172E+02
    0.19860E+02,    0.38170E+02,    0.58933E+02
    0.20780E+02,    0.38330E+02,    0.58923E+02
    0.20470E+02,    0.34230E+02,    0.59701E+02
    0.18910E+02,    0.34110E+02,    0.59878E+02
    0.14630E+02,    0.35360E+02,    0.60625E+02
    0.15970E+02,    0.35470E+02,    0.60158E+02
    0.14350E+02,    0.38410E+02,    0.59643E+02
    0.14360E+02,    0.37540E+02,    0.60083E+02
    0.14570E+02,    0.36580E+02,    0.60319E+02
    0.15870E+02,    0.36940E+02,    0.59722E+02
    0.15290E+02,    0.38370E+02,    0.59296E+02
    0.16270E+02,    0.38140E+02,    0.59189E+02
    0.15180E+02,    0.37620E+02,    0.59710E+02
    0.14620E+02,    0.34060E+02,    0.60862E+02
    0.15930E+02,    0.34020E+02,    0.60449E+02
    0.19460E+02,    0.29520E+02,    0.60257E+02
    0.19020E+02,    0.31060E+02,    0.60263E+02
    0.15390E+02,    0.30520E+02,    0.60842E+02
    0.17400E+02,    0.30920E+02,    0.60524E+02
    0.17720E+02,    0.29350E+02,    0.60562E+02
    0.14380E+02,    0.31610E+02,    0.61097E+02
    0.20420E+02,    0.31350E+02,    0.60050E+02
    0.23610E+02,    0.36220E+02,    0.59352E+02
    0.25430E+02,    0.36830E+02,    0.59319E+02
    0.27680E+02,    0.36140E+02,    0.59463E+02
    0.30320E+02,    0.36120E+02,    0.59596E+02
    0.32940E+02,    0.36790E+02,    0.59651E+02
    0.36140E+02,    0.37040E+02,    0.59685E+02
    0.32330E+02,    0.39790E+02,    0.59550E+02
    0.32410E+02,    0.42140E+02,    0.59478E+02
    0.32520E+02,    0.44340E+02,    0.59452E+02
    0.23200E+02,    0.42300E+02,    0.58378E+02
    0.24290E+02,    0.42170E+02,    0.58574E+02
    0.25420E+02,    0.42030E+02,    0.58761E+02
    0.26690E+02,    0.41840E+02,    0.58951E+02
    0.28020E+02,    0.41810E+02,    0.59110E+02
    0.29350E+02,    0.41910E+02,    0.59236E+02
    0.30670E+02,    0.42350E+02,    0.59325E+02
    0.28110E+02,    0.43160E+02,    0.59056E+02
    0.28380E+02,    0.44490E+02,    0.59040E+02
    0.28290E+02,    0.45700E+02,    0.59010E+02
    0.26990E+02,    0.44560E+02,    0.58838E+02
    0.25610E+02,    0.44770E+02,    0.58597E+02
    0.24420E+02,    0.44490E+02,    0.58346E+02
    0.23360E+02,    0.44460E+02,    0.58109E+02
    0.25570E+02,    0.43330E+02,    0.58664E+02
    0.26830E+02,    0.43250E+02,    0.58872E+02
    0.24400E+02,    0.43370E+02,    0.58454E+02
    0.23300E+02,    0.43380E+02,    0.58232E+02
    0.23400E+02,    0.46370E+02,    0.57950E+02
    0.24310E+02,    0.46290E+02,    0.58214E+02
    0.25160E+02,    0.46210E+02,    0.58426E+02
    0.26030E+02,    0.45940E+02,    0.58619E+02
    0.27130E+02,    0.45790E+02,    0.58827E+02
    0.23360E+02,    0.45420E+02,    0.58006E+02
    0.24280E+02,    0.45430E+02,    0.58247E+02
    0.25020E+02,    0.45460E+02,    0.58429E+02
    0.30150E+02,    0.44490E+02,    0.59306E+02
    0.29300E+02,    0.45700E+02,    0.59172E+02
    0.29190E+02,    0.43200E+02,    0.59164E+02
    0.27930E+02,    0.38480E+02,    0.59326E+02
    0.27990E+02,    0.40230E+02,    0.59205E+02
    0.23180E+02,    0.39010E+02,    0.58912E+02
    0.24550E+02,    0.39330E+02,    0.58976E+02
    0.26100E+02,    0.38700E+02,    0.59163E+02
    0.26470E+02,    0.40400E+02,    0.59044E+02
    0.23100E+02,    0.41170E+02,    0.58552E+02
    0.23050E+02,    0.40140E+02,    0.58722E+02
    0.25150E+02,    0.40670E+02,    0.58866E+02
    0.24120E+02,    0.41070E+02,    0.58695E+02
    0.23910E+02,    0.40140E+02,    0.58817E+02
    0.23200E+02,    0.37730E+02,    0.59119E+02
    0.24400E+02,    0.37900E+02,    0.59168E+02
    0.29530E+02,    0.40430E+02,    0.59336E+02
    0.30030E+02,    0.38630E+02,    0.59451E+02
    0.30840E+02,    0.40810E+02,    0.59427E+02
    0.36730E+02,    0.43350E+02,    0.59709E+02
    0.35540E+02,    0.40420E+02,    0.59674E+02
    0.38960E+02,    0.42690E+02,    0.59766E+02
    0.38420E+02,    0.39950E+02,    0.59795E+02
    0.34620E+02,    0.44080E+02,    0.59597E+02
    0.34180E+02,    0.42220E+02,    0.59589E+02
    0.30750E+02,    0.32650E+02,    0.59766E+02
    0.35350E+02,    0.34070E+02,    0.59829E+02
    0.34360E+02,    0.31130E+02,    0.59834E+02
    0.37900E+02,    0.33980E+02,    0.59804E+02
    0.37630E+02,    0.30990E+02,    0.59863E+02
    0.32990E+02,    0.34580E+02,    0.59764E+02
    0.24400E+02,    0.32630E+02,    0.59712E+02
    0.27010E+02,    0.33480E+02,    0.59638E+02
    0.23880E+02,    0.34570E+02,    0.59555E+02
    0.25440E+02,    0.34870E+02,    0.59530E+02
    0.24560E+02,    0.30370E+02,    0.59885E+02
    0.26880E+02,    0.30670E+02,    0.59849E+02
    0.41700E+01,    0.71970E+02,    0.33502E+02
    0.62600E+01,    0.71990E+02,    0.39937E+02
    0.83700E+01,    0.72130E+02,    0.47779E+02
    0.10570E+02,    0.72400E+02,    0.55230E+02
    0.13030E+02,    0.73290E+02,    0.60077E+02
    0.16080E+02,    0.73080E+02,    0.62816E+02
    0.19000E+02,    0.72950E+02,    0.63127E+02
    0.22000E+02,    0.72620E+02,    0.62506E+02
    0.25150E+02,    0.72300E+02,    0.61880E+02
    0.28670E+02,    0.71810E+02,    0.61378E+02
    0.33330E+02,    0.71790E+02,    0.60694E+02
    0.39500E+01,    0.81790E+02,    0.51988E+02
    0.57900E+01,    0.81740E+02,    0.53220E+02
    0.74400E+01,    0.81780E+02,    0.54571E+02
    0.93100E+01,    0.82420E+02,    0.56641E+02
    0.12080E+02,    0.81720E+02,    0.58239E+02
    0.15550E+02,    0.82170E+02,    0.59672E+02
    0.18890E+02,    0.82280E+02,    0.60411E+02
    0.22290E+02,    0.82060E+02,    0.60752E+02
    0.25710E+02,    0.81630E+02,    0.60854E+02
    0.29380E+02,    0.81050E+02,    0.60800E+02
    0.33760E+02,    0.79030E+02,    0.60603E+02
    0.18690E+02,    0.86140E+02,    0.59999E+02
    0.29350E+02,    0.85380E+02,    0.60586E+02
    0.33940E+02,    0.84640E+02,    0.60708E+02
    0.25680E+02,    0.85160E+02,    0.60562E+02
    0.22160E+02,    0.85340E+02,    0.60445E+02
    0.22060E+02,    0.88240E+02,    0.60202E+02
    0.25370E+02,    0.88030E+02,    0.60577E+02
    0.46900E+01,    0.87420E+02,    0.56432E+02
    0.67600E+01,    0.86310E+02,    0.56513E+02
    0.83700E+01,    0.85210E+02,    0.56743E+02
    0.96400E+01,    0.84300E+02,    0.57165E+02
    0.11300E+02,    0.85360E+02,    0.58633E+02
    0.15030E+02,    0.85500E+02,    0.59428E+02
    0.53200E+01,    0.90050E+02,    0.57861E+02
    0.10320E+02,    0.88820E+02,    0.58306E+02
    0.79300E+01,    0.87890E+02,    0.57230E+02
    0.91700E+01,    0.86120E+02,    0.57300E+02
    0.14670E+02,    0.88560E+02,    0.59291E+02
    0.47100E+01,    0.92760E+02,    0.58270E+02
    0.41200E+01,    0.91510E+02,    0.57859E+02
    0.76900E+01,    0.83840E+02,    0.55819E+02
    0.70100E+01,    0.83030E+02,    0.54773E+02
    0.57300E+01,    0.83280E+02,    0.54315E+02
    0.40200E+01,    0.83610E+02,    0.53726E+02
    0.42400E+01,    0.85390E+02,    0.55186E+02
    0.61500E+01,    0.84760E+02,    0.55471E+02
    0.22180E+02,    0.75680E+02,    0.61852E+02
    0.22260E+02,    0.78740E+02,    0.61254E+02
    0.10040E+02,    0.74360E+02,    0.54252E+02
    0.98400E+01,    0.76220E+02,    0.54531E+02
    0.96600E+01,    0.78230E+02,    0.55103E+02
    0.94200E+01,    0.80160E+02,    0.55452E+02
    0.61500E+01,    0.74060E+02,    0.43777E+02
    0.60500E+01,    0.76030E+02,    0.46931E+02
    0.59700E+01,    0.78030E+02,    0.49560E+02
    0.58600E+01,    0.79910E+02,    0.51595E+02
    0.40200E+01,    0.77980E+02,    0.46860E+02
    0.39800E+01,    0.79940E+02,    0.49754E+02
    0.41200E+01,    0.74000E+02,    0.38774E+02
    0.40700E+01,    0.76020E+02,    0.43234E+02
    0.78400E+01,    0.78070E+02,    0.52420E+02
    0.81500E+01,    0.74130E+02,    0.49362E+02
    0.79900E+01,    0.76140E+02,    0.50982E+02
    0.76900E+01,    0.80030E+02,    0.53618E+02
    0.16030E+02,    0.78930E+02,    0.60387E+02
    0.16200E+02,    0.76020E+02,    0.61391E+02
    0.19100E+02,    0.79010E+02,    0.61051E+02
    0.19120E+02,    0.75850E+02,    0.61977E+02
    0.13540E+02,    0.76050E+02,    0.59757E+02
    0.13300E+02,    0.78800E+02,    0.58921E+02
    0.11610E+02,    0.76330E+02,    0.57352E+02
    0.11400E+02,    0.78310E+02,    0.57263E+02
    0.11020E+02,    0.80120E+02,    0.56942E+02
    0.11570E+02,    0.74600E+02,    0.57144E+02
    0.28400E+02,    0.74980E+02,    0.61258E+02
    0.28620E+02,    0.77890E+02,    0.61052E+02
    0.25490E+02,    0.78460E+02,    0.61192E+02
    0.25320E+02,    0.75310E+02,    0.61565E+02
    0.31130E+02,    0.77260E+02,    0.60959E+02
    0.30990E+02,    0.74650E+02,    0.60948E+02
    0.22700E+02,    0.48270E+02,    0.57666E+02
    0.22800E+02,    0.49170E+02,    0.57732E+02
    0.22930E+02,    0.50100E+02,    0.57853E+02
    0.23030E+02,    0.51060E+02,    0.58012E+02
    0.23080E+02,    0.52050E+02,    0.58204E+02
    0.23040E+02,    0.53030E+02,    0.58403E+02
    0.22790E+02,    0.54100E+02,    0.58657E+02
    0.23000E+02,    0.55190E+02,    0.59015E+02
    0.23320E+02,    0.56240E+02,    0.59431E+02
    0.23470E+02,    0.57470E+02,    0.59877E+02
    0.23570E+02,    0.58820E+02,    0.60380E+02
    0.23860E+02,    0.60170E+02,    0.60825E+02
    0.24140E+02,    0.61630E+02,    0.61230E+02
    0.24310E+02,    0.63070E+02,    0.61553E+02
    0.24060E+02,    0.64750E+02,    0.62005E+02
    0.23930E+02,    0.66880E+02,    0.62382E+02
    0.24610E+02,    0.69270E+02,    0.62236E+02
    0.44300E+01,    0.63720E+02,    0.11932E+02
    0.63200E+01,    0.63840E+02,    0.20746E+02
    0.81600E+01,    0.63650E+02,    0.34606E+02
    0.10090E+02,    0.62880E+02,    0.52453E+02
    0.12380E+02,    0.62900E+02,    0.65732E+02
    0.14280E+02,    0.62690E+02,    0.68232E+02
    0.16140E+02,    0.62600E+02,    0.66626E+02
    0.17860E+02,    0.62600E+02,    0.64650E+02
    0.19560E+02,    0.62550E+02,    0.63189E+02
    0.21230E+02,    0.62380E+02,    0.62290E+02
    0.22670E+02,    0.61870E+02,    0.61624E+02
    0.13370E+02,    0.70170E+02,    0.62093E+02
    0.13570E+02,    0.67270E+02,    0.64591E+02
    0.12720E+02,    0.64940E+02,    0.64777E+02
    0.17990E+02,    0.64220E+02,    0.65246E+02
    0.18100E+02,    0.65820E+02,    0.65476E+02
    0.18540E+02,    0.67630E+02,    0.65170E+02
    0.18810E+02,    0.70110E+02,    0.64320E+02
    0.16090E+02,    0.70300E+02,    0.64731E+02
    0.16100E+02,    0.67750E+02,    0.66245E+02
    0.16310E+02,    0.65940E+02,    0.66669E+02
    0.16200E+02,    0.64280E+02,    0.66794E+02
    0.14510E+02,    0.64460E+02,    0.67455E+02
    0.14760E+02,    0.65860E+02,    0.66818E+02
    0.21110E+02,    0.66780E+02,    0.63354E+02
    0.21830E+02,    0.64220E+02,    0.62743E+02
    0.19740E+02,    0.64130E+02,    0.63827E+02
    0.19660E+02,    0.65590E+02,    0.64291E+02
    0.22940E+02,    0.63060E+02,    0.61826E+02
    0.21630E+02,    0.69720E+02,    0.63076E+02
    0.10840E+02,    0.67530E+02,    0.55772E+02
    0.85300E+01,    0.67710E+02,    0.42560E+02
    0.63500E+01,    0.67780E+02,    0.29952E+02
    0.42500E+01,    0.67830E+02,    0.21569E+02
    0.42900E+01,    0.65750E+02,    0.16102E+02
    0.63400E+01,    0.65740E+02,    0.24791E+02
    0.83700E+01,    0.65560E+02,    0.38601E+02
    0.10520E+02,    0.65240E+02,    0.54301E+02
    0.85100E+01,    0.69910E+02,    0.45532E+02
    0.42100E+01,    0.69900E+02,    0.27582E+02
    0.63300E+01,    0.69910E+02,    0.35285E+02
    0.10830E+02,    0.70020E+02,    0.55635E+02
    0.14320E+02,    0.48910E+02,    0.52784E+02
    0.14420E+02,    0.49550E+02,    0.53202E+02
    0.14530E+02,    0.50210E+02,    0.53765E+02
    0.14640E+02,    0.50880E+02,    0.54446E+02
    0.14730E+02,    0.51580E+02,    0.55294E+02
    0.14810E+02,    0.52300E+02,    0.56275E+02
    0.14870E+02,    0.53060E+02,    0.57432E+02
    0.14890E+02,    0.53840E+02,    0.58744E+02
    0.14910E+02,    0.54650E+02,    0.60155E+02
    0.15030E+02,    0.55470E+02,    0.61223E+02
    0.15340E+02,    0.56250E+02,    0.61705E+02
    0.15540E+02,    0.57220E+02,    0.62676E+02
    0.15660E+02,    0.58170E+02,    0.63641E+02
    0.15640E+02,    0.59260E+02,    0.65042E+02
    0.16140E+02,    0.60740E+02,    0.65631E+02
    0.11060E+02,    0.49110E+02,    0.90395E+02
    0.11120E+02,    0.49630E+02,    0.89098E+02
    0.11160E+02,    0.50160E+02,    0.87764E+02
    0.11200E+02,    0.50710E+02,    0.85930E+02
    0.11210E+02,    0.51290E+02,    0.84092E+02
    0.11200E+02,    0.51920E+02,    0.81941E+02
    0.11160E+02,    0.52650E+02,    0.79370E+02
    0.11350E+02,    0.53370E+02,    0.76410E+02
    0.11590E+02,    0.54030E+02,    0.74699E+02
    0.11700E+02,    0.54680E+02,    0.73784E+02
    0.11790E+02,    0.55430E+02,    0.72999E+02
    0.11930E+02,    0.56150E+02,    0.72030E+02
    0.11980E+02,    0.56930E+02,    0.71434E+02
    0.12100E+02,    0.57740E+02,    0.70616E+02
    0.12130E+02,    0.58580E+02,    0.69837E+02
    0.12450E+02,    0.59570E+02,    0.69427E+02
    0.12370E+02,    0.61010E+02,    0.67968E+02
    0.10980E+02,    0.58530E+02,    0.65333E+02
    0.98200E+01,    0.59210E+02,    0.53043E+02
    0.85300E+01,    0.59570E+02,    0.35984E+02
    0.75400E+01,    0.60100E+02,    0.24919E+02
    0.65800E+01,    0.60290E+02,    0.16456E+02
    0.55700E+01,    0.60230E+02,    0.98402E+01
    0.42800E+01,    0.60460E+02,    0.60480E+01
    0.28700E+01,    0.60800E+02,    0.42967E+01
    0.53000E+01,    0.59620E+02,    0.77749E+01
    0.11080E+02,    0.56900E+02,    0.68656E+02
    0.10260E+02,    0.57500E+02,    0.60109E+02
    0.92500E+01,    0.57990E+02,    0.45327E+02
    0.84700E+01,    0.58520E+02,    0.33821E+02
    0.77500E+01,    0.58550E+02,    0.24008E+02
    0.71200E+01,    0.58880E+02,    0.17909E+02
    0.65100E+01,    0.59090E+02,    0.13179E+02
    0.58900E+01,    0.59220E+02,    0.94767E+01
    0.69000E+01,    0.58410E+02,    0.14384E+02
    0.64400E+01,    0.58660E+02,    0.11492E+02
    0.60600E+01,    0.58810E+02,    0.95023E+01
    0.73700E+01,    0.58110E+02,    0.18128E+02
    0.10470E+02,    0.53130E+02,    0.72851E+02
    0.10850E+02,    0.53270E+02,    0.76000E+02
    0.82900E+01,    0.57950E+02,    0.30022E+02
    0.80800E+01,    0.57510E+02,    0.25287E+02
    0.10990E+02,    0.55540E+02,    0.70475E+02
    0.10460E+02,    0.56180E+02,    0.64225E+02
    0.97100E+01,    0.56500E+02,    0.52382E+02
    0.90200E+01,    0.57040E+02,    0.39992E+02
    0.84900E+01,    0.57240E+02,    0.31007E+02
    0.11080E+02,    0.54760E+02,    0.72482E+02
    0.10510E+02,    0.54610E+02,    0.67836E+02
    0.10030E+02,    0.54470E+02,    0.59739E+02
    0.10710E+02,    0.53640E+02,    0.73166E+02
    0.10620E+02,    0.54100E+02,    0.70608E+02
    0.10320E+02,    0.53530E+02,    0.68530E+02
    0.10180E+02,    0.53960E+02,    0.64141E+02
    0.11080E+02,    0.54130E+02,    0.74117E+02
    0.11050E+02,    0.53720E+02,    0.74965E+02
    0.10040E+02,    0.55680E+02,    0.58301E+02
    0.96400E+01,    0.55430E+02,    0.50433E+02
    0.10350E+02,    0.55220E+02,    0.64304E+02
    0.98400E+01,    0.54950E+02,    0.54992E+02
    0.94800E+01,    0.55750E+02,    0.47045E+02
    0.97500E+01,    0.56000E+02,    0.52506E+02
    0.86900E+01,    0.57740E+02,    0.35912E+02
    0.11340E+02,    0.56220E+02,    0.70598E+02
    0.77100E+01,    0.57760E+02,    0.20946E+02
    0.79300E+01,    0.58100E+02,    0.25136E+02
    0.10870E+02,    0.52910E+02,    0.77430E+02
    0.10590E+02,    0.52850E+02,    0.75456E+02
    0.11390E+02,    0.57740E+02,    0.68415E+02
    0.66100E+01,    0.59630E+02,    0.15330E+02
    0.72900E+01,    0.59440E+02,    0.21159E+02
    0.78700E+01,    0.59190E+02,    0.27268E+02
    0.60200E+01,    0.59700E+02,    0.11425E+02
    0.32100E+01,    0.60330E+02,    0.42629E+01
    0.36900E+01,    0.60210E+02,    0.47634E+01
    0.47100E+01,    0.59840E+02,    0.62606E+01
    0.18200E+01,    0.60720E+02,    0.36474E+01
    0.22800E+01,    0.60590E+02,    0.37741E+01
    0.77200E+01,    0.61100E+02,    0.28261E+02
    0.78000E+01,    0.62250E+02,    0.30348E+02
    0.48200E+01,    0.61920E+02,    0.10014E+02
    0.33200E+01,    0.62030E+02,    0.61966E+01
    0.63900E+01,    0.62310E+02,    0.18579E+02
    0.65900E+01,    0.61190E+02,    0.18244E+02
    0.56600E+01,    0.61120E+02,    0.12204E+02
    0.10520E+02,    0.60720E+02,    0.57805E+02
    0.89300E+01,    0.60840E+02,    0.41558E+02
    0.89500E+01,    0.62000E+02,    0.42076E+02
    0.11310E+02,    0.59610E+02,    0.65243E+02
    0.14090E+02,    0.52370E+02,    0.58454E+02
    0.13390E+02,    0.52420E+02,    0.62121E+02
    0.12690E+02,    0.52490E+02,    0.67610E+02
    0.11960E+02,    0.52570E+02,    0.74458E+02
    0.13830E+02,    0.50330E+02,    0.55405E+02
    0.13150E+02,    0.50460E+02,    0.59005E+02
    0.12480E+02,    0.50570E+02,    0.65416E+02
    0.11830E+02,    0.50660E+02,    0.74810E+02
    0.12180E+02,    0.48920E+02,    0.64101E+02
    0.12290E+02,    0.49430E+02,    0.64340E+02
    0.12400E+02,    0.49990E+02,    0.64706E+02
    0.11700E+02,    0.49540E+02,    0.74683E+02
    0.11770E+02,    0.50090E+02,    0.74773E+02
    0.11620E+02,    0.49020E+02,    0.74559E+02
    0.13710E+02,    0.49680E+02,    0.54686E+02
    0.13040E+02,    0.49850E+02,    0.58240E+02
    0.12900E+02,    0.49270E+02,    0.57807E+02
    0.13550E+02,    0.48970E+02,    0.54011E+02
    0.12710E+02,    0.48800E+02,    0.58116E+02
    0.13140E+02,    0.48690E+02,    0.55274E+02
    0.13320E+02,    0.51750E+02,    0.61017E+02
    0.13240E+02,    0.51090E+02,    0.59958E+02
    0.14020E+02,    0.51670E+02,    0.57292E+02
    0.13930E+02,    0.50990E+02,    0.56281E+02
    0.12620E+02,    0.51820E+02,    0.66934E+02
    0.11920E+02,    0.51890E+02,    0.74655E+02
    0.12560E+02,    0.51190E+02,    0.66115E+02
    0.11880E+02,    0.51250E+02,    0.74762E+02
    0.14630E+02,    0.57430E+02,    0.65367E+02
    0.13770E+02,    0.57750E+02,    0.68136E+02
    0.12910E+02,    0.57710E+02,    0.70319E+02
    0.12770E+02,    0.53160E+02,    0.68086E+02
    0.12880E+02,    0.53820E+02,    0.68265E+02
    0.12990E+02,    0.54440E+02,    0.68318E+02
    0.13240E+02,    0.55080E+02,    0.67775E+02
    0.13430E+02,    0.55890E+02,    0.67799E+02
    0.13610E+02,    0.56760E+02,    0.67927E+02
    0.12510E+02,    0.55280E+02,    0.71263E+02
    0.12790E+02,    0.56870E+02,    0.70557E+02
    0.12670E+02,    0.56050E+02,    0.70867E+02
    0.12220E+02,    0.53910E+02,    0.72454E+02
    0.12080E+02,    0.53250E+02,    0.73472E+02
    0.12360E+02,    0.54590E+02,    0.71807E+02
    0.14450E+02,    0.56540E+02,    0.64677E+02
    0.14240E+02,    0.55650E+02,    0.64123E+02
    0.14000E+02,    0.54710E+02,    0.63459E+02
    0.14140E+02,    0.53850E+02,    0.61306E+02
    0.14130E+02,    0.53090E+02,    0.59780E+02
    0.13450E+02,    0.53110E+02,    0.63273E+02
    0.13490E+02,    0.53760E+02,    0.64358E+02
    0.13500E+02,    0.54300E+02,    0.65243E+02
    0.13960E+02,    0.59020E+02,    0.68498E+02
    0.13000E+02,    0.58450E+02,    0.69986E+02
    0.14750E+02,    0.58230E+02,    0.65748E+02
    0.14200E+02,    0.60890E+02,    0.68580E+02
    0.22130E+02,    0.56450E+02,    0.59339E+02
    0.21040E+02,    0.56560E+02,    0.59236E+02
    0.19970E+02,    0.56610E+02,    0.59143E+02
    0.18850E+02,    0.56650E+02,    0.59160E+02
    0.17700E+02,    0.56790E+02,    0.59550E+02
    0.16570E+02,    0.56950E+02,    0.60629E+02
    0.22180E+02,    0.52060E+02,    0.57891E+02
    0.21310E+02,    0.52140E+02,    0.57556E+02
    0.20470E+02,    0.52260E+02,    0.57202E+02
    0.19640E+02,    0.52400E+02,    0.56821E+02
    0.18820E+02,    0.52550E+02,    0.56425E+02
    0.18010E+02,    0.52710E+02,    0.56056E+02
    0.17200E+02,    0.52840E+02,    0.55786E+02
    0.16400E+02,    0.52940E+02,    0.55771E+02
    0.15620E+02,    0.53000E+02,    0.56206E+02
    0.18110E+02,    0.48600E+02,    0.55089E+02
    0.18230E+02,    0.49370E+02,    0.55191E+02
    0.18390E+02,    0.50140E+02,    0.55390E+02
    0.18540E+02,    0.50930E+02,    0.55664E+02
    0.18680E+02,    0.51730E+02,    0.56006E+02
    0.15360E+02,    0.50760E+02,    0.53820E+02
    0.16080E+02,    0.50630E+02,    0.53874E+02
    0.16830E+02,    0.50470E+02,    0.54264E+02
    0.17600E+02,    0.50300E+02,    0.54806E+02
    0.16960E+02,    0.51230E+02,    0.54663E+02
    0.17090E+02,    0.52020E+02,    0.55177E+02
    0.15550E+02,    0.52230E+02,    0.55275E+02
    0.16300E+02,    0.52130E+02,    0.55005E+02
    0.15460E+02,    0.51480E+02,    0.54477E+02
    0.16200E+02,    0.51360E+02,    0.54374E+02
    0.17880E+02,    0.51880E+02,    0.55551E+02
    0.17740E+02,    0.51080E+02,    0.55134E+02
    0.15950E+02,    0.49930E+02,    0.53490E+02
    0.15800E+02,    0.49260E+02,    0.53207E+02
    0.15640E+02,    0.48670E+02,    0.53036E+02
    0.17430E+02,    0.49530E+02,    0.54548E+02
    0.16670E+02,    0.49740E+02,    0.53952E+02
    0.17210E+02,    0.48680E+02,    0.54351E+02
    0.16490E+02,    0.49050E+02,    0.53730E+02
    0.16240E+02,    0.48500E+02,    0.53521E+02
    0.16730E+02,    0.48350E+02,    0.53948E+02
    0.15120E+02,    0.49430E+02,    0.52936E+02
    0.15240E+02,    0.50080E+02,    0.53311E+02
    0.15000E+02,    0.48800E+02,    0.52696E+02
    0.21980E+02,    0.50220E+02,    0.57499E+02
    0.21050E+02,    0.50350E+02,    0.57086E+02
    0.20170E+02,    0.50560E+02,    0.56647E+02
    0.19350E+02,    0.50760E+02,    0.56177E+02
    0.18890E+02,    0.48510E+02,    0.55676E+02
    0.19010E+02,    0.49230E+02,    0.55757E+02
    0.19180E+02,    0.49970E+02,    0.55933E+02
    0.20970E+02,    0.48440E+02,    0.56927E+02
    0.20820E+02,    0.49350E+02,    0.56886E+02
    0.19620E+02,    0.48430E+02,    0.56162E+02
    0.19720E+02,    0.49080E+02,    0.56222E+02
    0.19980E+02,    0.49740E+02,    0.56431E+02
    0.20280E+02,    0.48380E+02,    0.56562E+02
    0.20280E+02,    0.48930E+02,    0.56542E+02
    0.21790E+02,    0.48380E+02,    0.57295E+02
    0.21860E+02,    0.49280E+02,    0.57358E+02
    0.21200E+02,    0.51260E+02,    0.57309E+02
    0.22100E+02,    0.51150E+02,    0.57681E+02
    0.20330E+02,    0.51420E+02,    0.56905E+02
    0.19500E+02,    0.51580E+02,    0.56474E+02
    0.19780E+02,    0.53220E+02,    0.57223E+02
    0.19910E+02,    0.54020E+02,    0.57639E+02
    0.20010E+02,    0.54780E+02,    0.58030E+02
    0.19930E+02,    0.55610E+02,    0.58500E+02
    0.17310E+02,    0.53710E+02,    0.56519E+02
    0.17430E+02,    0.54640E+02,    0.57356E+02
    0.17560E+02,    0.55660E+02,    0.58407E+02
    0.16460E+02,    0.53790E+02,    0.56675E+02
    0.16480E+02,    0.54700E+02,    0.57764E+02
    0.16320E+02,    0.55780E+02,    0.59321E+02
    0.15670E+02,    0.53810E+02,    0.57302E+02
    0.15680E+02,    0.54620E+02,    0.58495E+02
    0.15690E+02,    0.55280E+02,    0.59461E+02
    0.18170E+02,    0.53560E+02,    0.56653E+02
    0.18380E+02,    0.54450E+02,    0.57344E+02
    0.18810E+02,    0.55440E+02,    0.58212E+02
    0.18970E+02,    0.53380E+02,    0.56912E+02
    0.19150E+02,    0.54160E+02,    0.57434E+02
    0.19310E+02,    0.54800E+02,    0.57815E+02
    0.20590E+02,    0.53090E+02,    0.57530E+02
    0.20730E+02,    0.53880E+02,    0.57887E+02
    0.20870E+02,    0.54690E+02,    0.58277E+02
    0.20960E+02,    0.55570E+02,    0.58717E+02
    0.21970E+02,    0.55450E+02,    0.58903E+02
    0.21800E+02,    0.54490E+02,    0.58482E+02
    0.21530E+02,    0.53740E+02,    0.58111E+02
    0.21410E+02,    0.52970E+02,    0.57826E+02
    0.22200E+02,    0.52920E+02,    0.58109E+02
    0.22180E+02,    0.53580E+02,    0.58259E+02
    0.19370E+02,    0.61090E+02,    0.62408E+02
    0.19260E+02,    0.59850E+02,    0.61595E+02
    0.19080E+02,    0.58770E+02,    0.60831E+02
    0.18950E+02,    0.57730E+02,    0.60026E+02
    0.21950E+02,    0.58960E+02,    0.60565E+02
    0.20570E+02,    0.59570E+02,    0.60978E+02
    0.22160E+02,    0.57630E+02,    0.59849E+02
    0.21090E+02,    0.57540E+02,    0.59770E+02
    0.20050E+02,    0.57620E+02,    0.59807E+02
    0.20200E+02,    0.58580E+02,    0.60403E+02
    0.21080E+02,    0.58370E+02,    0.60163E+02
    0.22340E+02,    0.60490E+02,    0.61167E+02
    0.20890E+02,    0.60870E+02,    0.61672E+02
    0.17820E+02,    0.57860E+02,    0.60612E+02
    0.16710E+02,    0.58020E+02,    0.61826E+02
    0.17850E+02,    0.61100E+02,    0.63573E+02
    0.17920E+02,    0.58910E+02,    0.61569E+02
    0.16810E+02,    0.59020E+02,    0.62826E+02
    0.17990E+02,    0.59930E+02,    0.62408E+02
    0.16980E+02,    0.59920E+02,    0.63364E+02
    0.36530E+02,    0.54440E+02,    0.60049E+02
    0.33610E+02,    0.55110E+02,    0.59953E+02
    0.31070E+02,    0.55020E+02,    0.59907E+02
    0.29210E+02,    0.55730E+02,    0.59848E+02
    0.27630E+02,    0.55860E+02,    0.59764E+02
    0.26180E+02,    0.55850E+02,    0.59656E+02
    0.24640E+02,    0.55740E+02,    0.59504E+02
    0.33250E+02,    0.48890E+02,    0.59599E+02
    0.33270E+02,    0.50890E+02,    0.59684E+02
    0.33270E+02,    0.52820E+02,    0.59758E+02
    0.28340E+02,    0.48060E+02,    0.59050E+02
    0.28370E+02,    0.49250E+02,    0.59103E+02
    0.28450E+02,    0.50470E+02,    0.59193E+02
    0.28570E+02,    0.51690E+02,    0.59312E+02
    0.28720E+02,    0.52950E+02,    0.59456E+02
    0.28880E+02,    0.54260E+02,    0.59618E+02
    0.24080E+02,    0.52010E+02,    0.58489E+02
    0.25130E+02,    0.51970E+02,    0.58743E+02
    0.26260E+02,    0.51870E+02,    0.58965E+02
    0.27420E+02,    0.51790E+02,    0.59156E+02
    0.26300E+02,    0.53140E+02,    0.59153E+02
    0.26280E+02,    0.54430E+02,    0.59365E+02
    0.25130E+02,    0.53130E+02,    0.58940E+02
    0.24050E+02,    0.53090E+02,    0.58686E+02
    0.25000E+02,    0.54380E+02,    0.59166E+02
    0.23930E+02,    0.54140E+02,    0.58920E+02
    0.23860E+02,    0.55050E+02,    0.59104E+02
    0.27580E+02,    0.54420E+02,    0.59526E+02
    0.27520E+02,    0.53060E+02,    0.59322E+02
    0.27230E+02,    0.49290E+02,    0.58910E+02
    0.25950E+02,    0.49290E+02,    0.58670E+02
    0.24880E+02,    0.49740E+02,    0.58426E+02
    0.23890E+02,    0.49960E+02,    0.58159E+02
    0.23730E+02,    0.49040E+02,    0.58045E+02
    0.23600E+02,    0.48160E+02,    0.57975E+02
    0.24480E+02,    0.48050E+02,    0.58231E+02
    0.25310E+02,    0.47990E+02,    0.58445E+02
    0.26180E+02,    0.48090E+02,    0.58648E+02
    0.27250E+02,    0.48090E+02,    0.58860E+02
    0.24590E+02,    0.48890E+02,    0.58286E+02
    0.25290E+02,    0.48720E+02,    0.58449E+02
    0.26150E+02,    0.50630E+02,    0.58807E+02
    0.25050E+02,    0.50820E+02,    0.58574E+02
    0.24020E+02,    0.50970E+02,    0.58312E+02
    0.27320E+02,    0.50540E+02,    0.59020E+02
    0.31280E+02,    0.52560E+02,    0.59688E+02
    0.29910E+02,    0.52770E+02,    0.59573E+02
    0.31540E+02,    0.48920E+02,    0.59481E+02
    0.31660E+02,    0.50680E+02,    0.59560E+02
    0.29370E+02,    0.48040E+02,    0.59204E+02
    0.29430E+02,    0.49200E+02,    0.59258E+02
    0.29520E+02,    0.50410E+02,    0.59337E+02
    0.29620E+02,    0.51590E+02,    0.59424E+02
    0.30440E+02,    0.49130E+02,    0.59383E+02
    0.30520E+02,    0.50430E+02,    0.59450E+02
    0.30490E+02,    0.51510E+02,    0.59497E+02
    0.30220E+02,    0.48040E+02,    0.59316E+02
    0.29960E+02,    0.54030E+02,    0.59664E+02
    0.35230E+02,    0.49180E+02,    0.59715E+02
    0.34950E+02,    0.51180E+02,    0.59776E+02
    0.34900E+02,    0.52820E+02,    0.59778E+02
    0.37690E+02,    0.50130E+02,    0.59816E+02
    0.36370E+02,    0.51920E+02,    0.59781E+02
    0.34560E+02,    0.64730E+02,    0.60708E+02
    0.31110E+02,    0.65220E+02,    0.60937E+02
    0.28310E+02,    0.65170E+02,    0.61233E+02
    0.26100E+02,    0.64860E+02,    0.61548E+02
    0.31240E+02,    0.57780E+02,    0.60167E+02
    0.31000E+02,    0.60190E+02,    0.60435E+02
    0.30830E+02,    0.62590E+02,    0.60687E+02
    0.28880E+02,    0.59900E+02,    0.60482E+02
    0.26960E+02,    0.59310E+02,    0.60469E+02
    0.25380E+02,    0.59870E+02,    0.60609E+02
    0.29210E+02,    0.57710E+02,    0.60123E+02
    0.27510E+02,    0.57560E+02,    0.60062E+02
    0.26140E+02,    0.57240E+02,    0.59973E+02
    0.24820E+02,    0.57290E+02,    0.59923E+02
    0.24950E+02,    0.58570E+02,    0.60255E+02
    0.26040E+02,    0.58410E+02,    0.60184E+02
    0.26100E+02,    0.62900E+02,    0.61223E+02
    0.28220E+02,    0.62280E+02,    0.60890E+02
    0.25650E+02,    0.61320E+02,    0.60931E+02
    0.26980E+02,    0.61000E+02,    0.60720E+02
    0.32810E+02,    0.62630E+02,    0.60525E+02
    0.33050E+02,    0.60620E+02,    0.60429E+02
    0.33570E+02,    0.58140E+02,    0.60205E+02
    0.36390E+02,    0.59160E+02,    0.60232E+02
    0.34660E+02,    0.61490E+02,    0.60332E+02
    0.27650E+02,    0.68280E+02,    0.61419E+02
    0.30740E+02,    0.68420E+02,    0.61189E+02
    0.25930E+02,    0.66670E+02,    0.61794E+02
    0.00000E+00,    0.60000E+02,    0.77577E+02
    0.50000E+00,    0.59990E+02,    0.77570E+02
    0.10000E+01,    0.59950E+02,    0.77519E+02
    0.14900E+01,    0.59890E+02,    0.77407E+02
    0.19800E+01,    0.59800E+02,    0.77206E+02
    0.24700E+01,    0.59690E+02,    0.76964E+02
    0.29500E+01,    0.59560E+02,    0.76655E+02
    0.34200E+01,    0.59400E+02,    0.76182E+02
    0.38800E+01,    0.59210E+02,    0.75648E+02
    0.43400E+01,    0.59010E+02,    0.75201E+02
    0.47800E+01,    0.58780E+02,    0.74630E+02
    0.52100E+01,    0.58530E+02,    0.74128E+02
    0.56300E+01,    0.58260E+02,    0.73784E+02
    0.60400E+01,    0.57970E+02,    0.73536E+02
    0.64300E+01,    0.57660E+02,    0.72996E+02
    0.68000E+01,    0.57330E+02,    0.72203E+02
    0.71600E+01,    0.56980E+02,    0.71570E+02
    0.75000E+01,    0.56620E+02,    0.71062E+02
    0.78200E+01,    0.56230E+02,    0.70375E+02
    0.81200E+01,    0.55840E+02,    0.69832E+02
    0.84000E+01,    0.55430E+02,    0.69111E+02
    0.86600E+01,    0.55000E+02,    0.68234E+02
    0.89000E+01,    0.54560E+02,    0.67534E+02
    0.91200E+01,    0.54110E+02,    0.66941E+02
    0.93100E+01,    0.53650E+02,    0.65993E+02
    0.94800E+01,    0.53180E+02,    0.65132E+02
    0.96300E+01,    0.52710E+02,    0.64369E+02
    0.97500E+01,    0.52230E+02,    0.63571E+02
    0.98500E+01,    0.51740E+02,    0.62755E+02
    0.99200E+01,    0.51240E+02,    0.61929E+02
    0.99700E+01,    0.50750E+02,    0.61134E+02
    0.10000E+02,    0.50250E+02,    0.60332E+02
    0.10000E+02,    0.49750E+02,    0.59538E+02
    0.99700E+01,    0.49250E+02,    0.58760E+02
    0.99200E+01,    0.48760E+02,    0.58011E+02
    0.98500E+01,    0.48260E+02,    0.57257E+02
    0.97500E+01,    0.47770E+02,    0.56535E+02
    0.96300E+01,    0.47290E+02,    0.55849E+02
    0.94800E+01,    0.46820E+02,    0.55214E+02
    0.93100E+01,    0.46350E+02,    0.54519E+02
    0.91200E+01,    0.45890E+02,    0.53782E+02
    0.89000E+01,    0.45440E+02,    0.53343E+02
    0.86600E+01,    0.45000E+02,    0.52831E+02
    0.84000E+01,    0.44570E+02,    0.52210E+02
    0.81200E+01,    0.44160E+02,    0.51721E+02
    0.78200E+01,    0.43770E+02,    0.51368E+02
    0.75000E+01,    0.43380E+02,    0.50925E+02
    0.71600E+01,    0.43020E+02,    0.50612E+02
    0.68000E+01,    0.42670E+02,    0.50227E+02
    0.64300E+01,    0.42340E+02,    0.49761E+02
    0.60400E+01,    0.42030E+02,    0.49455E+02
    0.56300E+01,    0.41740E+02,    0.49313E+02
    0.52100E+01,    0.41470E+02,    0.49120E+02
    0.47800E+01,    0.41220E+02,    0.48848E+02
    0.43400E+01,    0.40990E+02,    0.48542E+02
    0.38800E+01,    0.40790E+02,    0.48306E+02
    0.34200E+01,    0.40600E+02,    0.48029E+02
    0.29500E+01,    0.40440E+02,    0.47792E+02
    0.24700E+01,    0.40310E+02,    0.47635E+02
    0.19800E+01,    0.40200E+02,    0.47510E+02
    0.14900E+01,    0.40110E+02,    0.47409E+02
    0.10000E+01,    0.40050E+02,    0.47352E+02
    0.50000E+00,    0.40010E+02,    0.47315E+02
    0.00000E+00,    0.40000E+02,    0.47300E+02
    0.00000E+00,    0.59050E+02,    0.73172E+02
    0.00000E+00,    0.58100E+02,    0.69663E+02
    0.00000E+00,    0.57140E+02,    0.67017E+02
    0.00000E+00,    0.56190E+02,    0.64987E+02
    0.00000E+00,    0.55240E+02,    0.63561E+02
    0.00000E+00,    0.54290E+02,    0.62468E+02
    0.00000E+00,    0.53330E+02,    0.61678E+02
    0.00000E+00,    0.52380E+02,    0.61084E+02
    0.00000E+00,    0.51430E+02,    0.60636E+02
    0.00000E+00,    0.50480E+02,    0.60254E+02
    0.00000E+00,    0.49520E+02,    0.59887E+02
    0.00000E+00,    0.48570E+02,    0.59492E+02
    0.00000E+00,    0.47620E+02,    0.59023E+02
    0.00000E+00,    0.46670E+02,    0.58418E+02
    0.00000E+00,    0.45710E+02,    0.57648E+02
    0.00000E+00,    0.44760E+02,    0.56651E+02
    0.00000E+00,    0.43810E+02,    0.55442E+02
    0.00000E+00,    0.42860E+02,    0.53887E+02
    0.00000E+00,    0.41900E+02,    0.52015E+02
    0.00000E+00,    0.40950E+02,    0.49782E+02
    0.60000E+00,    0.59160E+02,    0.73713E+02
    0.84000E+00,    0.58290E+02,    0.70308E+02
    0.10900E+01,    0.57150E+02,    0.66961E+02
    0.80000E+00,    0.56140E+02,    0.64973E+02
    0.76000E+00,    0.55250E+02,    0.63608E+02
    0.79000E+00,    0.54380E+02,    0.62599E+02
    0.10100E+01,    0.53450E+02,    0.61762E+02
    0.92000E+00,    0.52400E+02,    0.61112E+02
    0.91000E+00,    0.51430E+02,    0.60644E+02
    0.90000E+00,    0.50480E+02,    0.60257E+02
    0.91000E+00,    0.49530E+02,    0.59888E+02
    0.91000E+00,    0.48580E+02,    0.59489E+02
    0.93000E+00,    0.47610E+02,    0.59002E+02
    0.10100E+01,    0.46550E+02,    0.58340E+02
    0.79000E+00,    0.45620E+02,    0.57527E+02
    0.76000E+00,    0.44750E+02,    0.56613E+02
    0.80000E+00,    0.43860E+02,    0.55462E+02
    0.10900E+01,    0.42850E+02,    0.53924E+02
    0.84000E+00,    0.41700E+02,    0.51559E+02
    0.60000E+00,    0.40840E+02,    0.49468E+02
    0.10500E+01,    0.40690E+02,    0.49026E+02
    0.14900E+01,    0.40690E+02,    0.48941E+02
    0.19500E+01,    0.40730E+02,    0.48926E+02
    0.24000E+01,    0.40820E+02,    0.49015E+02
    0.28300E+01,    0.40920E+02,    0.49116E+02
    0.32500E+01,    0.41130E+02,    0.49465E+02
    0.37200E+01,    0.41290E+02,    0.49601E+02
    0.41500E+01,    0.41460E+02,    0.49749E+02
    0.45500E+01,    0.41730E+02,    0.50093E+02
    0.50000E+01,    0.41960E+02,    0.50215E+02
    0.54300E+01,    0.42180E+02,    0.50289E+02
    0.58000E+01,    0.42410E+02,    0.50461E+02
    0.61400E+01,    0.42740E+02,    0.50926E+02
    0.65100E+01,    0.43060E+02,    0.51267E+02
    0.68700E+01,    0.43380E+02,    0.51504E+02
    0.71800E+01,    0.43760E+02,    0.51914E+02
    0.75300E+01,    0.44030E+02,    0.52073E+02
    0.77700E+01,    0.44350E+02,    0.52381E+02
    0.79800E+01,    0.44730E+02,    0.52888E+02
    0.81600E+01,    0.45150E+02,    0.53484E+02
    0.83400E+01,    0.45600E+02,    0.54025E+02
    0.85000E+01,    0.46110E+02,    0.54674E+02
    0.88300E+01,    0.46500E+02,    0.55108E+02
    0.90100E+01,    0.46920E+02,    0.55656E+02
    0.91400E+01,    0.47370E+02,    0.56240E+02
    0.92500E+01,    0.47840E+02,    0.56870E+02
    0.93400E+01,    0.48310E+02,    0.57517E+02
    0.94000E+01,    0.48790E+02,    0.58193E+02
    0.94500E+01,    0.49270E+02,    0.58878E+02
    0.94800E+01,    0.49750E+02,    0.59570E+02
    0.94800E+01,    0.50240E+02,    0.60284E+02
    0.94600E+01,    0.50720E+02,    0.60996E+02
    0.94100E+01,    0.51210E+02,    0.61736E+02
    0.93400E+01,    0.51690E+02,    0.62469E+02
    0.92500E+01,    0.52160E+02,    0.63192E+02
    0.91400E+01,    0.52630E+02,    0.63918E+02
    0.90100E+01,    0.53080E+02,    0.64610E+02
    0.88300E+01,    0.53500E+02,    0.65279E+02
    0.85000E+01,    0.53890E+02,    0.65828E+02
    0.83400E+01,    0.54400E+02,    0.66662E+02
    0.81600E+01,    0.54850E+02,    0.67383E+02
    0.79800E+01,    0.55270E+02,    0.68195E+02
    0.77700E+01,    0.55650E+02,    0.68912E+02
    0.75300E+01,    0.55970E+02,    0.69369E+02
    0.71800E+01,    0.56240E+02,    0.69620E+02
    0.68700E+01,    0.56620E+02,    0.70244E+02
    0.65100E+01,    0.56940E+02,    0.70631E+02
    0.61400E+01,    0.57260E+02,    0.71175E+02
    0.58000E+01,    0.57590E+02,    0.71914E+02
    0.54300E+01,    0.57820E+02,    0.72203E+02
    0.50000E+01,    0.58040E+02,    0.72345E+02
    0.45500E+01,    0.58270E+02,    0.72572E+02
    0.41500E+01,    0.58540E+02,    0.73162E+02
    0.37200E+01,    0.58710E+02,    0.73432E+02
    0.32500E+01,    0.58870E+02,    0.73685E+02
    0.28300E+01,    0.59080E+02,    0.74303E+02
    0.24000E+01,    0.59180E+02,    0.74489E+02
    0.19500E+01,    0.59260E+02,    0.74606E+02
    0.14900E+01,    0.59310E+02,    0.74633E+02
    0.10500E+01,    0.59310E+02,    0.74485E+02
    0.17800E+01,    0.49540E+02,    0.59875E+02
    0.26000E+01,    0.49550E+02,    0.59852E+02
    0.33900E+01,    0.49540E+02,    0.59813E+02
    0.41700E+01,    0.49550E+02,    0.59775E+02
    0.49300E+01,    0.49610E+02,    0.59763E+02
    0.57500E+01,    0.49690E+02,    0.59770E+02
    0.63400E+01,    0.49720E+02,    0.59745E+02
    0.68700E+01,    0.49720E+02,    0.59706E+02
    0.74000E+01,    0.49730E+02,    0.59678E+02
    0.79300E+01,    0.49740E+02,    0.59653E+02
    0.84500E+01,    0.49750E+02,    0.59630E+02
    0.89600E+01,    0.49750E+02,    0.59599E+02
    0.17800E+01,    0.50490E+02,    0.60268E+02
    0.26000E+01,    0.50490E+02,    0.60279E+02
    0.33900E+01,    0.50520E+02,    0.60310E+02
    0.41500E+01,    0.50530E+02,    0.60338E+02
    0.48700E+01,    0.50530E+02,    0.60366E+02
    0.55300E+01,    0.50560E+02,    0.60422E+02
    0.60600E+01,    0.50710E+02,    0.60573E+02
    0.65600E+01,    0.50730E+02,    0.60635E+02
    0.70000E+01,    0.50650E+02,    0.60603E+02
    0.74600E+01,    0.50660E+02,    0.60658E+02
    0.79500E+01,    0.50670E+02,    0.60722E+02
    0.84500E+01,    0.50680E+02,    0.60796E+02
    0.89500E+01,    0.50700E+02,    0.60890E+02
    0.17700E+01,    0.51420E+02,    0.60672E+02
    0.25800E+01,    0.51420E+02,    0.60722E+02
    0.33700E+01,    0.51450E+02,    0.60807E+02
    0.42000E+01,    0.51570E+02,    0.60971E+02
    0.49000E+01,    0.51350E+02,    0.60935E+02
    0.55300E+01,    0.51320E+02,    0.61009E+02
    0.61100E+01,    0.51340E+02,    0.61126E+02
    0.67600E+01,    0.51320E+02,    0.61226E+02
    0.73300E+01,    0.51510E+02,    0.61569E+02
    0.78500E+01,    0.51580E+02,    0.61798E+02
    0.83500E+01,    0.51620E+02,    0.62007E+02
    0.88500E+01,    0.51650E+02,    0.62223E+02
    0.17800E+01,    0.52330E+02,    0.61137E+02
    0.18200E+01,    0.53190E+02,    0.61699E+02
    0.19600E+01,    0.53880E+02,    0.62293E+02
    0.19600E+01,    0.54540E+02,    0.62963E+02
    0.19700E+01,    0.55230E+02,    0.63827E+02
    0.19500E+01,    0.55890E+02,    0.64836E+02
    0.19500E+01,    0.56510E+02,    0.65986E+02
    0.18400E+01,    0.57100E+02,    0.67246E+02
    0.19400E+01,    0.57660E+02,    0.68773E+02
    0.19200E+01,    0.58220E+02,    0.70515E+02
    0.19400E+01,    0.58740E+02,    0.72415E+02
    0.14400E+01,    0.58240E+02,    0.70396E+02
    0.14900E+01,    0.58780E+02,    0.72397E+02
    0.11300E+01,    0.58790E+02,    0.72361E+02
    0.14700E+01,    0.57690E+02,    0.68709E+02
    0.13800E+01,    0.55240E+02,    0.63698E+02
    0.14200E+01,    0.55960E+02,    0.64802E+02
    0.14600E+01,    0.56540E+02,    0.65910E+02
    0.14100E+01,    0.54530E+02,    0.62846E+02
    0.14500E+01,    0.53950E+02,    0.62290E+02
    0.86800E+01,    0.52570E+02,    0.63548E+02
    0.82200E+01,    0.52530E+02,    0.63245E+02
    0.77400E+01,    0.52510E+02,    0.62980E+02
    0.72500E+01,    0.52490E+02,    0.62726E+02
    0.67400E+01,    0.52480E+02,    0.62492E+02
    0.62200E+01,    0.52510E+02,    0.62318E+02
    0.56800E+01,    0.52680E+02,    0.62276E+02
    0.50600E+01,    0.52600E+02,    0.61993E+02
    0.45200E+01,    0.52560E+02,    0.61799E+02
    0.39700E+01,    0.52390E+02,    0.61523E+02
    0.32800E+01,    0.52320E+02,    0.61333E+02
    0.25500E+01,    0.52300E+02,    0.61208E+02
    0.72700E+01,    0.52010E+02,    0.62135E+02
    0.82800E+01,    0.52080E+02,    0.62618E+02
    0.87700E+01,    0.52110E+02,    0.62880E+02
    0.77900E+01,    0.52050E+02,    0.62379E+02
    0.67300E+01,    0.51950E+02,    0.61884E+02
    0.61600E+01,    0.51960E+02,    0.61720E+02
    0.55900E+01,    0.51980E+02,    0.61581E+02
    0.50400E+01,    0.52000E+02,    0.61463E+02
    0.45800E+01,    0.52030E+02,    0.61390E+02
    0.23700E+01,    0.58720E+02,    0.72546E+02
    0.24500E+01,    0.58220E+02,    0.70765E+02
    0.24700E+01,    0.57660E+02,    0.69024E+02
    0.24800E+01,    0.57070E+02,    0.67467E+02
    0.25000E+01,    0.56480E+02,    0.66157E+02
    0.25300E+01,    0.55860E+02,    0.65000E+02
    0.25400E+01,    0.55220E+02,    0.63996E+02
    0.25600E+01,    0.54540E+02,    0.63122E+02
    0.25600E+01,    0.53850E+02,    0.62395E+02
    0.25500E+01,    0.53120E+02,    0.61769E+02
    0.76800E+01,    0.54750E+02,    0.66731E+02
    0.71900E+01,    0.54700E+02,    0.66179E+02
    0.67200E+01,    0.54670E+02,    0.65709E+02
    0.62300E+01,    0.54620E+02,    0.65216E+02
    0.56900E+01,    0.54460E+02,    0.64533E+02
    0.50600E+01,    0.54520E+02,    0.64232E+02
    0.44400E+01,    0.54570E+02,    0.63944E+02
    0.38100E+01,    0.54560E+02,    0.63620E+02
    0.31700E+01,    0.54540E+02,    0.63329E+02
    0.55400E+01,    0.53860E+02,    0.63607E+02
    0.55400E+01,    0.53270E+02,    0.62881E+02
    0.72500E+01,    0.54270E+02,    0.65429E+02
    0.72700E+01,    0.53830E+02,    0.64692E+02
    0.72500E+01,    0.53390E+02,    0.63983E+02
    0.72400E+01,    0.52950E+02,    0.63339E+02
    0.77200E+01,    0.52950E+02,    0.63607E+02
    0.77400E+01,    0.53380E+02,    0.64290E+02
    0.78900E+01,    0.53800E+02,    0.65101E+02
    0.77800E+01,    0.54310E+02,    0.65954E+02
    0.84700E+01,    0.53370E+02,    0.64791E+02
    0.81300E+01,    0.53330E+02,    0.64480E+02
    0.81600E+01,    0.52960E+02,    0.63882E+02
    0.85900E+01,    0.53000E+02,    0.64205E+02
    0.81200E+01,    0.53590E+02,    0.64935E+02
    0.83800E+01,    0.53620E+02,    0.65190E+02
    0.67600E+01,    0.52940E+02,    0.63074E+02
    0.67600E+01,    0.53390E+02,    0.63683E+02
    0.67700E+01,    0.53820E+02,    0.64323E+02
    0.67400E+01,    0.54260E+02,    0.65008E+02
    0.63000E+01,    0.54220E+02,    0.64618E+02
    0.63100E+01,    0.53820E+02,    0.64021E+02
    0.63200E+01,    0.53370E+02,    0.63404E+02
    0.63100E+01,    0.52960E+02,    0.62877E+02
    0.59300E+01,    0.53370E+02,    0.63195E+02
    0.59300E+01,    0.53800E+02,    0.63760E+02
    0.59600E+01,    0.54170E+02,    0.64314E+02
    0.59700E+01,    0.52980E+02,    0.62748E+02
    0.38200E+01,    0.53860E+02,    0.62798E+02
    0.38700E+01,    0.53150E+02,    0.62120E+02
    0.50200E+01,    0.53250E+02,    0.62627E+02
    0.44600E+01,    0.53200E+02,    0.62362E+02
    0.50100E+01,    0.53870E+02,    0.63334E+02
    0.44400E+01,    0.53880E+02,    0.63075E+02
    0.32200E+01,    0.53100E+02,    0.61900E+02
    0.32000E+01,    0.53840E+02,    0.62564E+02
    0.36000E+01,    0.58210E+02,    0.71509E+02
    0.36400E+01,    0.57670E+02,    0.69838E+02
    0.36600E+01,    0.57070E+02,    0.68218E+02
    0.36700E+01,    0.56470E+02,    0.66815E+02
    0.37200E+01,    0.55870E+02,    0.65630E+02
    0.37800E+01,    0.55240E+02,    0.64579E+02
    0.52800E+01,    0.57400E+02,    0.70692E+02
    0.52700E+01,    0.56930E+02,    0.69314E+02
    0.52100E+01,    0.56450E+02,    0.68021E+02
    0.51700E+01,    0.56030E+02,    0.67028E+02
    0.52200E+01,    0.55620E+02,    0.66220E+02
    0.51000E+01,    0.55140E+02,    0.65243E+02
    0.62400E+01,    0.56570E+02,    0.69340E+02
    0.60300E+01,    0.56140E+02,    0.68065E+02
    0.57500E+01,    0.55690E+02,    0.66783E+02
    0.57000E+01,    0.55100E+02,    0.65623E+02
    0.62300E+01,    0.55100E+02,    0.66078E+02
    0.63000E+01,    0.55560E+02,    0.67062E+02
    0.64400E+01,    0.55970E+02,    0.68109E+02
    0.66100E+01,    0.56320E+02,    0.69140E+02
    0.71500E+01,    0.55110E+02,    0.66970E+02
    0.71200E+01,    0.55490E+02,    0.67766E+02
    0.71200E+01,    0.55840E+02,    0.68575E+02
    0.67400E+01,    0.55500E+02,    0.67384E+02
    0.67100E+01,    0.55100E+02,    0.66522E+02
    0.68000E+01,    0.55860E+02,    0.68260E+02
    0.68700E+01,    0.56140E+02,    0.69017E+02
    0.75700E+01,    0.55160E+02,    0.67505E+02
    0.74600E+01,    0.55520E+02,    0.68214E+02
    0.73700E+01,    0.55780E+02,    0.68734E+02
    0.56400E+01,    0.56370E+02,    0.68229E+02
    0.55300E+01,    0.56020E+02,    0.67333E+02
    0.57800E+01,    0.56880E+02,    0.69651E+02
    0.56300E+01,    0.57280E+02,    0.70721E+02
    0.47400E+01,    0.56490E+02,    0.67701E+02
    0.42400E+01,    0.56490E+02,    0.67283E+02
    0.42900E+01,    0.55920E+02,    0.66107E+02
    0.44900E+01,    0.55310E+02,    0.65082E+02
    0.47600E+01,    0.56020E+02,    0.66671E+02
    0.48000E+01,    0.55650E+02,    0.65968E+02
    0.48300E+01,    0.57540E+02,    0.70607E+02
    0.42500E+01,    0.57740E+02,    0.70547E+02
    0.47600E+01,    0.57010E+02,    0.69028E+02
    0.42300E+01,    0.57070E+02,    0.68689E+02
    0.40100E+01,    0.58160E+02,    0.71725E+02
    0.30700E+01,    0.57070E+02,    0.67806E+02
    0.31200E+01,    0.55860E+02,    0.65275E+02
    0.31000E+01,    0.56470E+02,    0.66453E+02
    0.31500E+01,    0.55220E+02,    0.64241E+02
    0.30200E+01,    0.58340E+02,    0.71467E+02
    0.30500E+01,    0.57680E+02,    0.69423E+02
    0.27400E+01,    0.58700E+02,    0.72704E+02
    0.89100E+01,    0.51180E+02,    0.61559E+02
    0.84100E+01,    0.51150E+02,    0.61397E+02
    0.74500E+01,    0.51080E+02,    0.61115E+02
    0.70600E+01,    0.51030E+02,    0.60997E+02
    0.79200E+01,    0.51130E+02,    0.61264E+02
    0.89700E+01,    0.50220E+02,    0.60233E+02
    0.84600E+01,    0.50210E+02,    0.60202E+02
    0.79500E+01,    0.50200E+02,    0.60177E+02
    0.74400E+01,    0.50190E+02,    0.60157E+02
    0.69400E+01,    0.50200E+02,    0.60160E+02
    0.64600E+01,    0.50200E+02,    0.60155E+02
    0.60700E+01,    0.50200E+02,    0.60153E+02
    0.88300E+01,    0.48350E+02,    0.57754E+02
    0.83300E+01,    0.48370E+02,    0.57949E+02
    0.78100E+01,    0.48380E+02,    0.58128E+02
    0.72900E+01,    0.48390E+02,    0.58298E+02
    0.67600E+01,    0.48430E+02,    0.58492E+02
    0.62300E+01,    0.48510E+02,    0.58708E+02
    0.57100E+01,    0.48780E+02,    0.59062E+02
    0.49700E+01,    0.48730E+02,    0.59154E+02
    0.42200E+01,    0.48490E+02,    0.59136E+02
    0.33800E+01,    0.48590E+02,    0.59303E+02
    0.25900E+01,    0.48600E+02,    0.59392E+02
    0.17800E+01,    0.48600E+02,    0.59456E+02
    0.19400E+01,    0.41260E+02,    0.50253E+02
    0.19200E+01,    0.41780E+02,    0.51457E+02
    0.19400E+01,    0.42340E+02,    0.52625E+02
    0.18400E+01,    0.42900E+02,    0.53717E+02
    0.19500E+01,    0.43490E+02,    0.54663E+02
    0.19500E+01,    0.44110E+02,    0.55579E+02
    0.19700E+01,    0.44770E+02,    0.56428E+02
    0.19600E+01,    0.45460E+02,    0.57195E+02
    0.19600E+01,    0.46120E+02,    0.57819E+02
    0.18200E+01,    0.46810E+02,    0.58399E+02
    0.17800E+01,    0.47680E+02,    0.58972E+02
    0.14400E+01,    0.41760E+02,    0.51538E+02
    0.14700E+01,    0.42310E+02,    0.52677E+02
    0.14900E+01,    0.41220E+02,    0.50266E+02
    0.11300E+01,    0.41210E+02,    0.50295E+02
    0.13800E+01,    0.44760E+02,    0.56538E+02
    0.14100E+01,    0.45470E+02,    0.57301E+02
    0.14500E+01,    0.46050E+02,    0.57822E+02
    0.14200E+01,    0.44040E+02,    0.55607E+02
    0.14600E+01,    0.43450E+02,    0.54711E+02
    0.25600E+01,    0.47720E+02,    0.58897E+02
    0.32900E+01,    0.47700E+02,    0.58763E+02
    0.39800E+01,    0.47630E+02,    0.58563E+02
    0.45300E+01,    0.47450E+02,    0.58276E+02
    0.50700E+01,    0.47410E+02,    0.58079E+02
    0.57000E+01,    0.47330E+02,    0.57795E+02
    0.62300E+01,    0.47470E+02,    0.57711E+02
    0.67400E+01,    0.47490E+02,    0.57525E+02
    0.72400E+01,    0.47490E+02,    0.57312E+02
    0.77400E+01,    0.47480E+02,    0.57077E+02
    0.82200E+01,    0.47470E+02,    0.56842E+02
    0.86800E+01,    0.47430E+02,    0.56567E+02
    0.72600E+01,    0.47940E+02,    0.57816E+02
    0.82700E+01,    0.47910E+02,    0.57391E+02
    0.77700E+01,    0.47930E+02,    0.57613E+02
    0.87600E+01,    0.47880E+02,    0.57145E+02
    0.67300E+01,    0.47960E+02,    0.58027E+02
    0.62100E+01,    0.47990E+02,    0.58232E+02
    0.56600E+01,    0.48030E+02,    0.58439E+02
    0.50800E+01,    0.48030E+02,    0.58597E+02
    0.46000E+01,    0.48000E+02,    0.58683E+02
    0.25500E+01,    0.46890E+02,    0.58333E+02
    0.25600E+01,    0.46150E+02,    0.57722E+02
    0.25600E+01,    0.45460E+02,    0.57051E+02
    0.25400E+01,    0.44780E+02,    0.56283E+02
    0.25300E+01,    0.44140E+02,    0.55445E+02
    0.25000E+01,    0.43520E+02,    0.54530E+02
    0.24800E+01,    0.42930E+02,    0.53550E+02
    0.24700E+01,    0.42340E+02,    0.52448E+02
    0.24500E+01,    0.41780E+02,    0.51289E+02
    0.23700E+01,    0.41280E+02,    0.50168E+02
    0.31700E+01,    0.45460E+02,    0.56865E+02
    0.38100E+01,    0.45440E+02,    0.56607E+02
    0.44400E+01,    0.45430E+02,    0.56321E+02
    0.50600E+01,    0.45480E+02,    0.56069E+02
    0.56900E+01,    0.45540E+02,    0.55806E+02
    0.62300E+01,    0.45380E+02,    0.55232E+02
    0.67200E+01,    0.45330E+02,    0.54823E+02
    0.71900E+01,    0.45300E+02,    0.54438E+02
    0.76800E+01,    0.45250E+02,    0.53995E+02
    0.55400E+01,    0.46140E+02,    0.56597E+02
    0.55400E+01,    0.46730E+02,    0.57240E+02
    0.38200E+01,    0.46140E+02,    0.57342E+02
    0.38800E+01,    0.46860E+02,    0.57980E+02
    0.32300E+01,    0.46900E+02,    0.58190E+02
    0.32000E+01,    0.46160E+02,    0.57562E+02
    0.50300E+01,    0.46760E+02,    0.57488E+02
    0.44700E+01,    0.46810E+02,    0.57743E+02
    0.44400E+01,    0.46120E+02,    0.57085E+02
    0.50100E+01,    0.46130E+02,    0.56845E+02
    0.72400E+01,    0.47050E+02,    0.56787E+02
    0.72500E+01,    0.46610E+02,    0.56229E+02
    0.72700E+01,    0.46170E+02,    0.55633E+02
    0.72500E+01,    0.45730E+02,    0.55031E+02
    0.77200E+01,    0.47050E+02,    0.56539E+02
    0.77400E+01,    0.46620E+02,    0.55955E+02
    0.78900E+01,    0.46200E+02,    0.55280E+02
    0.77800E+01,    0.45690E+02,    0.54597E+02
    0.81300E+01,    0.46670E+02,    0.55785E+02
    0.84700E+01,    0.46630E+02,    0.55516E+02
    0.81600E+01,    0.47040E+02,    0.56291E+02
    0.85900E+01,    0.47000E+02,    0.56005E+02
    0.83800E+01,    0.46380E+02,    0.55191E+02
    0.81200E+01,    0.46410E+02,    0.55408E+02
    0.67400E+01,    0.45740E+02,    0.55387E+02
    0.67700E+01,    0.46180E+02,    0.55955E+02
    0.67600E+01,    0.46610E+02,    0.56501E+02
    0.67600E+01,    0.47050E+02,    0.57023E+02
    0.63000E+01,    0.45780E+02,    0.55721E+02
    0.63100E+01,    0.46180E+02,    0.56223E+02
    0.63200E+01,    0.46630E+02,    0.56756E+02
    0.63200E+01,    0.47040E+02,    0.57218E+02
    0.59300E+01,    0.46630E+02,    0.56950E+02
    0.59300E+01,    0.46200E+02,    0.56456E+02
    0.59600E+01,    0.45830E+02,    0.55984E+02
    0.59700E+01,    0.47020E+02,    0.57350E+02
    0.37800E+01,    0.44760E+02,    0.55789E+02
    0.37200E+01,    0.44130E+02,    0.54935E+02
    0.36700E+01,    0.43530E+02,    0.54021E+02
    0.36600E+01,    0.42930E+02,    0.52996E+02
    0.36400E+01,    0.42330E+02,    0.51879E+02
    0.36000E+01,    0.41790E+02,    0.50790E+02
    0.51000E+01,    0.44860E+02,    0.55233E+02
    0.52200E+01,    0.44380E+02,    0.54457E+02
    0.51700E+01,    0.43970E+02,    0.53841E+02
    0.52100E+01,    0.43550E+02,    0.53111E+02
    0.52700E+01,    0.43070E+02,    0.52198E+02
    0.52800E+01,    0.42600E+02,    0.51267E+02
    0.57000E+01,    0.44900E+02,    0.54917E+02
    0.57500E+01,    0.44310E+02,    0.54015E+02
    0.60300E+01,    0.43860E+02,    0.53058E+02
    0.62400E+01,    0.43430E+02,    0.52151E+02
    0.62300E+01,    0.44900E+02,    0.54546E+02
    0.63000E+01,    0.44440E+02,    0.53790E+02
    0.64400E+01,    0.44030E+02,    0.53013E+02
    0.66100E+01,    0.43680E+02,    0.52274E+02
    0.71500E+01,    0.44890E+02,    0.53831E+02
    0.71200E+01,    0.44510E+02,    0.53237E+02
    0.71200E+01,    0.44160E+02,    0.52650E+02
    0.75700E+01,    0.44840E+02,    0.53413E+02
    0.74600E+01,    0.44480E+02,    0.52896E+02
    0.73700E+01,    0.44220E+02,    0.52526E+02
    0.67400E+01,    0.44500E+02,    0.53534E+02
    0.68000E+01,    0.44140E+02,    0.52890E+02
    0.68700E+01,    0.43860E+02,    0.52349E+02
    0.67100E+01,    0.44900E+02,    0.54188E+02
    0.56400E+01,    0.43630E+02,    0.52951E+02
    0.57800E+01,    0.43120E+02,    0.51953E+02
    0.56300E+01,    0.42720E+02,    0.51240E+02
    0.55300E+01,    0.43980E+02,    0.53608E+02
    0.42400E+01,    0.43510E+02,    0.53666E+02
    0.47400E+01,    0.43510E+02,    0.53352E+02
    0.44900E+01,    0.44690E+02,    0.55371E+02
    0.42900E+01,    0.44080E+02,    0.54557E+02
    0.47600E+01,    0.43980E+02,    0.54118E+02
    0.48000E+01,    0.44350E+02,    0.54660E+02
    0.42500E+01,    0.42260E+02,    0.51393E+02
    0.48300E+01,    0.42460E+02,    0.51337E+02
    0.47600E+01,    0.42990E+02,    0.52407E+02
    0.42300E+01,    0.42930E+02,    0.52654E+02
    0.40100E+01,    0.41840E+02,    0.50644E+02
    0.30700E+01,    0.42930E+02,    0.53298E+02
    0.31200E+01,    0.44140E+02,    0.55221E+02
    0.31500E+01,    0.44780E+02,    0.56074E+02
    0.31000E+01,    0.43530E+02,    0.54300E+02
    0.30200E+01,    0.41660E+02,    0.50829E+02
    0.30500E+01,    0.42330E+02,    0.52187E+02
    0.27400E+01,    0.41300E+02,    0.50069E+02
    0.73600E+01,    0.49280E+02,    0.59217E+02
    0.73200E+01,    0.48840E+02,    0.58767E+02
    0.83800E+01,    0.48820E+02,    0.58494E+02
    0.84200E+01,    0.49280E+02,    0.59054E+02
    0.78500E+01,    0.48830E+02,    0.58634E+02
    0.78900E+01,    0.49280E+02,    0.59137E+02
    0.88900E+01,    0.48810E+02,    0.58353E+02
    0.89400E+01,    0.49280E+02,    0.58972E+02
    0.63600E+01,    0.49290E+02,    0.59371E+02
    0.63400E+01,    0.48900E+02,    0.59030E+02
    0.68000E+01,    0.48850E+02,    0.58890E+02
    0.68400E+01,    0.49280E+02,    0.59293E+02
    0.59900E+01,    0.48980E+02,    0.59164E+02
    0.60200E+01,    0.49310E+02,    0.59435E+02
