 X,    Y,   V  
    0.00000E+00,    0.10000E+03,    0.50000E+01
    0.00000E+00,    0.98000E+02,    0.49018E+01
    0.00000E+00,    0.96000E+02,    0.48034E+01
    0.00000E+00,    0.94000E+02,    0.47052E+01
    0.00000E+00,    0.92000E+02,    0.46070E+01
    0.00000E+00,    0.90000E+02,    0.45089E+01
    0.00000E+00,    0.88000E+02,    0.44111E+01
    0.00000E+00,    0.86000E+02,    0.43134E+01
    0.00000E+00,    0.84000E+02,    0.42161E+01
    0.00000E+00,    0.82000E+02,    0.41192E+01
    0.00000E+00,    0.80000E+02,    0.40228E+01
    0.00000E+00,    0.78010E+02,    0.39275E+01
    0.00000E+00,    0.76010E+02,    0.38327E+01
    0.00000E+00,    0.74010E+02,    0.37392E+01
    0.00000E+00,    0.72010E+02,    0.36474E+01
    0.00000E+00,    0.70010E+02,    0.35581E+01
    0.00000E+00,    0.68010E+02,    0.34724E+01
    0.00000E+00,    0.66010E+02,    0.33925E+01
    0.00000E+00,    0.64010E+02,    0.33231E+01
    0.00000E+00,    0.62010E+02,    0.32647E+01
    0.00000E+00,    0.60010E+02,    0.32300E+01
    0.50000E+00,    0.60000E+02,    0.32330E+01
    0.10000E+01,    0.59960E+02,    0.32322E+01
    0.14900E+01,    0.59900E+02,    0.32283E+01
    0.19800E+01,    0.59810E+02,    0.32220E+01
    0.24700E+01,    0.59700E+02,    0.32139E+01
    0.29500E+01,    0.59570E+02,    0.32042E+01
    0.34200E+01,    0.59410E+02,    0.31926E+01
    0.38900E+01,    0.59220E+02,    0.31791E+01
    0.43400E+01,    0.59020E+02,    0.31644E+01
    0.47900E+01,    0.58790E+02,    0.31477E+01
    0.52200E+01,    0.58540E+02,    0.31295E+01
    0.56400E+01,    0.58270E+02,    0.31097E+01
    0.60400E+01,    0.57980E+02,    0.30881E+01
    0.64300E+01,    0.57670E+02,    0.30653E+01
    0.68100E+01,    0.57340E+02,    0.30410E+01
    0.71700E+01,    0.56990E+02,    0.30151E+01
    0.75100E+01,    0.56620E+02,    0.29878E+01
    0.78300E+01,    0.56240E+02,    0.29597E+01
    0.81300E+01,    0.55840E+02,    0.29301E+01
    0.84100E+01,    0.55430E+02,    0.28997E+01
    0.86700E+01,    0.55010E+02,    0.28690E+01
    0.89100E+01,    0.54570E+02,    0.28364E+01
    0.91200E+01,    0.54120E+02,    0.28033E+01
    0.93200E+01,    0.53660E+02,    0.27696E+01
    0.94900E+01,    0.53190E+02,    0.27350E+01
    0.96400E+01,    0.52710E+02,    0.26996E+01
    0.97600E+01,    0.52230E+02,    0.26641E+01
    0.98600E+01,    0.51740E+02,    0.26279E+01
    0.99300E+01,    0.51240E+02,    0.25912E+01
    0.99800E+01,    0.50750E+02,    0.25554E+01
    0.10010E+02,    0.50250E+02,    0.25185E+01
    0.10010E+02,    0.49750E+02,    0.24814E+01
    0.99800E+01,    0.49250E+02,    0.24446E+01
    0.99300E+01,    0.48760E+02,    0.24087E+01
    0.98600E+01,    0.48260E+02,    0.23720E+01
    0.97600E+01,    0.47770E+02,    0.23358E+01
    0.96400E+01,    0.47290E+02,    0.23004E+01
    0.94900E+01,    0.46810E+02,    0.22649E+01
    0.93200E+01,    0.46340E+02,    0.22303E+01
    0.91200E+01,    0.45880E+02,    0.21965E+01
    0.89100E+01,    0.45430E+02,    0.21636E+01
    0.86700E+01,    0.44990E+02,    0.21310E+01
    0.84100E+01,    0.44570E+02,    0.21001E+01
    0.81300E+01,    0.44160E+02,    0.20698E+01
    0.78300E+01,    0.43760E+02,    0.20403E+01
    0.75100E+01,    0.43380E+02,    0.20123E+01
    0.71700E+01,    0.43010E+02,    0.19850E+01
    0.68100E+01,    0.42660E+02,    0.19590E+01
    0.64300E+01,    0.42330E+02,    0.19347E+01
    0.60400E+01,    0.42020E+02,    0.19120E+01
    0.56400E+01,    0.41730E+02,    0.18908E+01
    0.52200E+01,    0.41460E+02,    0.18707E+01
    0.47900E+01,    0.41210E+02,    0.18523E+01
    0.43400E+01,    0.40980E+02,    0.18354E+01
    0.38900E+01,    0.40780E+02,    0.18206E+01
    0.34200E+01,    0.40590E+02,    0.18070E+01
    0.29500E+01,    0.40430E+02,    0.17955E+01
    0.24700E+01,    0.40300E+02,    0.17858E+01
    0.19800E+01,    0.40190E+02,    0.17777E+01
    0.14900E+01,    0.40100E+02,    0.17714E+01
    0.10000E+01,    0.40040E+02,    0.17675E+01
    0.50000E+00,    0.40000E+02,    0.17668E+01
    0.00000E+00,    0.39990E+02,    0.17696E+01
    0.00000E+00,    0.37990E+02,    0.17352E+01
    0.00000E+00,    0.35990E+02,    0.16777E+01
    0.00000E+00,    0.33990E+02,    0.16078E+01
    0.00000E+00,    0.31990E+02,    0.15277E+01
    0.00000E+00,    0.29990E+02,    0.14419E+01
    0.00000E+00,    0.27990E+02,    0.13525E+01
    0.00000E+00,    0.25990E+02,    0.12607E+01
    0.00000E+00,    0.23990E+02,    0.11672E+01
    0.00000E+00,    0.21990E+02,    0.10724E+01
    0.00000E+00,    0.20000E+02,    0.97721E+00
    0.00000E+00,    0.18000E+02,    0.88082E+00
    0.00000E+00,    0.16000E+02,    0.78390E+00
    0.00000E+00,    0.14000E+02,    0.68657E+00
    0.00000E+00,    0.12000E+02,    0.58893E+00
    0.00000E+00,    0.10000E+02,    0.49105E+00
    0.00000E+00,    0.80000E+01,    0.39301E+00
    0.00000E+00,    0.60000E+01,    0.29483E+00
    0.00000E+00,    0.40000E+01,    0.19656E+00
    0.00000E+00,    0.20000E+01,    0.98233E-01
    0.00000E+00,    0.00000E+00,    0.00000E+00
    0.10000E+02,    0.00000E+00,    0.00000E+00
    0.20000E+02,    0.00000E+00,    0.00000E+00
    0.30000E+02,    0.00000E+00,    0.00000E+00
    0.40000E+02,    0.00000E+00,    0.00000E+00
    0.50000E+02,    0.00000E+00,    0.00000E+00
    0.50000E+02,    0.90900E+01,    0.45246E+00
    0.50000E+02,    0.18180E+02,    0.90532E+00
    0.50000E+02,    0.27270E+02,    0.13593E+01
    0.50000E+02,    0.36360E+02,    0.18146E+01
    0.50000E+02,    0.45450E+02,    0.22712E+01
    0.50000E+02,    0.54550E+02,    0.27288E+01
    0.50000E+02,    0.63640E+02,    0.31854E+01
    0.50000E+02,    0.72730E+02,    0.36407E+01
    0.50000E+02,    0.81820E+02,    0.40947E+01
    0.50000E+02,    0.90910E+02,    0.45475E+01
    0.50000E+02,    0.10000E+03,    0.50000E+01
    0.40000E+02,    0.10000E+03,    0.50000E+01
    0.30000E+02,    0.10000E+03,    0.50000E+01
    0.20000E+02,    0.10000E+03,    0.50000E+01
    0.10000E+02,    0.10000E+03,    0.50000E+01
    0.74800E+01,    0.93610E+02,    0.46857E+01
    0.33500E+01,    0.94260E+02,    0.47179E+01
    0.25900E+01,    0.93180E+02,    0.46648E+01
    0.22900E+01,    0.91640E+02,    0.45893E+01
    0.24900E+01,    0.89890E+02,    0.45035E+01
    0.23200E+01,    0.87770E+02,    0.43997E+01
    0.21700E+01,    0.85770E+02,    0.43021E+01
    0.20400E+01,    0.83820E+02,    0.42072E+01
    0.20100E+01,    0.81910E+02,    0.41146E+01
    0.20100E+01,    0.79960E+02,    0.40206E+01
    0.20200E+01,    0.78000E+02,    0.39268E+01
    0.20400E+01,    0.76000E+02,    0.38319E+01
    0.20600E+01,    0.74000E+02,    0.37381E+01
    0.20800E+01,    0.71970E+02,    0.36447E+01
    0.21000E+01,    0.69940E+02,    0.35537E+01
    0.21300E+01,    0.67880E+02,    0.34650E+01
    0.21700E+01,    0.65750E+02,    0.33789E+01
    0.22800E+01,    0.63340E+02,    0.32933E+01
    0.14700E+01,    0.61230E+02,    0.32434E+01
    0.13900E+01,    0.60510E+02,    0.32337E+01
    0.17100E+01,    0.60340E+02,    0.32290E+01
    0.21500E+01,    0.60230E+02,    0.32231E+01
    0.26400E+01,    0.60180E+02,    0.32158E+01
    0.30900E+01,    0.59980E+02,    0.32062E+01
    0.35700E+01,    0.59840E+02,    0.31951E+01
    0.40700E+01,    0.59740E+02,    0.31830E+01
    0.45400E+01,    0.59450E+02,    0.31671E+01
    0.50300E+01,    0.59180E+02,    0.31490E+01
    0.55000E+01,    0.58880E+02,    0.31290E+01
    0.58700E+01,    0.58570E+02,    0.31103E+01
    0.62500E+01,    0.58310E+02,    0.30911E+01
    0.66700E+01,    0.58030E+02,    0.30691E+01
    0.70700E+01,    0.57710E+02,    0.30455E+01
    0.74400E+01,    0.57380E+02,    0.30213E+01
    0.78000E+01,    0.57050E+02,    0.29966E+01
    0.81900E+01,    0.56730E+02,    0.29706E+01
    0.86000E+01,    0.56360E+02,    0.29413E+01
    0.90800E+01,    0.55870E+02,    0.29035E+01
    0.91900E+01,    0.55260E+02,    0.28681E+01
    0.93800E+01,    0.54770E+02,    0.28356E+01
    0.95700E+01,    0.54290E+02,    0.28027E+01
    0.97500E+01,    0.53820E+02,    0.27699E+01
    0.99200E+01,    0.53360E+02,    0.27374E+01
    0.10110E+02,    0.52930E+02,    0.27061E+01
    0.10430E+02,    0.52500E+02,    0.26730E+01
    0.10510E+02,    0.51860E+02,    0.26292E+01
    0.10560E+02,    0.51280E+02,    0.25892E+01
    0.10580E+02,    0.50740E+02,    0.25517E+01
    0.10570E+02,    0.50210E+02,    0.25147E+01
    0.10550E+02,    0.49690E+02,    0.24782E+01
    0.10510E+02,    0.49180E+02,    0.24424E+01
    0.10450E+02,    0.48670E+02,    0.24065E+01
    0.10380E+02,    0.48160E+02,    0.23708E+01
    0.10290E+02,    0.47650E+02,    0.23351E+01
    0.10170E+02,    0.47130E+02,    0.22988E+01
    0.10020E+02,    0.46610E+02,    0.22625E+01
    0.98400E+01,    0.46090E+02,    0.22263E+01
    0.95800E+01,    0.45670E+02,    0.21950E+01
    0.94000E+01,    0.45220E+02,    0.21643E+01
    0.92000E+01,    0.44710E+02,    0.21305E+01
    0.89500E+01,    0.44120E+02,    0.20925E+01
    0.85000E+01,    0.43800E+02,    0.20636E+01
    0.81700E+01,    0.43440E+02,    0.20366E+01
    0.78400E+01,    0.43070E+02,    0.20099E+01
    0.74900E+01,    0.42690E+02,    0.19831E+01
    0.71300E+01,    0.42340E+02,    0.19582E+01
    0.67600E+01,    0.42000E+02,    0.19346E+01
    0.64200E+01,    0.41650E+02,    0.19128E+01
    0.61200E+01,    0.41190E+02,    0.18903E+01
    0.55300E+01,    0.40880E+02,    0.18656E+01
    0.50000E+01,    0.40600E+02,    0.18451E+01
    0.44700E+01,    0.40390E+02,    0.18279E+01
    0.39800E+01,    0.40110E+02,    0.18121E+01
    0.35000E+01,    0.40070E+02,    0.18018E+01
    0.30300E+01,    0.39950E+02,    0.17916E+01
    0.25800E+01,    0.39750E+02,    0.17822E+01
    0.21100E+01,    0.39720E+02,    0.17755E+01
    0.16800E+01,    0.39630E+02,    0.17700E+01
    0.13600E+01,    0.39460E+02,    0.17654E+01
    0.13900E+01,    0.38710E+02,    0.17549E+01
    0.20200E+01,    0.36550E+02,    0.17023E+01
    0.19500E+01,    0.34220E+02,    0.16195E+01
    0.19700E+01,    0.32140E+02,    0.15357E+01
    0.20300E+01,    0.30110E+02,    0.14483E+01
    0.20600E+01,    0.28060E+02,    0.13566E+01
    0.20500E+01,    0.26030E+02,    0.12632E+01
    0.20500E+01,    0.24010E+02,    0.11686E+01
    0.20300E+01,    0.22000E+02,    0.10732E+01
    0.20300E+01,    0.20020E+02,    0.97840E+00
    0.20200E+01,    0.18020E+02,    0.88196E+00
    0.20400E+01,    0.16070E+02,    0.78744E+00
    0.20900E+01,    0.14060E+02,    0.68961E+00
    0.21800E+01,    0.12040E+02,    0.59098E+00
    0.22600E+01,    0.99500E+01,    0.48867E+00
    0.20900E+01,    0.82700E+01,    0.40630E+00
    0.23900E+01,    0.67800E+01,    0.33316E+00
    0.31200E+01,    0.57300E+01,    0.28161E+00
    0.69700E+01,    0.63700E+01,    0.31319E+00
    0.17790E+02,    0.96500E+01,    0.47654E+00
    0.28170E+02,    0.93600E+01,    0.46421E+00
    0.38550E+02,    0.10610E+02,    0.52763E+00
    0.40750E+02,    0.19280E+02,    0.95959E+00
    0.40580E+02,    0.28190E+02,    0.14044E+01
    0.40800E+02,    0.36670E+02,    0.18293E+01
    0.41780E+02,    0.44870E+02,    0.22417E+01
    0.41340E+02,    0.53300E+02,    0.26662E+01
    0.40710E+02,    0.62540E+02,    0.31310E+01
    0.41260E+02,    0.71900E+02,    0.35999E+01
    0.40920E+02,    0.80550E+02,    0.40319E+01
    0.38650E+02,    0.89370E+02,    0.44714E+01
    0.28400E+02,    0.90830E+02,    0.45452E+01
    0.18530E+02,    0.91200E+02,    0.45653E+01
    0.37810E+02,    0.46200E+02,    0.23084E+01
    0.35150E+02,    0.46520E+02,    0.23242E+01
    0.32920E+02,    0.46680E+02,    0.23319E+01
    0.30860E+02,    0.46990E+02,    0.23472E+01
    0.29470E+02,    0.46890E+02,    0.23418E+01
    0.28330E+02,    0.46900E+02,    0.23419E+01
    0.27230E+02,    0.46940E+02,    0.23436E+01
    0.26180E+02,    0.47020E+02,    0.23473E+01
    0.25260E+02,    0.47090E+02,    0.23504E+01
    0.24390E+02,    0.47180E+02,    0.23546E+01
    0.23500E+02,    0.47260E+02,    0.23582E+01
    0.22570E+02,    0.47380E+02,    0.23638E+01
    0.21670E+02,    0.47500E+02,    0.23694E+01
    0.20940E+02,    0.47690E+02,    0.23788E+01
    0.20270E+02,    0.47710E+02,    0.23792E+01
    0.19560E+02,    0.47740E+02,    0.23801E+01
    0.18830E+02,    0.47780E+02,    0.23814E+01
    0.18070E+02,    0.47850E+02,    0.23842E+01
    0.17320E+02,    0.47900E+02,    0.23857E+01
    0.16700E+02,    0.47860E+02,    0.23825E+01
    0.16120E+02,    0.47960E+02,    0.23868E+01
    0.15510E+02,    0.48080E+02,    0.23922E+01
    0.14910E+02,    0.48220E+02,    0.23986E+01
    0.14300E+02,    0.48300E+02,    0.24016E+01
    0.13680E+02,    0.48330E+02,    0.24014E+01
    0.13150E+02,    0.48280E+02,    0.23966E+01
    0.12640E+02,    0.48330E+02,    0.23974E+01
    0.12100E+02,    0.48410E+02,    0.23998E+01
    0.11550E+02,    0.48500E+02,    0.24025E+01
    0.10990E+02,    0.48590E+02,    0.24049E+01
    0.33820E+02,    0.26430E+02,    0.13147E+01
    0.29040E+02,    0.28540E+02,    0.14175E+01
    0.25300E+02,    0.27620E+02,    0.13688E+01
    0.22160E+02,    0.27430E+02,    0.13564E+01
    0.19320E+02,    0.27190E+02,    0.13412E+01
    0.16420E+02,    0.27770E+02,    0.13655E+01
    0.13100E+02,    0.27070E+02,    0.13262E+01
    0.10610E+02,    0.27940E+02,    0.13634E+01
    0.83800E+01,    0.28070E+02,    0.13654E+01
    0.62800E+01,    0.28200E+02,    0.13679E+01
    0.41300E+01,    0.28140E+02,    0.13621E+01
    0.33800E+02,    0.20440E+02,    0.10160E+01
    0.29390E+02,    0.18690E+02,    0.92754E+00
    0.25700E+02,    0.18420E+02,    0.91267E+00
    0.22360E+02,    0.18100E+02,    0.89528E+00
    0.19170E+02,    0.18090E+02,    0.89314E+00
    0.16210E+02,    0.18240E+02,    0.89887E+00
    0.13070E+02,    0.18600E+02,    0.91467E+00
    0.10190E+02,    0.17440E+02,    0.85650E+00
    0.79900E+01,    0.17980E+02,    0.88178E+00
    0.60000E+01,    0.18040E+02,    0.88391E+00
    0.40400E+01,    0.18080E+02,    0.88526E+00
    0.18820E+02,    0.14410E+02,    0.71160E+00
    0.16160E+02,    0.15290E+02,    0.75391E+00
    0.13570E+02,    0.15430E+02,    0.75972E+00
    0.10890E+02,    0.14750E+02,    0.72539E+00
    0.84700E+01,    0.13180E+02,    0.64778E+00
    0.63900E+01,    0.12720E+02,    0.62478E+00
    0.43700E+01,    0.12100E+02,    0.59414E+00
    0.47900E+01,    0.95600E+01,    0.46978E+00
    0.37500E+01,    0.83100E+01,    0.40833E+00
    0.43600E+01,    0.71700E+01,    0.35239E+00
    0.87400E+01,    0.10690E+02,    0.52581E+00
    0.12900E+02,    0.12060E+02,    0.59413E+00
    0.16050E+02,    0.12710E+02,    0.62692E+00
    0.14170E+02,    0.13480E+02,    0.66421E+00
    0.66400E+01,    0.10940E+02,    0.53764E+00
    0.79000E+01,    0.14870E+02,    0.73025E+00
    0.77300E+01,    0.16310E+02,    0.80043E+00
    0.40400E+01,    0.16130E+02,    0.79066E+00
    0.59800E+01,    0.16280E+02,    0.79842E+00
    0.41500E+01,    0.14220E+02,    0.69767E+00
    0.61000E+01,    0.14470E+02,    0.71024E+00
    0.90800E+01,    0.16410E+02,    0.80577E+00
    0.92800E+01,    0.15260E+02,    0.74973E+00
    0.29230E+02,    0.14630E+02,    0.72587E+00
    0.22090E+02,    0.15020E+02,    0.74292E+00
    0.25580E+02,    0.14950E+02,    0.74069E+00
    0.25130E+02,    0.12260E+02,    0.60731E+00
    0.21700E+02,    0.12210E+02,    0.60387E+00
    0.33900E+02,    0.15120E+02,    0.75132E+00
    0.22380E+02,    0.21390E+02,    0.10579E+01
    0.22330E+02,    0.24340E+02,    0.12037E+01
    0.99500E+01,    0.19870E+02,    0.97464E+00
    0.99300E+01,    0.21830E+02,    0.10695E+01
    0.10000E+02,    0.23910E+02,    0.11699E+01
    0.10110E+02,    0.25830E+02,    0.12620E+01
    0.60400E+01,    0.20010E+02,    0.97922E+00
    0.60600E+01,    0.21960E+02,    0.10730E+01
    0.61100E+01,    0.24010E+02,    0.11710E+01
    0.61700E+01,    0.26040E+02,    0.12670E+01
    0.40600E+01,    0.22010E+02,    0.10744E+01
    0.40800E+01,    0.24000E+02,    0.11691E+01
    0.41200E+01,    0.26060E+02,    0.12659E+01
    0.40400E+01,    0.20000E+02,    0.97795E+00
    0.80400E+01,    0.21950E+02,    0.10739E+01
    0.82000E+01,    0.25990E+02,    0.12671E+01
    0.80800E+01,    0.23920E+02,    0.11684E+01
    0.80000E+01,    0.19890E+02,    0.97442E+00
    0.16450E+02,    0.21410E+02,    0.10545E+01
    0.16480E+02,    0.24370E+02,    0.11995E+01
    0.13810E+02,    0.24260E+02,    0.11911E+01
    0.13760E+02,    0.21450E+02,    0.10543E+01
    0.11800E+02,    0.23850E+02,    0.11689E+01
    0.11790E+02,    0.21860E+02,    0.10725E+01
    0.11590E+02,    0.20030E+02,    0.98348E+00
    0.11700E+02,    0.25640E+02,    0.12550E+01
    0.19340E+02,    0.21200E+02,    0.10464E+01
    0.19370E+02,    0.24380E+02,    0.12030E+01
    0.28680E+02,    0.21890E+02,    0.10862E+01
    0.28620E+02,    0.24750E+02,    0.12284E+01
    0.25570E+02,    0.21430E+02,    0.10618E+01
    0.25430E+02,    0.24670E+02,    0.12224E+01
    0.31200E+02,    0.24570E+02,    0.12208E+01
    0.31270E+02,    0.22130E+02,    0.10993E+01
    0.21730E+02,    0.30150E+02,    0.14905E+01
    0.22180E+02,    0.32500E+02,    0.16078E+01
    0.22100E+02,    0.34270E+02,    0.16959E+01
    0.21910E+02,    0.36000E+02,    0.17820E+01
    0.21590E+02,    0.37610E+02,    0.18622E+01
    0.21910E+02,    0.39010E+02,    0.19335E+01
    0.21970E+02,    0.40130E+02,    0.19903E+01
    0.22010E+02,    0.41260E+02,    0.20479E+01
    0.22070E+02,    0.42370E+02,    0.21047E+01
    0.22230E+02,    0.43470E+02,    0.21614E+01
    0.22330E+02,    0.44480E+02,    0.22135E+01
    0.22380E+02,    0.45480E+02,    0.22652E+01
    0.22430E+02,    0.46440E+02,    0.23150E+01
    0.13140E+02,    0.29970E+02,    0.14657E+01
    0.13180E+02,    0.31490E+02,    0.15386E+01
    0.13290E+02,    0.32770E+02,    0.16002E+01
    0.13340E+02,    0.34040E+02,    0.16612E+01
    0.13400E+02,    0.35300E+02,    0.17218E+01
    0.13380E+02,    0.36470E+02,    0.17779E+01
    0.13350E+02,    0.37490E+02,    0.18269E+01
    0.13350E+02,    0.38440E+02,    0.18729E+01
    0.13390E+02,    0.39340E+02,    0.19172E+01
    0.13410E+02,    0.40200E+02,    0.19599E+01
    0.13440E+02,    0.41040E+02,    0.20021E+01
    0.13440E+02,    0.41830E+02,    0.20421E+01
    0.13420E+02,    0.42590E+02,    0.20811E+01
    0.13350E+02,    0.43400E+02,    0.21229E+01
    0.13610E+02,    0.44110E+02,    0.21629E+01
    0.13720E+02,    0.44760E+02,    0.21990E+01
    0.13760E+02,    0.45400E+02,    0.22345E+01
    0.13780E+02,    0.46040E+02,    0.22703E+01
    0.13760E+02,    0.46650E+02,    0.23047E+01
    0.13730E+02,    0.47220E+02,    0.23371E+01
    0.13710E+02,    0.47760E+02,    0.23682E+01
    0.38000E+01,    0.34200E+02,    0.16241E+01
    0.55100E+01,    0.34260E+02,    0.16338E+01
    0.70600E+01,    0.34350E+02,    0.16453E+01
    0.84200E+01,    0.34260E+02,    0.16485E+01
    0.97000E+01,    0.34120E+02,    0.16487E+01
    0.10910E+02,    0.34010E+02,    0.16494E+01
    0.12140E+02,    0.34030E+02,    0.16558E+01
    0.98000E+01,    0.35450E+02,    0.17096E+01
    0.99800E+01,    0.36650E+02,    0.17650E+01
    0.10130E+02,    0.37780E+02,    0.18173E+01
    0.10390E+02,    0.38680E+02,    0.18605E+01
    0.10470E+02,    0.39540E+02,    0.19009E+01
    0.10540E+02,    0.40430E+02,    0.19433E+01
    0.10640E+02,    0.41300E+02,    0.19858E+01
    0.10770E+02,    0.42240E+02,    0.20336E+01
    0.10490E+02,    0.43030E+02,    0.20689E+01
    0.10420E+02,    0.43750E+02,    0.21050E+01
    0.10450E+02,    0.44420E+02,    0.21414E+01
    0.10480E+02,    0.45050E+02,    0.21771E+01
    0.10400E+02,    0.45730E+02,    0.22152E+01
    0.10600E+02,    0.46390E+02,    0.22585E+01
    0.10730E+02,    0.46980E+02,    0.22973E+01
    0.10840E+02,    0.47530E+02,    0.23339E+01
    0.10920E+02,    0.48070E+02,    0.23700E+01
    0.38400E+01,    0.36110E+02,    0.16964E+01
    0.54900E+01,    0.36010E+02,    0.17037E+01
    0.71500E+01,    0.36130E+02,    0.17210E+01
    0.85600E+01,    0.35670E+02,    0.17114E+01
    0.27100E+01,    0.39050E+02,    0.17714E+01
    0.40500E+01,    0.39230E+02,    0.17942E+01
    0.54400E+01,    0.39060E+02,    0.18113E+01
    0.65800E+01,    0.38860E+02,    0.18216E+01
    0.75600E+01,    0.39030E+02,    0.18419E+01
    0.85200E+01,    0.39470E+02,    0.18735E+01
    0.95500E+01,    0.39590E+02,    0.18923E+01
    0.99100E+01,    0.45060E+02,    0.21667E+01
    0.95900E+01,    0.40500E+02,    0.19338E+01
    0.97100E+01,    0.41380E+02,    0.19759E+01
    0.98000E+01,    0.42210E+02,    0.20165E+01
    0.96500E+01,    0.43000E+02,    0.20520E+01
    0.96100E+01,    0.43790E+02,    0.20912E+01
    0.98000E+01,    0.44500E+02,    0.21331E+01
    0.52000E+01,    0.39950E+02,    0.18333E+01
    0.57900E+01,    0.40260E+02,    0.18542E+01
    0.64800E+01,    0.40540E+02,    0.18784E+01
    0.72700E+01,    0.40590E+02,    0.18971E+01
    0.79300E+01,    0.40490E+02,    0.19061E+01
    0.86100E+01,    0.40600E+02,    0.19226E+01
    0.91300E+01,    0.43240E+02,    0.20527E+01
    0.87900E+01,    0.43490E+02,    0.20565E+01
    0.67500E+01,    0.41390E+02,    0.19135E+01
    0.70100E+01,    0.41070E+02,    0.19089E+01
    0.73600E+01,    0.41350E+02,    0.19275E+01
    0.77400E+01,    0.41640E+02,    0.19480E+01
    0.82300E+01,    0.41890E+02,    0.19700E+01
    0.85900E+01,    0.42440E+02,    0.20024E+01
    0.88600E+01,    0.42890E+02,    0.20294E+01
    0.78400E+01,    0.42330E+02,    0.19786E+01
    0.74500E+01,    0.42000E+02,    0.19547E+01
    0.70800E+01,    0.41690E+02,    0.19330E+01
    0.81900E+01,    0.42750E+02,    0.20061E+01
    0.85000E+01,    0.43140E+02,    0.20321E+01
    0.88000E+01,    0.41490E+02,    0.19647E+01
    0.91000E+01,    0.42220E+02,    0.20036E+01
    0.91900E+01,    0.42700E+02,    0.20279E+01
    0.79400E+01,    0.41300E+02,    0.19389E+01
    0.82100E+01,    0.41030E+02,    0.19335E+01
    0.81900E+01,    0.41510E+02,    0.19529E+01
    0.84000E+01,    0.41350E+02,    0.19506E+01
    0.76200E+01,    0.41030E+02,    0.19211E+01
    0.79200E+01,    0.40850E+02,    0.19203E+01
    0.66700E+01,    0.40920E+02,    0.18953E+01
    0.65100E+01,    0.41170E+02,    0.18997E+01
    0.89900E+01,    0.43740E+02,    0.20739E+01
    0.92500E+01,    0.43600E+02,    0.20733E+01
    0.65800E+01,    0.39720E+02,    0.18523E+01
    0.73300E+01,    0.39820E+02,    0.18691E+01
    0.79200E+01,    0.39930E+02,    0.18834E+01
    0.59300E+01,    0.39690E+02,    0.18392E+01
    0.45800E+01,    0.39850E+02,    0.18180E+01
    0.99700E+01,    0.45490E+02,    0.21928E+01
    0.35500E+01,    0.39610E+02,    0.17947E+01
    0.31000E+01,    0.39530E+02,    0.17861E+01
    0.21900E+01,    0.39330E+02,    0.17714E+01
    0.17500E+01,    0.39220E+02,    0.17656E+01
    0.54300E+01,    0.37590E+02,    0.17619E+01
    0.89900E+01,    0.38180E+02,    0.18241E+01
    0.78000E+01,    0.37960E+02,    0.18018E+01
    0.67400E+01,    0.37630E+02,    0.17773E+01
    0.88600E+01,    0.36880E+02,    0.17663E+01
    0.79400E+01,    0.36980E+02,    0.17625E+01
    0.96400E+01,    0.38820E+02,    0.18589E+01
    0.40700E+01,    0.37660E+02,    0.17506E+01
    0.29300E+01,    0.37760E+02,    0.17425E+01
    0.11480E+02,    0.40330E+02,    0.19492E+01
    0.12450E+02,    0.40260E+02,    0.19551E+01
    0.11120E+02,    0.44380E+02,    0.21502E+01
    0.11760E+02,    0.44340E+02,    0.21568E+01
    0.12400E+02,    0.44310E+02,    0.21626E+01
    0.12990E+02,    0.44260E+02,    0.21657E+01
    0.11230E+02,    0.46270E+02,    0.22602E+01
    0.11870E+02,    0.46170E+02,    0.22618E+01
    0.12490E+02,    0.46100E+02,    0.22639E+01
    0.13130E+02,    0.46060E+02,    0.22669E+01
    0.11400E+02,    0.47430E+02,    0.23333E+01
    0.11980E+02,    0.47340E+02,    0.23329E+01
    0.12560E+02,    0.47270E+02,    0.23331E+01
    0.13140E+02,    0.47230E+02,    0.23345E+01
    0.12040E+02,    0.47890E+02,    0.23671E+01
    0.12590E+02,    0.47820E+02,    0.23663E+01
    0.13150E+02,    0.47780E+02,    0.23669E+01
    0.11480E+02,    0.47970E+02,    0.23681E+01
    0.11920E+02,    0.46770E+02,    0.22979E+01
    0.12530E+02,    0.46700E+02,    0.22991E+01
    0.13140E+02,    0.46660E+02,    0.23013E+01
    0.11330E+02,    0.46860E+02,    0.22972E+01
    0.11790E+02,    0.44940E+02,    0.21903E+01
    0.11810E+02,    0.45560E+02,    0.22257E+01
    0.11130E+02,    0.45000E+02,    0.21848E+01
    0.11150E+02,    0.45640E+02,    0.22218E+01
    0.13060E+02,    0.44830E+02,    0.21975E+01
    0.12420E+02,    0.44890E+02,    0.21947E+01
    0.13100E+02,    0.45440E+02,    0.22317E+01
    0.12460E+02,    0.45490E+02,    0.22287E+01
    0.11570E+02,    0.41180E+02,    0.19915E+01
    0.11670E+02,    0.41960E+02,    0.20314E+01
    0.11830E+02,    0.42590E+02,    0.20651E+01
    0.11820E+02,    0.43180E+02,    0.20956E+01
    0.11780E+02,    0.43760E+02,    0.21257E+01
    0.11110E+02,    0.43760E+02,    0.21167E+01
    0.11180E+02,    0.43160E+02,    0.20862E+01
    0.11240E+02,    0.42660E+02,    0.20612E+01
    0.12550E+02,    0.41860E+02,    0.20357E+01
    0.12400E+02,    0.43770E+02,    0.21334E+01
    0.12540E+02,    0.43220E+02,    0.21058E+01
    0.12570E+02,    0.42560E+02,    0.20717E+01
    0.12920E+02,    0.43800E+02,    0.21403E+01
    0.12490E+02,    0.41080E+02,    0.19960E+01
    0.11210E+02,    0.37600E+02,    0.18178E+01
    0.12280E+02,    0.37510E+02,    0.18212E+01
    0.11420E+02,    0.39460E+02,    0.19069E+01
    0.11330E+02,    0.38560E+02,    0.18636E+01
    0.12390E+02,    0.39390E+02,    0.19121E+01
    0.12340E+02,    0.38480E+02,    0.18679E+01
    0.11010E+02,    0.35310E+02,    0.17102E+01
    0.12180E+02,    0.35280E+02,    0.17150E+01
    0.11100E+02,    0.36510E+02,    0.17664E+01
    0.12240E+02,    0.36450E+02,    0.17706E+01
    0.85100E+01,    0.30220E+02,    0.14657E+01
    0.84500E+01,    0.31600E+02,    0.15291E+01
    0.84200E+01,    0.32860E+02,    0.15860E+01
    0.41200E+01,    0.30260E+02,    0.14577E+01
    0.39000E+01,    0.32260E+02,    0.15445E+01
    0.63800E+01,    0.30550E+02,    0.14756E+01
    0.57300E+01,    0.32460E+02,    0.15584E+01
    0.71200E+01,    0.32830E+02,    0.15794E+01
    0.73300E+01,    0.31650E+02,    0.15276E+01
    0.10770E+02,    0.30660E+02,    0.14925E+01
    0.10860E+02,    0.32560E+02,    0.15817E+01
    0.96400E+01,    0.32810E+02,    0.15886E+01
    0.96400E+01,    0.31690E+02,    0.15371E+01
    0.12060E+02,    0.32750E+02,    0.15950E+01
    0.12030E+02,    0.31650E+02,    0.15427E+01
    0.14380E+02,    0.39300E+02,    0.19216E+01
    0.15380E+02,    0.39250E+02,    0.19246E+01
    0.16410E+02,    0.39180E+02,    0.19259E+01
    0.17540E+02,    0.39130E+02,    0.19278E+01
    0.18690E+02,    0.39140E+02,    0.19322E+01
    0.19810E+02,    0.39180E+02,    0.19374E+01
    0.20850E+02,    0.39170E+02,    0.19394E+01
    0.14380E+02,    0.44030E+02,    0.21643E+01
    0.15170E+02,    0.43990E+02,    0.21670E+01
    0.15970E+02,    0.43960E+02,    0.21696E+01
    0.16800E+02,    0.43910E+02,    0.21705E+01
    0.17700E+02,    0.43860E+02,    0.21712E+01
    0.18610E+02,    0.43840E+02,    0.21730E+01
    0.19500E+02,    0.43810E+02,    0.21737E+01
    0.20330E+02,    0.43790E+02,    0.21745E+01
    0.21180E+02,    0.43570E+02,    0.21648E+01
    0.17750E+02,    0.44710E+02,    0.22161E+01
    0.17810E+02,    0.45550E+02,    0.22607E+01
    0.17930E+02,    0.46350E+02,    0.23036E+01
    0.18020E+02,    0.47110E+02,    0.23444E+01
    0.16000E+02,    0.44720E+02,    0.22101E+01
    0.15980E+02,    0.45470E+02,    0.22503E+01
    0.15850E+02,    0.46110E+02,    0.22845E+01
    0.15880E+02,    0.46740E+02,    0.23190E+01
    0.15990E+02,    0.47360E+02,    0.23534E+01
    0.14450E+02,    0.46050E+02,    0.22748E+01
    0.15160E+02,    0.46110E+02,    0.22816E+01
    0.14290E+02,    0.47740E+02,    0.23694E+01
    0.14290E+02,    0.47220E+02,    0.23397E+01
    0.14410E+02,    0.46690E+02,    0.23104E+01
    0.15370E+02,    0.47490E+02,    0.23589E+01
    0.15110E+02,    0.46850E+02,    0.23223E+01
    0.14820E+02,    0.47670E+02,    0.23672E+01
    0.14750E+02,    0.47250E+02,    0.23433E+01
    0.14440E+02,    0.44710E+02,    0.22013E+01
    0.15210E+02,    0.44700E+02,    0.22052E+01
    0.15200E+02,    0.45410E+02,    0.22435E+01
    0.14470E+02,    0.45390E+02,    0.22385E+01
    0.17280E+02,    0.47180E+02,    0.23467E+01
    0.17150E+02,    0.46460E+02,    0.23076E+01
    0.16840E+02,    0.45670E+02,    0.22642E+01
    0.16850E+02,    0.44740E+02,    0.22146E+01
    0.16630E+02,    0.47270E+02,    0.23501E+01
    0.16510E+02,    0.46650E+02,    0.23161E+01
    0.16410E+02,    0.46140E+02,    0.22881E+01
    0.19530E+02,    0.44650E+02,    0.22175E+01
    0.19560E+02,    0.45470E+02,    0.22605E+01
    0.19570E+02,    0.46290E+02,    0.23036E+01
    0.19550E+02,    0.47020E+02,    0.23420E+01
    0.18690E+02,    0.45500E+02,    0.22602E+01
    0.18750E+02,    0.46290E+02,    0.23021E+01
    0.18790E+02,    0.47050E+02,    0.23425E+01
    0.18650E+02,    0.44660E+02,    0.22160E+01
    0.20440E+02,    0.45490E+02,    0.22631E+01
    0.21380E+02,    0.45520E+02,    0.22660E+01
    0.20410E+02,    0.46340E+02,    0.23075E+01
    0.20270E+02,    0.47050E+02,    0.23445E+01
    0.21350E+02,    0.46590E+02,    0.23217E+01
    0.20860E+02,    0.47100E+02,    0.23478E+01
    0.20410E+02,    0.44610E+02,    0.22172E+01
    0.21330E+02,    0.44560E+02,    0.22162E+01
    0.17560E+02,    0.40150E+02,    0.19795E+01
    0.17560E+02,    0.41140E+02,    0.20299E+01
    0.17550E+02,    0.42110E+02,    0.20797E+01
    0.17630E+02,    0.43020E+02,    0.21271E+01
    0.16450E+02,    0.41130E+02,    0.20248E+01
    0.15400E+02,    0.41060E+02,    0.20160E+01
    0.14400E+02,    0.41030E+02,    0.20085E+01
    0.15410E+02,    0.40160E+02,    0.19704E+01
    0.14400E+02,    0.40180E+02,    0.19656E+01
    0.16460E+02,    0.40160E+02,    0.19755E+01
    0.14290E+02,    0.43320E+02,    0.21260E+01
    0.14300E+02,    0.42590E+02,    0.20878E+01
    0.14370E+02,    0.41840E+02,    0.20496E+01
    0.16360E+02,    0.42190E+02,    0.20789E+01
    0.15320E+02,    0.41920E+02,    0.20596E+01
    0.16670E+02,    0.43080E+02,    0.21265E+01
    0.15900E+02,    0.43250E+02,    0.21318E+01
    0.15130E+02,    0.43290E+02,    0.21298E+01
    0.15140E+02,    0.42620E+02,    0.20948E+01
    0.15800E+02,    0.42680E+02,    0.21015E+01
    0.20870E+02,    0.41290E+02,    0.20471E+01
    0.19760E+02,    0.41220E+02,    0.20409E+01
    0.18660E+02,    0.41160E+02,    0.20347E+01
    0.19790E+02,    0.40180E+02,    0.19880E+01
    0.20880E+02,    0.40210E+02,    0.19922E+01
    0.18680E+02,    0.40160E+02,    0.19838E+01
    0.18600E+02,    0.42990E+02,    0.21287E+01
    0.18630E+02,    0.42130E+02,    0.20844E+01
    0.20810E+02,    0.42530E+02,    0.21106E+01
    0.19680E+02,    0.42220E+02,    0.20920E+01
    0.19500E+02,    0.43040E+02,    0.21338E+01
    0.20220E+02,    0.43100E+02,    0.21386E+01
    0.14500E+02,    0.32730E+02,    0.16022E+01
    0.15820E+02,    0.32480E+02,    0.15938E+01
    0.17360E+02,    0.32500E+02,    0.15986E+01
    0.18960E+02,    0.32630E+02,    0.16086E+01
    0.20480E+02,    0.32630E+02,    0.16115E+01
    0.17480E+02,    0.38060E+02,    0.18739E+01
    0.17390E+02,    0.36860E+02,    0.18138E+01
    0.17400E+02,    0.35500E+02,    0.17464E+01
    0.17420E+02,    0.34060E+02,    0.16755E+01
    0.18870E+02,    0.35580E+02,    0.17545E+01
    0.20340E+02,    0.35710E+02,    0.17644E+01
    0.18710E+02,    0.38080E+02,    0.18789E+01
    0.18780E+02,    0.36910E+02,    0.18205E+01
    0.20150E+02,    0.37120E+02,    0.18345E+01
    0.19860E+02,    0.38170E+02,    0.18865E+01
    0.20780E+02,    0.38330E+02,    0.18968E+01
    0.20470E+02,    0.34230E+02,    0.16909E+01
    0.18910E+02,    0.34110E+02,    0.16816E+01
    0.14630E+02,    0.35360E+02,    0.17299E+01
    0.15970E+02,    0.35470E+02,    0.17403E+01
    0.14350E+02,    0.38410E+02,    0.18775E+01
    0.14360E+02,    0.37540E+02,    0.18348E+01
    0.14570E+02,    0.36580E+02,    0.17890E+01
    0.15870E+02,    0.36940E+02,    0.18122E+01
    0.15290E+02,    0.38370E+02,    0.18804E+01
    0.16270E+02,    0.38140E+02,    0.18733E+01
    0.15180E+02,    0.37620E+02,    0.18428E+01
    0.14620E+02,    0.34060E+02,    0.16668E+01
    0.15930E+02,    0.34020E+02,    0.16692E+01
    0.19460E+02,    0.29520E+02,    0.14560E+01
    0.19020E+02,    0.31060E+02,    0.15312E+01
    0.15390E+02,    0.30520E+02,    0.14975E+01
    0.17400E+02,    0.30920E+02,    0.15212E+01
    0.17720E+02,    0.29350E+02,    0.14448E+01
    0.14380E+02,    0.31610E+02,    0.15478E+01
    0.20420E+02,    0.31350E+02,    0.15480E+01
    0.23610E+02,    0.36220E+02,    0.17959E+01
    0.25430E+02,    0.36830E+02,    0.18290E+01
    0.27680E+02,    0.36140E+02,    0.17966E+01
    0.30320E+02,    0.36120E+02,    0.17977E+01
    0.32940E+02,    0.36790E+02,    0.18329E+01
    0.36140E+02,    0.37040E+02,    0.18468E+01
    0.32330E+02,    0.39790E+02,    0.19836E+01
    0.32410E+02,    0.42140E+02,    0.21022E+01
    0.32520E+02,    0.44340E+02,    0.22134E+01
    0.23200E+02,    0.42300E+02,    0.21029E+01
    0.24290E+02,    0.42170E+02,    0.20977E+01
    0.25420E+02,    0.42030E+02,    0.20919E+01
    0.26690E+02,    0.41840E+02,    0.20835E+01
    0.28020E+02,    0.41810E+02,    0.20830E+01
    0.29350E+02,    0.41910E+02,    0.20890E+01
    0.30670E+02,    0.42350E+02,    0.21120E+01
    0.28110E+02,    0.43160E+02,    0.21516E+01
    0.28380E+02,    0.44490E+02,    0.22193E+01
    0.28290E+02,    0.45700E+02,    0.22808E+01
    0.26990E+02,    0.44560E+02,    0.22221E+01
    0.25610E+02,    0.44770E+02,    0.22318E+01
    0.24420E+02,    0.44490E+02,    0.22165E+01
    0.23360E+02,    0.44460E+02,    0.22138E+01
    0.25570E+02,    0.43330E+02,    0.21582E+01
    0.26830E+02,    0.43250E+02,    0.21552E+01
    0.24400E+02,    0.43370E+02,    0.21591E+01
    0.23300E+02,    0.43380E+02,    0.21583E+01
    0.23400E+02,    0.46370E+02,    0.23122E+01
    0.24310E+02,    0.46290E+02,    0.23088E+01
    0.25160E+02,    0.46210E+02,    0.23052E+01
    0.26030E+02,    0.45940E+02,    0.22919E+01
    0.27130E+02,    0.45790E+02,    0.22848E+01
    0.23360E+02,    0.45420E+02,    0.22632E+01
    0.24280E+02,    0.45430E+02,    0.22645E+01
    0.25020E+02,    0.45460E+02,    0.22667E+01
    0.30150E+02,    0.44490E+02,    0.22201E+01
    0.29300E+02,    0.45700E+02,    0.22812E+01
    0.29190E+02,    0.43200E+02,    0.21543E+01
    0.27930E+02,    0.38480E+02,    0.19146E+01
    0.27990E+02,    0.40230E+02,    0.20030E+01
    0.23180E+02,    0.39010E+02,    0.19357E+01
    0.24550E+02,    0.39330E+02,    0.19539E+01
    0.26100E+02,    0.38700E+02,    0.19239E+01
    0.26470E+02,    0.40400E+02,    0.20103E+01
    0.23100E+02,    0.41170E+02,    0.20451E+01
    0.23050E+02,    0.40140E+02,    0.19927E+01
    0.25150E+02,    0.40670E+02,    0.20225E+01
    0.24120E+02,    0.41070E+02,    0.20415E+01
    0.23910E+02,    0.40140E+02,    0.19940E+01
    0.23200E+02,    0.37730E+02,    0.18711E+01
    0.24400E+02,    0.37900E+02,    0.18815E+01
    0.29530E+02,    0.40430E+02,    0.20143E+01
    0.30030E+02,    0.38630E+02,    0.19238E+01
    0.30840E+02,    0.40810E+02,    0.20343E+01
    0.36730E+02,    0.43350E+02,    0.21645E+01
    0.35540E+02,    0.40420E+02,    0.20166E+01
    0.38960E+02,    0.42690E+02,    0.21317E+01
    0.38420E+02,    0.39950E+02,    0.19937E+01
    0.34620E+02,    0.44080E+02,    0.22009E+01
    0.34180E+02,    0.42220E+02,    0.21069E+01
    0.30750E+02,    0.32650E+02,    0.16239E+01
    0.35350E+02,    0.34070E+02,    0.16974E+01
    0.34360E+02,    0.31130E+02,    0.15497E+01
    0.37900E+02,    0.33980E+02,    0.16938E+01
    0.37630E+02,    0.30990E+02,    0.15439E+01
    0.32990E+02,    0.34580E+02,    0.17219E+01
    0.24400E+02,    0.32630E+02,    0.16173E+01
    0.27010E+02,    0.33480E+02,    0.16626E+01
    0.23880E+02,    0.34570E+02,    0.17135E+01
    0.25440E+02,    0.34870E+02,    0.17306E+01
    0.24560E+02,    0.30370E+02,    0.15049E+01
    0.26880E+02,    0.30670E+02,    0.15220E+01
    0.41700E+01,    0.71970E+02,    0.36428E+01
    0.62600E+01,    0.71990E+02,    0.36409E+01
    0.83700E+01,    0.72130E+02,    0.36439E+01
    0.10570E+02,    0.72400E+02,    0.36528E+01
    0.13030E+02,    0.73290E+02,    0.36913E+01
    0.16080E+02,    0.73080E+02,    0.36765E+01
    0.19000E+02,    0.72950E+02,    0.36661E+01
    0.22000E+02,    0.72620E+02,    0.36463E+01
    0.25150E+02,    0.72300E+02,    0.36273E+01
    0.28670E+02,    0.71810E+02,    0.36002E+01
    0.33330E+02,    0.71790E+02,    0.35967E+01
    0.39500E+01,    0.81790E+02,    0.41085E+01
    0.57900E+01,    0.81740E+02,    0.41055E+01
    0.74400E+01,    0.81780E+02,    0.41068E+01
    0.93100E+01,    0.82420E+02,    0.41371E+01
    0.12080E+02,    0.81720E+02,    0.41015E+01
    0.15550E+02,    0.82170E+02,    0.41216E+01
    0.18890E+02,    0.82280E+02,    0.41252E+01
    0.22290E+02,    0.82060E+02,    0.41126E+01
    0.25710E+02,    0.81630E+02,    0.40898E+01
    0.29380E+02,    0.81050E+02,    0.40595E+01
    0.33760E+02,    0.79030E+02,    0.39576E+01
    0.18690E+02,    0.86140E+02,    0.43155E+01
    0.29350E+02,    0.85380E+02,    0.42746E+01
    0.33940E+02,    0.84640E+02,    0.42367E+01
    0.25680E+02,    0.85160E+02,    0.42647E+01
    0.22160E+02,    0.85340E+02,    0.42748E+01
    0.22060E+02,    0.88240E+02,    0.44183E+01
    0.25370E+02,    0.88030E+02,    0.44070E+01
    0.46900E+01,    0.87420E+02,    0.43823E+01
    0.67600E+01,    0.86310E+02,    0.43277E+01
    0.83700E+01,    0.85210E+02,    0.42736E+01
    0.96400E+01,    0.84300E+02,    0.42286E+01
    0.11300E+02,    0.85360E+02,    0.42799E+01
    0.15030E+02,    0.85500E+02,    0.42854E+01
    0.53200E+01,    0.90050E+02,    0.45110E+01
    0.10320E+02,    0.88820E+02,    0.44498E+01
    0.79300E+01,    0.87890E+02,    0.44048E+01
    0.91700E+01,    0.86120E+02,    0.43178E+01
    0.14670E+02,    0.88560E+02,    0.44359E+01
    0.47100E+01,    0.92760E+02,    0.46441E+01
    0.41200E+01,    0.91510E+02,    0.45828E+01
    0.76900E+01,    0.83840E+02,    0.42069E+01
    0.70100E+01,    0.83030E+02,    0.41677E+01
    0.57300E+01,    0.83280E+02,    0.41803E+01
    0.40200E+01,    0.83610E+02,    0.41967E+01
    0.42400E+01,    0.85390E+02,    0.42833E+01
    0.61500E+01,    0.84760E+02,    0.42522E+01
    0.22180E+02,    0.75680E+02,    0.37974E+01
    0.22260E+02,    0.78740E+02,    0.39486E+01
    0.10040E+02,    0.74360E+02,    0.37471E+01
    0.98400E+01,    0.76220E+02,    0.38365E+01
    0.96600E+01,    0.78230E+02,    0.39336E+01
    0.94200E+01,    0.80160E+02,    0.40272E+01
    0.61500E+01,    0.74060E+02,    0.37377E+01
    0.60500E+01,    0.76030E+02,    0.38310E+01
    0.59700E+01,    0.78030E+02,    0.39265E+01
    0.58600E+01,    0.79910E+02,    0.40170E+01
    0.40200E+01,    0.77980E+02,    0.39251E+01
    0.39800E+01,    0.79940E+02,    0.40192E+01
    0.41200E+01,    0.74000E+02,    0.37368E+01
    0.40700E+01,    0.76020E+02,    0.38319E+01
    0.78400E+01,    0.78070E+02,    0.39272E+01
    0.81500E+01,    0.74130E+02,    0.37386E+01
    0.79900E+01,    0.76140E+02,    0.38345E+01
    0.76900E+01,    0.80030E+02,    0.40219E+01
    0.16030E+02,    0.78930E+02,    0.39625E+01
    0.16200E+02,    0.76020E+02,    0.38199E+01
    0.19100E+02,    0.79010E+02,    0.39641E+01
    0.19120E+02,    0.75850E+02,    0.38086E+01
    0.13540E+02,    0.76050E+02,    0.38243E+01
    0.13300E+02,    0.78800E+02,    0.39583E+01
    0.11610E+02,    0.76330E+02,    0.38400E+01
    0.11400E+02,    0.78310E+02,    0.39360E+01
    0.11020E+02,    0.80120E+02,    0.40242E+01
    0.11570E+02,    0.74600E+02,    0.37567E+01
    0.28400E+02,    0.74980E+02,    0.37583E+01
    0.28620E+02,    0.77890E+02,    0.39028E+01
    0.25490E+02,    0.78460E+02,    0.39328E+01
    0.25320E+02,    0.75310E+02,    0.37766E+01
    0.31130E+02,    0.77260E+02,    0.38703E+01
    0.30990E+02,    0.74650E+02,    0.37404E+01
    0.22700E+02,    0.48270E+02,    0.24101E+01
    0.22800E+02,    0.49170E+02,    0.24569E+01
    0.22930E+02,    0.50100E+02,    0.25052E+01
    0.23030E+02,    0.51060E+02,    0.25550E+01
    0.23080E+02,    0.52050E+02,    0.26063E+01
    0.23040E+02,    0.53030E+02,    0.26571E+01
    0.22790E+02,    0.54100E+02,    0.27126E+01
    0.23000E+02,    0.55190E+02,    0.27686E+01
    0.23320E+02,    0.56240E+02,    0.28222E+01
    0.23470E+02,    0.57470E+02,    0.28849E+01
    0.23570E+02,    0.58820E+02,    0.29536E+01
    0.23860E+02,    0.60170E+02,    0.30217E+01
    0.24140E+02,    0.61630E+02,    0.30952E+01
    0.24310E+02,    0.63070E+02,    0.31675E+01
    0.24060E+02,    0.64750E+02,    0.32521E+01
    0.23930E+02,    0.66880E+02,    0.33588E+01
    0.24610E+02,    0.69270E+02,    0.34771E+01
    0.44300E+01,    0.63720E+02,    0.32936E+01
    0.63200E+01,    0.63840E+02,    0.32843E+01
    0.81600E+01,    0.63650E+02,    0.32621E+01
    0.10090E+02,    0.62880E+02,    0.32128E+01
    0.12380E+02,    0.62900E+02,    0.31975E+01
    0.14280E+02,    0.62690E+02,    0.31768E+01
    0.16140E+02,    0.62600E+02,    0.31640E+01
    0.17860E+02,    0.62600E+02,    0.31577E+01
    0.19560E+02,    0.62550E+02,    0.31503E+01
    0.21230E+02,    0.62380E+02,    0.31380E+01
    0.22670E+02,    0.61870E+02,    0.31096E+01
    0.13370E+02,    0.70170E+02,    0.35405E+01
    0.13570E+02,    0.67270E+02,    0.34007E+01
    0.12720E+02,    0.64940E+02,    0.32928E+01
    0.17990E+02,    0.64220E+02,    0.32380E+01
    0.18100E+02,    0.65820E+02,    0.33169E+01
    0.18540E+02,    0.67630E+02,    0.34051E+01
    0.18810E+02,    0.70110E+02,    0.35267E+01
    0.16090E+02,    0.70300E+02,    0.35410E+01
    0.16100E+02,    0.67750E+02,    0.34166E+01
    0.16310E+02,    0.65940E+02,    0.33278E+01
    0.16200E+02,    0.64280E+02,    0.32467E+01
    0.14510E+02,    0.64460E+02,    0.32619E+01
    0.14760E+02,    0.65860E+02,    0.33289E+01
    0.21110E+02,    0.66780E+02,    0.33581E+01
    0.21830E+02,    0.64220E+02,    0.32291E+01
    0.19740E+02,    0.64130E+02,    0.32289E+01
    0.19660E+02,    0.65590E+02,    0.33018E+01
    0.22940E+02,    0.63060E+02,    0.31691E+01
    0.21630E+02,    0.69720E+02,    0.35032E+01
    0.10840E+02,    0.67530E+02,    0.34225E+01
    0.85300E+01,    0.67710E+02,    0.34393E+01
    0.63500E+01,    0.67780E+02,    0.34501E+01
    0.42500E+01,    0.67830E+02,    0.34585E+01
    0.42900E+01,    0.65750E+02,    0.33721E+01
    0.63400E+01,    0.65740E+02,    0.33622E+01
    0.83700E+01,    0.65560E+02,    0.33437E+01
    0.10520E+02,    0.65240E+02,    0.33177E+01
    0.85100E+01,    0.69910E+02,    0.35401E+01
    0.42100E+01,    0.69900E+02,    0.35491E+01
    0.63300E+01,    0.69910E+02,    0.35454E+01
    0.10830E+02,    0.70020E+02,    0.35394E+01
    0.14320E+02,    0.48910E+02,    0.24368E+01
    0.14420E+02,    0.49550E+02,    0.24739E+01
    0.14530E+02,    0.50210E+02,    0.25121E+01
    0.14640E+02,    0.50880E+02,    0.25506E+01
    0.14730E+02,    0.51580E+02,    0.25904E+01
    0.14810E+02,    0.52300E+02,    0.26311E+01
    0.14870E+02,    0.53060E+02,    0.26736E+01
    0.14890E+02,    0.53840E+02,    0.27169E+01
    0.14910E+02,    0.54650E+02,    0.27612E+01
    0.15030E+02,    0.55470E+02,    0.28050E+01
    0.15340E+02,    0.56250E+02,    0.28448E+01
    0.15540E+02,    0.57220E+02,    0.28947E+01
    0.15660E+02,    0.58170E+02,    0.29433E+01
    0.15640E+02,    0.59260E+02,    0.29990E+01
    0.16140E+02,    0.60740E+02,    0.30712E+01
    0.11060E+02,    0.49110E+02,    0.24400E+01
    0.11120E+02,    0.49630E+02,    0.24751E+01
    0.11160E+02,    0.50160E+02,    0.25107E+01
    0.11200E+02,    0.50710E+02,    0.25474E+01
    0.11210E+02,    0.51290E+02,    0.25858E+01
    0.11200E+02,    0.51920E+02,    0.26270E+01
    0.11160E+02,    0.52650E+02,    0.26741E+01
    0.11350E+02,    0.53370E+02,    0.27167E+01
    0.11590E+02,    0.54030E+02,    0.27532E+01
    0.11700E+02,    0.54680E+02,    0.27894E+01
    0.11790E+02,    0.55430E+02,    0.28302E+01
    0.11930E+02,    0.56150E+02,    0.28677E+01
    0.11980E+02,    0.56930E+02,    0.29082E+01
    0.12100E+02,    0.57740E+02,    0.29487E+01
    0.12130E+02,    0.58580E+02,    0.29907E+01
    0.12450E+02,    0.59570E+02,    0.30367E+01
    0.12370E+02,    0.61010E+02,    0.31071E+01
    0.10980E+02,    0.58530E+02,    0.30014E+01
    0.98200E+01,    0.59210E+02,    0.30494E+01
    0.85300E+01,    0.59570E+02,    0.30857E+01
    0.75400E+01,    0.60100E+02,    0.31243E+01
    0.65800E+01,    0.60290E+02,    0.31482E+01
    0.55700E+01,    0.60230E+02,    0.31650E+01
    0.42800E+01,    0.60460E+02,    0.31945E+01
    0.28700E+01,    0.60800E+02,    0.32237E+01
    0.53000E+01,    0.59620E+02,    0.31532E+01
    0.11080E+02,    0.56900E+02,    0.29183E+01
    0.10260E+02,    0.57500E+02,    0.29613E+01
    0.92500E+01,    0.57990E+02,    0.30029E+01
    0.84700E+01,    0.58520E+02,    0.30425E+01
    0.77500E+01,    0.58550E+02,    0.30592E+01
    0.71200E+01,    0.58880E+02,    0.30867E+01
    0.65100E+01,    0.59090E+02,    0.31088E+01
    0.58900E+01,    0.59220E+02,    0.31282E+01
    0.69000E+01,    0.58410E+02,    0.30755E+01
    0.64400E+01,    0.58660E+02,    0.30966E+01
    0.60600E+01,    0.58810E+02,    0.31117E+01
    0.73700E+01,    0.58110E+02,    0.30516E+01
    0.10470E+02,    0.53130E+02,    0.27134E+01
    0.10850E+02,    0.53270E+02,    0.27167E+01
    0.82900E+01,    0.57950E+02,    0.30218E+01
    0.80800E+01,    0.57510E+02,    0.30082E+01
    0.10990E+02,    0.55540E+02,    0.28473E+01
    0.10460E+02,    0.56180E+02,    0.28905E+01
    0.97100E+01,    0.56500E+02,    0.29214E+01
    0.90200E+01,    0.57040E+02,    0.29634E+01
    0.84900E+01,    0.57240E+02,    0.29855E+01
    0.11080E+02,    0.54760E+02,    0.28023E+01
    0.10510E+02,    0.54610E+02,    0.28027E+01
    0.10030E+02,    0.54470E+02,    0.28035E+01
    0.10710E+02,    0.53640E+02,    0.27416E+01
    0.10620E+02,    0.54100E+02,    0.27709E+01
    0.10320E+02,    0.53530E+02,    0.27410E+01
    0.10180E+02,    0.53960E+02,    0.27700E+01
    0.11080E+02,    0.54130E+02,    0.27657E+01
    0.11050E+02,    0.53720E+02,    0.27416E+01
    0.10040E+02,    0.55680E+02,    0.28717E+01
    0.96400E+01,    0.55430E+02,    0.28665E+01
    0.10350E+02,    0.55220E+02,    0.28403E+01
    0.98400E+01,    0.54950E+02,    0.28352E+01
    0.94800E+01,    0.55750E+02,    0.28875E+01
    0.97500E+01,    0.56000E+02,    0.28949E+01
    0.86900E+01,    0.57740E+02,    0.30032E+01
    0.11340E+02,    0.56220E+02,    0.28791E+01
    0.77100E+01,    0.57760E+02,    0.30287E+01
    0.79300E+01,    0.58100E+02,    0.30369E+01
    0.10870E+02,    0.52910E+02,    0.26939E+01
    0.10590E+02,    0.52850E+02,    0.26938E+01
    0.11390E+02,    0.57740E+02,    0.29572E+01
    0.66100E+01,    0.59630E+02,    0.31248E+01
    0.72900E+01,    0.59440E+02,    0.31036E+01
    0.78700E+01,    0.59190E+02,    0.30822E+01
    0.60200E+01,    0.59700E+02,    0.31397E+01
    0.32100E+01,    0.60330E+02,    0.32095E+01
    0.36900E+01,    0.60210E+02,    0.31991E+01
    0.47100E+01,    0.59840E+02,    0.31717E+01
    0.18200E+01,    0.60720E+02,    0.32326E+01
    0.22800E+01,    0.60590E+02,    0.32261E+01
    0.77200E+01,    0.61100E+02,    0.31608E+01
    0.78000E+01,    0.62250E+02,    0.32064E+01
    0.48200E+01,    0.61920E+02,    0.32279E+01
    0.33200E+01,    0.62030E+02,    0.32483E+01
    0.63900E+01,    0.62310E+02,    0.32240E+01
    0.65900E+01,    0.61190E+02,    0.31802E+01
    0.56600E+01,    0.61120E+02,    0.31917E+01
    0.10520E+02,    0.60720E+02,    0.31103E+01
    0.89300E+01,    0.60840E+02,    0.31339E+01
    0.89500E+01,    0.62000E+02,    0.31838E+01
    0.11310E+02,    0.59610E+02,    0.30500E+01
    0.14090E+02,    0.52370E+02,    0.26377E+01
    0.13390E+02,    0.52420E+02,    0.26437E+01
    0.12690E+02,    0.52490E+02,    0.26517E+01
    0.11960E+02,    0.52570E+02,    0.26617E+01
    0.13830E+02,    0.50330E+02,    0.25194E+01
    0.13150E+02,    0.50460E+02,    0.25278E+01
    0.12480E+02,    0.50570E+02,    0.25354E+01
    0.11830E+02,    0.50660E+02,    0.25424E+01
    0.12180E+02,    0.48920E+02,    0.24320E+01
    0.12290E+02,    0.49430E+02,    0.24642E+01
    0.12400E+02,    0.49990E+02,    0.24994E+01
    0.11700E+02,    0.49540E+02,    0.24702E+01
    0.11770E+02,    0.50090E+02,    0.25058E+01
    0.11620E+02,    0.49020E+02,    0.24364E+01
    0.13710E+02,    0.49680E+02,    0.24811E+01
    0.13040E+02,    0.49850E+02,    0.24909E+01
    0.12900E+02,    0.49270E+02,    0.24555E+01
    0.13550E+02,    0.48970E+02,    0.24388E+01
    0.12710E+02,    0.48800E+02,    0.24264E+01
    0.13140E+02,    0.48690E+02,    0.24211E+01
    0.13320E+02,    0.51750E+02,    0.26045E+01
    0.13240E+02,    0.51090E+02,    0.25655E+01
    0.14020E+02,    0.51670E+02,    0.25975E+01
    0.13930E+02,    0.50990E+02,    0.25581E+01
    0.12620E+02,    0.51820E+02,    0.26118E+01
    0.11920E+02,    0.51890E+02,    0.26200E+01
    0.12560E+02,    0.51190E+02,    0.25735E+01
    0.11880E+02,    0.51250E+02,    0.25799E+01
    0.14630E+02,    0.57430E+02,    0.29110E+01
    0.13770E+02,    0.57750E+02,    0.29338E+01
    0.12910E+02,    0.57710E+02,    0.29389E+01
    0.12770E+02,    0.53160E+02,    0.26908E+01
    0.12880E+02,    0.53820E+02,    0.27283E+01
    0.12990E+02,    0.54440E+02,    0.27626E+01
    0.13240E+02,    0.55080E+02,    0.27961E+01
    0.13430E+02,    0.55890E+02,    0.28386E+01
    0.13610E+02,    0.56760E+02,    0.28834E+01
    0.12510E+02,    0.55280E+02,    0.28139E+01
    0.12790E+02,    0.56870E+02,    0.28965E+01
    0.12670E+02,    0.56050E+02,    0.28541E+01
    0.12220E+02,    0.53910E+02,    0.27394E+01
    0.12080E+02,    0.53250E+02,    0.27018E+01
    0.12360E+02,    0.54590E+02,    0.27769E+01
    0.14450E+02,    0.56540E+02,    0.28656E+01
    0.14240E+02,    0.55650E+02,    0.28196E+01
    0.14000E+02,    0.54710E+02,    0.27700E+01
    0.14140E+02,    0.53850E+02,    0.27214E+01
    0.14130E+02,    0.53090E+02,    0.26786E+01
    0.13450E+02,    0.53110E+02,    0.26834E+01
    0.13490E+02,    0.53760E+02,    0.27203E+01
    0.13500E+02,    0.54300E+02,    0.27507E+01
    0.13960E+02,    0.59020E+02,    0.29970E+01
    0.13000E+02,    0.58450E+02,    0.29759E+01
    0.14750E+02,    0.58230E+02,    0.29516E+01
    0.14200E+02,    0.60890E+02,    0.30888E+01
    0.22130E+02,    0.56450E+02,    0.28346E+01
    0.21040E+02,    0.56560E+02,    0.28421E+01
    0.19970E+02,    0.56610E+02,    0.28469E+01
    0.18850E+02,    0.56650E+02,    0.28519E+01
    0.17700E+02,    0.56790E+02,    0.28627E+01
    0.16570E+02,    0.56950E+02,    0.28756E+01
    0.22180E+02,    0.52060E+02,    0.26073E+01
    0.21310E+02,    0.52140E+02,    0.26120E+01
    0.20470E+02,    0.52260E+02,    0.26190E+01
    0.19640E+02,    0.52400E+02,    0.26272E+01
    0.18820E+02,    0.52550E+02,    0.26362E+01
    0.18010E+02,    0.52710E+02,    0.26460E+01
    0.17200E+02,    0.52840E+02,    0.26546E+01
    0.16400E+02,    0.52940E+02,    0.26619E+01
    0.15620E+02,    0.53000E+02,    0.26675E+01
    0.18110E+02,    0.48600E+02,    0.24245E+01
    0.18230E+02,    0.49370E+02,    0.24661E+01
    0.18390E+02,    0.50140E+02,    0.25075E+01
    0.18540E+02,    0.50930E+02,    0.25499E+01
    0.18680E+02,    0.51730E+02,    0.25926E+01
    0.15360E+02,    0.50760E+02,    0.25429E+01
    0.16080E+02,    0.50630E+02,    0.25350E+01
    0.16830E+02,    0.50470E+02,    0.25258E+01
    0.17600E+02,    0.50300E+02,    0.25163E+01
    0.16960E+02,    0.51230E+02,    0.25674E+01
    0.17090E+02,    0.52020E+02,    0.26103E+01
    0.15550E+02,    0.52230E+02,    0.26250E+01
    0.16300E+02,    0.52130E+02,    0.26178E+01
    0.15460E+02,    0.51480E+02,    0.25833E+01
    0.16200E+02,    0.51360E+02,    0.25754E+01
    0.17880E+02,    0.51880E+02,    0.26016E+01
    0.17740E+02,    0.51080E+02,    0.25585E+01
    0.15950E+02,    0.49930E+02,    0.24961E+01
    0.15800E+02,    0.49260E+02,    0.24586E+01
    0.15640E+02,    0.48670E+02,    0.24254E+01
    0.17430E+02,    0.49530E+02,    0.24744E+01
    0.16670E+02,    0.49740E+02,    0.24857E+01
    0.17210E+02,    0.48680E+02,    0.24280E+01
    0.16490E+02,    0.49050E+02,    0.24475E+01
    0.16240E+02,    0.48500E+02,    0.24169E+01
    0.16730E+02,    0.48350E+02,    0.24094E+01
    0.15120E+02,    0.49430E+02,    0.24676E+01
    0.15240E+02,    0.50080E+02,    0.25045E+01
    0.15000E+02,    0.48800E+02,    0.24317E+01
    0.21980E+02,    0.50220E+02,    0.25115E+01
    0.21050E+02,    0.50350E+02,    0.25184E+01
    0.20170E+02,    0.50560E+02,    0.25296E+01
    0.19350E+02,    0.50760E+02,    0.25404E+01
    0.18890E+02,    0.48510E+02,    0.24204E+01
    0.19010E+02,    0.49230E+02,    0.24589E+01
    0.19180E+02,    0.49970E+02,    0.24984E+01
    0.20970E+02,    0.48440E+02,    0.24181E+01
    0.20820E+02,    0.49350E+02,    0.24658E+01
    0.19620E+02,    0.48430E+02,    0.24167E+01
    0.19720E+02,    0.49080E+02,    0.24512E+01
    0.19980E+02,    0.49740E+02,    0.24862E+01
    0.20280E+02,    0.48380E+02,    0.24145E+01
    0.20280E+02,    0.48930E+02,    0.24435E+01
    0.21790E+02,    0.48380E+02,    0.24154E+01
    0.21860E+02,    0.49280E+02,    0.24624E+01
    0.21200E+02,    0.51260E+02,    0.25660E+01
    0.22100E+02,    0.51150E+02,    0.25599E+01
    0.20330E+02,    0.51420E+02,    0.25749E+01
    0.19500E+02,    0.51580E+02,    0.25839E+01
    0.19780E+02,    0.53220E+02,    0.26703E+01
    0.19910E+02,    0.54020E+02,    0.27121E+01
    0.20010E+02,    0.54780E+02,    0.27518E+01
    0.19930E+02,    0.55610E+02,    0.27952E+01
    0.17310E+02,    0.53710E+02,    0.27012E+01
    0.17430E+02,    0.54640E+02,    0.27505E+01
    0.17560E+02,    0.55660E+02,    0.28040E+01
    0.16460E+02,    0.53790E+02,    0.27080E+01
    0.16480E+02,    0.54700E+02,    0.27569E+01
    0.16320E+02,    0.55780E+02,    0.28151E+01
    0.15670E+02,    0.53810E+02,    0.27119E+01
    0.15680E+02,    0.54620E+02,    0.27558E+01
    0.15690E+02,    0.55280E+02,    0.27913E+01
    0.18170E+02,    0.53560E+02,    0.26911E+01
    0.18380E+02,    0.54450E+02,    0.27379E+01
    0.18810E+02,    0.55440E+02,    0.27889E+01
    0.18970E+02,    0.53380E+02,    0.26800E+01
    0.19150E+02,    0.54160E+02,    0.27209E+01
    0.19310E+02,    0.54800E+02,    0.27542E+01
    0.20590E+02,    0.53090E+02,    0.26625E+01
    0.20730E+02,    0.53880E+02,    0.27036E+01
    0.20870E+02,    0.54690E+02,    0.27456E+01
    0.20960E+02,    0.55570E+02,    0.27911E+01
    0.21970E+02,    0.55450E+02,    0.27833E+01
    0.21800E+02,    0.54490E+02,    0.27339E+01
    0.21530E+02,    0.53740E+02,    0.26953E+01
    0.21410E+02,    0.52970E+02,    0.26553E+01
    0.22200E+02,    0.52920E+02,    0.26520E+01
    0.22180E+02,    0.53580E+02,    0.26863E+01
    0.19370E+02,    0.61090E+02,    0.30774E+01
    0.19260E+02,    0.59850E+02,    0.30150E+01
    0.19080E+02,    0.58770E+02,    0.29604E+01
    0.18950E+02,    0.57730E+02,    0.29074E+01
    0.21950E+02,    0.58960E+02,    0.29634E+01
    0.20570E+02,    0.59570E+02,    0.29973E+01
    0.22160E+02,    0.57630E+02,    0.28951E+01
    0.21090E+02,    0.57540E+02,    0.28925E+01
    0.20050E+02,    0.57620E+02,    0.28989E+01
    0.20200E+02,    0.58580E+02,    0.29477E+01
    0.21080E+02,    0.58370E+02,    0.29350E+01
    0.22340E+02,    0.60490E+02,    0.30404E+01
    0.20890E+02,    0.60870E+02,    0.30625E+01
    0.17820E+02,    0.57860E+02,    0.29178E+01
    0.16710E+02,    0.58020E+02,    0.29304E+01
    0.17850E+02,    0.61100E+02,    0.30826E+01
    0.17920E+02,    0.58910E+02,    0.29713E+01
    0.16810E+02,    0.59020E+02,    0.29812E+01
    0.17990E+02,    0.59930E+02,    0.30230E+01
    0.16980E+02,    0.59920E+02,    0.30263E+01
    0.36530E+02,    0.54440E+02,    0.27241E+01
    0.33610E+02,    0.55110E+02,    0.27585E+01
    0.31070E+02,    0.55020E+02,    0.27547E+01
    0.29210E+02,    0.55730E+02,    0.27914E+01
    0.27630E+02,    0.55860E+02,    0.27989E+01
    0.26180E+02,    0.55850E+02,    0.27994E+01
    0.24640E+02,    0.55740E+02,    0.27951E+01
    0.33250E+02,    0.48890E+02,    0.24438E+01
    0.33270E+02,    0.50890E+02,    0.25451E+01
    0.33270E+02,    0.52820E+02,    0.26428E+01
    0.28340E+02,    0.48060E+02,    0.24011E+01
    0.28370E+02,    0.49250E+02,    0.24617E+01
    0.28450E+02,    0.50470E+02,    0.25240E+01
    0.28570E+02,    0.51690E+02,    0.25861E+01
    0.28720E+02,    0.52950E+02,    0.26503E+01
    0.28880E+02,    0.54260E+02,    0.27169E+01
    0.24080E+02,    0.52010E+02,    0.26038E+01
    0.25130E+02,    0.51970E+02,    0.26013E+01
    0.26260E+02,    0.51870E+02,    0.25958E+01
    0.27420E+02,    0.51790E+02,    0.25915E+01
    0.26300E+02,    0.53140E+02,    0.26609E+01
    0.26280E+02,    0.54430E+02,    0.27268E+01
    0.25130E+02,    0.53130E+02,    0.26609E+01
    0.24050E+02,    0.53090E+02,    0.26595E+01
    0.25000E+02,    0.54380E+02,    0.27251E+01
    0.23930E+02,    0.54140E+02,    0.27136E+01
    0.23860E+02,    0.55050E+02,    0.27605E+01
    0.27580E+02,    0.54420E+02,    0.27256E+01
    0.27520E+02,    0.53060E+02,    0.26563E+01
    0.27230E+02,    0.49290E+02,    0.24637E+01
    0.25950E+02,    0.49290E+02,    0.24636E+01
    0.24880E+02,    0.49740E+02,    0.24866E+01
    0.23890E+02,    0.49960E+02,    0.24979E+01
    0.23730E+02,    0.49040E+02,    0.24503E+01
    0.23600E+02,    0.48160E+02,    0.24048E+01
    0.24480E+02,    0.48050E+02,    0.23995E+01
    0.25310E+02,    0.47990E+02,    0.23967E+01
    0.26180E+02,    0.48090E+02,    0.24021E+01
    0.27250E+02,    0.48090E+02,    0.24024E+01
    0.24590E+02,    0.48890E+02,    0.24428E+01
    0.25290E+02,    0.48720E+02,    0.24342E+01
    0.26150E+02,    0.50630E+02,    0.25323E+01
    0.25050E+02,    0.50820E+02,    0.25422E+01
    0.24020E+02,    0.50970E+02,    0.25501E+01
    0.27320E+02,    0.50540E+02,    0.25276E+01
    0.31280E+02,    0.52560E+02,    0.26299E+01
    0.29910E+02,    0.52770E+02,    0.26408E+01
    0.31540E+02,    0.48920E+02,    0.24452E+01
    0.31660E+02,    0.50680E+02,    0.25345E+01
    0.29370E+02,    0.48040E+02,    0.24002E+01
    0.29430E+02,    0.49200E+02,    0.24593E+01
    0.29520E+02,    0.50410E+02,    0.25209E+01
    0.29620E+02,    0.51590E+02,    0.25809E+01
    0.30440E+02,    0.49130E+02,    0.24558E+01
    0.30520E+02,    0.50430E+02,    0.25219E+01
    0.30490E+02,    0.51510E+02,    0.25767E+01
    0.30220E+02,    0.48040E+02,    0.24004E+01
    0.29960E+02,    0.54030E+02,    0.27048E+01
    0.35230E+02,    0.49180E+02,    0.24586E+01
    0.34950E+02,    0.51180E+02,    0.25597E+01
    0.34900E+02,    0.52820E+02,    0.26425E+01
    0.37690E+02,    0.50130E+02,    0.25066E+01
    0.36370E+02,    0.51920E+02,    0.25969E+01
    0.34560E+02,    0.64730E+02,    0.32427E+01
    0.31110E+02,    0.65220E+02,    0.32690E+01
    0.28310E+02,    0.65170E+02,    0.32686E+01
    0.26100E+02,    0.64860E+02,    0.32551E+01
    0.31240E+02,    0.57780E+02,    0.28943E+01
    0.31000E+02,    0.60190E+02,    0.30161E+01
    0.30830E+02,    0.62590E+02,    0.31371E+01
    0.28880E+02,    0.59900E+02,    0.30028E+01
    0.26960E+02,    0.59310E+02,    0.29746E+01
    0.25380E+02,    0.59870E+02,    0.30046E+01
    0.29210E+02,    0.57710E+02,    0.28918E+01
    0.27510E+02,    0.57560E+02,    0.28854E+01
    0.26140E+02,    0.57240E+02,    0.28702E+01
    0.24820E+02,    0.57290E+02,    0.28741E+01
    0.24950E+02,    0.58570E+02,    0.29391E+01
    0.26040E+02,    0.58410E+02,    0.29298E+01
    0.26100E+02,    0.62900E+02,    0.31567E+01
    0.28220E+02,    0.62280E+02,    0.31234E+01
    0.25650E+02,    0.61320E+02,    0.30776E+01
    0.26980E+02,    0.61000E+02,    0.30600E+01
    0.32810E+02,    0.62630E+02,    0.31380E+01
    0.33050E+02,    0.60620E+02,    0.30368E+01
    0.33570E+02,    0.58140E+02,    0.29115E+01
    0.36390E+02,    0.59160E+02,    0.29621E+01
    0.34660E+02,    0.61490E+02,    0.30799E+01
    0.27650E+02,    0.68280E+02,    0.34248E+01
    0.30740E+02,    0.68420E+02,    0.34295E+01
    0.25930E+02,    0.66670E+02,    0.33460E+01
    0.00000E+00,    0.60000E+02,    0.25173E+01
    0.50000E+00,    0.59990E+02,    0.25173E+01
    0.10000E+01,    0.59950E+02,    0.25172E+01
    0.14900E+01,    0.59890E+02,    0.25171E+01
    0.19800E+01,    0.59800E+02,    0.25169E+01
    0.24700E+01,    0.59690E+02,    0.25167E+01
    0.29500E+01,    0.59560E+02,    0.25165E+01
    0.34200E+01,    0.59400E+02,    0.25161E+01
    0.38800E+01,    0.59210E+02,    0.25156E+01
    0.43400E+01,    0.59010E+02,    0.25153E+01
    0.47800E+01,    0.58780E+02,    0.25147E+01
    0.52100E+01,    0.58530E+02,    0.25143E+01
    0.56300E+01,    0.58260E+02,    0.25139E+01
    0.60400E+01,    0.57970E+02,    0.25137E+01
    0.64300E+01,    0.57660E+02,    0.25132E+01
    0.68000E+01,    0.57330E+02,    0.25124E+01
    0.71600E+01,    0.56980E+02,    0.25118E+01
    0.75000E+01,    0.56620E+02,    0.25114E+01
    0.78200E+01,    0.56230E+02,    0.25107E+01
    0.81200E+01,    0.55840E+02,    0.25101E+01
    0.84000E+01,    0.55430E+02,    0.25094E+01
    0.86600E+01,    0.55000E+02,    0.25086E+01
    0.89000E+01,    0.54560E+02,    0.25079E+01
    0.91200E+01,    0.54110E+02,    0.25073E+01
    0.93100E+01,    0.53650E+02,    0.25064E+01
    0.94800E+01,    0.53180E+02,    0.25055E+01
    0.96300E+01,    0.52710E+02,    0.25047E+01
    0.97500E+01,    0.52230E+02,    0.25039E+01
    0.98500E+01,    0.51740E+02,    0.25030E+01
    0.99200E+01,    0.51240E+02,    0.25021E+01
    0.99700E+01,    0.50750E+02,    0.25013E+01
    0.10000E+02,    0.50250E+02,    0.25004E+01
    0.10000E+02,    0.49750E+02,    0.24995E+01
    0.99700E+01,    0.49250E+02,    0.24987E+01
    0.99200E+01,    0.48760E+02,    0.24978E+01
    0.98500E+01,    0.48260E+02,    0.24969E+01
    0.97500E+01,    0.47770E+02,    0.24961E+01
    0.96300E+01,    0.47290E+02,    0.24952E+01
    0.94800E+01,    0.46820E+02,    0.24945E+01
    0.93100E+01,    0.46350E+02,    0.24936E+01
    0.91200E+01,    0.45890E+02,    0.24927E+01
    0.89000E+01,    0.45440E+02,    0.24921E+01
    0.86600E+01,    0.45000E+02,    0.24914E+01
    0.84000E+01,    0.44570E+02,    0.24905E+01
    0.81200E+01,    0.44160E+02,    0.24898E+01
    0.78200E+01,    0.43770E+02,    0.24893E+01
    0.75000E+01,    0.43380E+02,    0.24886E+01
    0.71600E+01,    0.43020E+02,    0.24881E+01
    0.68000E+01,    0.42670E+02,    0.24875E+01
    0.64300E+01,    0.42340E+02,    0.24868E+01
    0.60400E+01,    0.42030E+02,    0.24863E+01
    0.56300E+01,    0.41740E+02,    0.24860E+01
    0.52100E+01,    0.41470E+02,    0.24857E+01
    0.47800E+01,    0.41220E+02,    0.24852E+01
    0.43400E+01,    0.40990E+02,    0.24847E+01
    0.38800E+01,    0.40790E+02,    0.24843E+01
    0.34200E+01,    0.40600E+02,    0.24839E+01
    0.29500E+01,    0.40440E+02,    0.24835E+01
    0.24700E+01,    0.40310E+02,    0.24832E+01
    0.19800E+01,    0.40200E+02,    0.24830E+01
    0.14900E+01,    0.40110E+02,    0.24828E+01
    0.10000E+01,    0.40050E+02,    0.24827E+01
    0.50000E+00,    0.40010E+02,    0.24827E+01
    0.00000E+00,    0.40000E+02,    0.24827E+01
    0.00000E+00,    0.59050E+02,    0.25156E+01
    0.00000E+00,    0.58100E+02,    0.25139E+01
    0.00000E+00,    0.57140E+02,    0.25122E+01
    0.00000E+00,    0.56190E+02,    0.25106E+01
    0.00000E+00,    0.55240E+02,    0.25089E+01
    0.00000E+00,    0.54290E+02,    0.25073E+01
    0.00000E+00,    0.53330E+02,    0.25057E+01
    0.00000E+00,    0.52380E+02,    0.25041E+01
    0.00000E+00,    0.51430E+02,    0.25024E+01
    0.00000E+00,    0.50480E+02,    0.25008E+01
    0.00000E+00,    0.49520E+02,    0.24991E+01
    0.00000E+00,    0.48570E+02,    0.24975E+01
    0.00000E+00,    0.47620E+02,    0.24959E+01
    0.00000E+00,    0.46670E+02,    0.24943E+01
    0.00000E+00,    0.45710E+02,    0.24926E+01
    0.00000E+00,    0.44760E+02,    0.24910E+01
    0.00000E+00,    0.43810E+02,    0.24894E+01
    0.00000E+00,    0.42860E+02,    0.24877E+01
    0.00000E+00,    0.41900E+02,    0.24860E+01
    0.00000E+00,    0.40950E+02,    0.24844E+01
    0.60000E+00,    0.59160E+02,    0.25158E+01
    0.84000E+00,    0.58290E+02,    0.25142E+01
    0.10900E+01,    0.57150E+02,    0.25122E+01
    0.80000E+00,    0.56140E+02,    0.25105E+01
    0.76000E+00,    0.55250E+02,    0.25090E+01
    0.79000E+00,    0.54380E+02,    0.25075E+01
    0.10100E+01,    0.53450E+02,    0.25059E+01
    0.92000E+00,    0.52400E+02,    0.25041E+01
    0.91000E+00,    0.51430E+02,    0.25024E+01
    0.90000E+00,    0.50480E+02,    0.25008E+01
    0.91000E+00,    0.49530E+02,    0.24992E+01
    0.91000E+00,    0.48580E+02,    0.24975E+01
    0.93000E+00,    0.47610E+02,    0.24959E+01
    0.10100E+01,    0.46550E+02,    0.24941E+01
    0.79000E+00,    0.45620E+02,    0.24925E+01
    0.76000E+00,    0.44750E+02,    0.24910E+01
    0.80000E+00,    0.43860E+02,    0.24895E+01
    0.10900E+01,    0.42850E+02,    0.24877E+01
    0.84000E+00,    0.41700E+02,    0.24857E+01
    0.60000E+00,    0.40840E+02,    0.24842E+01
    0.10500E+01,    0.40690E+02,    0.24839E+01
    0.14900E+01,    0.40690E+02,    0.24839E+01
    0.19500E+01,    0.40730E+02,    0.24840E+01
    0.24000E+01,    0.40820E+02,    0.24842E+01
    0.28300E+01,    0.40920E+02,    0.24844E+01
    0.32500E+01,    0.41130E+02,    0.24848E+01
    0.37200E+01,    0.41290E+02,    0.24851E+01
    0.41500E+01,    0.41460E+02,    0.24855E+01
    0.45500E+01,    0.41730E+02,    0.24860E+01
    0.50000E+01,    0.41960E+02,    0.24864E+01
    0.54300E+01,    0.42180E+02,    0.24867E+01
    0.58000E+01,    0.42410E+02,    0.24870E+01
    0.61400E+01,    0.42740E+02,    0.24876E+01
    0.65100E+01,    0.43060E+02,    0.24881E+01
    0.68700E+01,    0.43380E+02,    0.24887E+01
    0.71800E+01,    0.43760E+02,    0.24893E+01
    0.75300E+01,    0.44030E+02,    0.24897E+01
    0.77700E+01,    0.44350E+02,    0.24902E+01
    0.79800E+01,    0.44730E+02,    0.24908E+01
    0.81600E+01,    0.45150E+02,    0.24916E+01
    0.83400E+01,    0.45600E+02,    0.24923E+01
    0.85000E+01,    0.46110E+02,    0.24932E+01
    0.88300E+01,    0.46500E+02,    0.24939E+01
    0.90100E+01,    0.46920E+02,    0.24946E+01
    0.91400E+01,    0.47370E+02,    0.24954E+01
    0.92500E+01,    0.47840E+02,    0.24962E+01
    0.93400E+01,    0.48310E+02,    0.24970E+01
    0.94000E+01,    0.48790E+02,    0.24979E+01
    0.94500E+01,    0.49270E+02,    0.24987E+01
    0.94800E+01,    0.49750E+02,    0.24995E+01
    0.94800E+01,    0.50240E+02,    0.25004E+01
    0.94600E+01,    0.50720E+02,    0.25012E+01
    0.94100E+01,    0.51210E+02,    0.25021E+01
    0.93400E+01,    0.51690E+02,    0.25029E+01
    0.92500E+01,    0.52160E+02,    0.25037E+01
    0.91400E+01,    0.52630E+02,    0.25046E+01
    0.90100E+01,    0.53080E+02,    0.25053E+01
    0.88300E+01,    0.53500E+02,    0.25061E+01
    0.85000E+01,    0.53890E+02,    0.25067E+01
    0.83400E+01,    0.54400E+02,    0.25076E+01
    0.81600E+01,    0.54850E+02,    0.25084E+01
    0.79800E+01,    0.55270E+02,    0.25091E+01
    0.77700E+01,    0.55650E+02,    0.25097E+01
    0.75300E+01,    0.55970E+02,    0.25103E+01
    0.71800E+01,    0.56240E+02,    0.25107E+01
    0.68700E+01,    0.56620E+02,    0.25113E+01
    0.65100E+01,    0.56940E+02,    0.25118E+01
    0.61400E+01,    0.57260E+02,    0.25124E+01
    0.58000E+01,    0.57590E+02,    0.25129E+01
    0.54300E+01,    0.57820E+02,    0.25133E+01
    0.50000E+01,    0.58040E+02,    0.25136E+01
    0.45500E+01,    0.58270E+02,    0.25140E+01
    0.41500E+01,    0.58540E+02,    0.25145E+01
    0.37200E+01,    0.58710E+02,    0.25148E+01
    0.32500E+01,    0.58870E+02,    0.25151E+01
    0.28300E+01,    0.59080E+02,    0.25156E+01
    0.24000E+01,    0.59180E+02,    0.25158E+01
    0.19500E+01,    0.59260E+02,    0.25159E+01
    0.14900E+01,    0.59310E+02,    0.25160E+01
    0.10500E+01,    0.59310E+02,    0.25160E+01
    0.17800E+01,    0.49540E+02,    0.24992E+01
    0.26000E+01,    0.49550E+02,    0.24992E+01
    0.33900E+01,    0.49540E+02,    0.24992E+01
    0.41700E+01,    0.49550E+02,    0.24992E+01
    0.49300E+01,    0.49610E+02,    0.24993E+01
    0.57500E+01,    0.49690E+02,    0.24994E+01
    0.63400E+01,    0.49720E+02,    0.24995E+01
    0.68700E+01,    0.49720E+02,    0.24995E+01
    0.74000E+01,    0.49730E+02,    0.24995E+01
    0.79300E+01,    0.49740E+02,    0.24995E+01
    0.84500E+01,    0.49750E+02,    0.24995E+01
    0.89600E+01,    0.49750E+02,    0.24995E+01
    0.17800E+01,    0.50490E+02,    0.25008E+01
    0.26000E+01,    0.50490E+02,    0.25008E+01
    0.33900E+01,    0.50520E+02,    0.25009E+01
    0.41500E+01,    0.50530E+02,    0.25009E+01
    0.48700E+01,    0.50530E+02,    0.25009E+01
    0.55300E+01,    0.50560E+02,    0.25009E+01
    0.60600E+01,    0.50710E+02,    0.25012E+01
    0.65600E+01,    0.50730E+02,    0.25012E+01
    0.70000E+01,    0.50650E+02,    0.25011E+01
    0.74600E+01,    0.50660E+02,    0.25011E+01
    0.79500E+01,    0.50670E+02,    0.25011E+01
    0.84500E+01,    0.50680E+02,    0.25012E+01
    0.89500E+01,    0.50700E+02,    0.25012E+01
    0.17700E+01,    0.51420E+02,    0.25024E+01
    0.25800E+01,    0.51420E+02,    0.25024E+01
    0.33700E+01,    0.51450E+02,    0.25025E+01
    0.42000E+01,    0.51570E+02,    0.25027E+01
    0.49000E+01,    0.51350E+02,    0.25023E+01
    0.55300E+01,    0.51320E+02,    0.25022E+01
    0.61100E+01,    0.51340E+02,    0.25023E+01
    0.67600E+01,    0.51320E+02,    0.25023E+01
    0.73300E+01,    0.51510E+02,    0.25026E+01
    0.78500E+01,    0.51580E+02,    0.25027E+01
    0.83500E+01,    0.51620E+02,    0.25028E+01
    0.88500E+01,    0.51650E+02,    0.25028E+01
    0.17800E+01,    0.52330E+02,    0.25040E+01
    0.18200E+01,    0.53190E+02,    0.25054E+01
    0.19600E+01,    0.53880E+02,    0.25066E+01
    0.19600E+01,    0.54540E+02,    0.25077E+01
    0.19700E+01,    0.55230E+02,    0.25089E+01
    0.19500E+01,    0.55890E+02,    0.25101E+01
    0.19500E+01,    0.56510E+02,    0.25111E+01
    0.18400E+01,    0.57100E+02,    0.25121E+01
    0.19400E+01,    0.57660E+02,    0.25131E+01
    0.19200E+01,    0.58220E+02,    0.25141E+01
    0.19400E+01,    0.58740E+02,    0.25150E+01
    0.14400E+01,    0.58240E+02,    0.25141E+01
    0.14900E+01,    0.58780E+02,    0.25151E+01
    0.11300E+01,    0.58790E+02,    0.25151E+01
    0.14700E+01,    0.57690E+02,    0.25132E+01
    0.13800E+01,    0.55240E+02,    0.25089E+01
    0.14200E+01,    0.55960E+02,    0.25102E+01
    0.14600E+01,    0.56540E+02,    0.25112E+01
    0.14100E+01,    0.54530E+02,    0.25077E+01
    0.14500E+01,    0.53950E+02,    0.25067E+01
    0.86800E+01,    0.52570E+02,    0.25044E+01
    0.82200E+01,    0.52530E+02,    0.25044E+01
    0.77400E+01,    0.52510E+02,    0.25043E+01
    0.72500E+01,    0.52490E+02,    0.25043E+01
    0.67400E+01,    0.52480E+02,    0.25043E+01
    0.62200E+01,    0.52510E+02,    0.25043E+01
    0.56800E+01,    0.52680E+02,    0.25046E+01
    0.50600E+01,    0.52600E+02,    0.25044E+01
    0.45200E+01,    0.52560E+02,    0.25044E+01
    0.39700E+01,    0.52390E+02,    0.25041E+01
    0.32800E+01,    0.52320E+02,    0.25040E+01
    0.25500E+01,    0.52300E+02,    0.25039E+01
    0.72700E+01,    0.52010E+02,    0.25035E+01
    0.82800E+01,    0.52080E+02,    0.25036E+01
    0.87700E+01,    0.52110E+02,    0.25036E+01
    0.77900E+01,    0.52050E+02,    0.25035E+01
    0.67300E+01,    0.51950E+02,    0.25033E+01
    0.61600E+01,    0.51960E+02,    0.25034E+01
    0.55900E+01,    0.51980E+02,    0.25034E+01
    0.50400E+01,    0.52000E+02,    0.25034E+01
    0.45800E+01,    0.52030E+02,    0.25035E+01
    0.23700E+01,    0.58720E+02,    0.25149E+01
    0.24500E+01,    0.58220E+02,    0.25141E+01
    0.24700E+01,    0.57660E+02,    0.25131E+01
    0.24800E+01,    0.57070E+02,    0.25121E+01
    0.25000E+01,    0.56480E+02,    0.25111E+01
    0.25300E+01,    0.55860E+02,    0.25100E+01
    0.25400E+01,    0.55220E+02,    0.25089E+01
    0.25600E+01,    0.54540E+02,    0.25077E+01
    0.25600E+01,    0.53850E+02,    0.25066E+01
    0.25500E+01,    0.53120E+02,    0.25053E+01
    0.76800E+01,    0.54750E+02,    0.25082E+01
    0.71900E+01,    0.54700E+02,    0.25081E+01
    0.67200E+01,    0.54670E+02,    0.25080E+01
    0.62300E+01,    0.54620E+02,    0.25079E+01
    0.56900E+01,    0.54460E+02,    0.25076E+01
    0.50600E+01,    0.54520E+02,    0.25077E+01
    0.44400E+01,    0.54570E+02,    0.25078E+01
    0.38100E+01,    0.54560E+02,    0.25078E+01
    0.31700E+01,    0.54540E+02,    0.25077E+01
    0.55400E+01,    0.53860E+02,    0.25066E+01
    0.55400E+01,    0.53270E+02,    0.25056E+01
    0.72500E+01,    0.54270E+02,    0.25074E+01
    0.72700E+01,    0.53830E+02,    0.25066E+01
    0.72500E+01,    0.53390E+02,    0.25058E+01
    0.72400E+01,    0.52950E+02,    0.25051E+01
    0.77200E+01,    0.52950E+02,    0.25051E+01
    0.77400E+01,    0.53380E+02,    0.25058E+01
    0.78900E+01,    0.53800E+02,    0.25066E+01
    0.77800E+01,    0.54310E+02,    0.25074E+01
    0.84700E+01,    0.53370E+02,    0.25058E+01
    0.81300E+01,    0.53330E+02,    0.25058E+01
    0.81600E+01,    0.52960E+02,    0.25051E+01
    0.85900E+01,    0.53000E+02,    0.25052E+01
    0.81200E+01,    0.53590E+02,    0.25062E+01
    0.83800E+01,    0.53620E+02,    0.25063E+01
    0.67600E+01,    0.52940E+02,    0.25051E+01
    0.67600E+01,    0.53390E+02,    0.25058E+01
    0.67700E+01,    0.53820E+02,    0.25066E+01
    0.67400E+01,    0.54260E+02,    0.25073E+01
    0.63000E+01,    0.54220E+02,    0.25072E+01
    0.63100E+01,    0.53820E+02,    0.25066E+01
    0.63200E+01,    0.53370E+02,    0.25058E+01
    0.63100E+01,    0.52960E+02,    0.25051E+01
    0.59300E+01,    0.53370E+02,    0.25058E+01
    0.59300E+01,    0.53800E+02,    0.25065E+01
    0.59600E+01,    0.54170E+02,    0.25071E+01
    0.59700E+01,    0.52980E+02,    0.25051E+01
    0.38200E+01,    0.53860E+02,    0.25066E+01
    0.38700E+01,    0.53150E+02,    0.25054E+01
    0.50200E+01,    0.53250E+02,    0.25056E+01
    0.44600E+01,    0.53200E+02,    0.25055E+01
    0.50100E+01,    0.53870E+02,    0.25066E+01
    0.44400E+01,    0.53880E+02,    0.25066E+01
    0.32200E+01,    0.53100E+02,    0.25053E+01
    0.32000E+01,    0.53840E+02,    0.25066E+01
    0.36000E+01,    0.58210E+02,    0.25140E+01
    0.36400E+01,    0.57670E+02,    0.25130E+01
    0.36600E+01,    0.57070E+02,    0.25120E+01
    0.36700E+01,    0.56470E+02,    0.25110E+01
    0.37200E+01,    0.55870E+02,    0.25100E+01
    0.37800E+01,    0.55240E+02,    0.25089E+01
    0.52800E+01,    0.57400E+02,    0.25126E+01
    0.52700E+01,    0.56930E+02,    0.25118E+01
    0.52100E+01,    0.56450E+02,    0.25110E+01
    0.51700E+01,    0.56030E+02,    0.25103E+01
    0.52200E+01,    0.55620E+02,    0.25096E+01
    0.51000E+01,    0.55140E+02,    0.25088E+01
    0.62400E+01,    0.56570E+02,    0.25112E+01
    0.60300E+01,    0.56140E+02,    0.25105E+01
    0.57500E+01,    0.55690E+02,    0.25097E+01
    0.57000E+01,    0.55100E+02,    0.25087E+01
    0.62300E+01,    0.55100E+02,    0.25087E+01
    0.63000E+01,    0.55560E+02,    0.25095E+01
    0.64400E+01,    0.55970E+02,    0.25102E+01
    0.66100E+01,    0.56320E+02,    0.25108E+01
    0.71500E+01,    0.55110E+02,    0.25088E+01
    0.71200E+01,    0.55490E+02,    0.25094E+01
    0.71200E+01,    0.55840E+02,    0.25100E+01
    0.67400E+01,    0.55500E+02,    0.25094E+01
    0.67100E+01,    0.55100E+02,    0.25087E+01
    0.68000E+01,    0.55860E+02,    0.25100E+01
    0.68700E+01,    0.56140E+02,    0.25105E+01
    0.75700E+01,    0.55160E+02,    0.25089E+01
    0.74600E+01,    0.55520E+02,    0.25095E+01
    0.73700E+01,    0.55780E+02,    0.25099E+01
    0.56400E+01,    0.56370E+02,    0.25109E+01
    0.55300E+01,    0.56020E+02,    0.25103E+01
    0.57800E+01,    0.56880E+02,    0.25117E+01
    0.56300E+01,    0.57280E+02,    0.25124E+01
    0.47400E+01,    0.56490E+02,    0.25111E+01
    0.42400E+01,    0.56490E+02,    0.25111E+01
    0.42900E+01,    0.55920E+02,    0.25101E+01
    0.44900E+01,    0.55310E+02,    0.25091E+01
    0.47600E+01,    0.56020E+02,    0.25103E+01
    0.48000E+01,    0.55650E+02,    0.25096E+01
    0.48300E+01,    0.57540E+02,    0.25128E+01
    0.42500E+01,    0.57740E+02,    0.25131E+01
    0.47600E+01,    0.57010E+02,    0.25119E+01
    0.42300E+01,    0.57070E+02,    0.25120E+01
    0.40100E+01,    0.58160E+02,    0.25138E+01
    0.30700E+01,    0.57070E+02,    0.25120E+01
    0.31200E+01,    0.55860E+02,    0.25100E+01
    0.31000E+01,    0.56470E+02,    0.25110E+01
    0.31500E+01,    0.55220E+02,    0.25089E+01
    0.30200E+01,    0.58340E+02,    0.25142E+01
    0.30500E+01,    0.57680E+02,    0.25131E+01
    0.27400E+01,    0.58700E+02,    0.25149E+01
    0.89100E+01,    0.51180E+02,    0.25020E+01
    0.84100E+01,    0.51150E+02,    0.25020E+01
    0.74500E+01,    0.51080E+02,    0.25018E+01
    0.70600E+01,    0.51030E+02,    0.25018E+01
    0.79200E+01,    0.51130E+02,    0.25019E+01
    0.89700E+01,    0.50220E+02,    0.25004E+01
    0.84600E+01,    0.50210E+02,    0.25003E+01
    0.79500E+01,    0.50200E+02,    0.25003E+01
    0.74400E+01,    0.50190E+02,    0.25003E+01
    0.69400E+01,    0.50200E+02,    0.25003E+01
    0.64600E+01,    0.50200E+02,    0.25003E+01
    0.60700E+01,    0.50200E+02,    0.25003E+01
    0.88300E+01,    0.48350E+02,    0.24971E+01
    0.83300E+01,    0.48370E+02,    0.24971E+01
    0.78100E+01,    0.48380E+02,    0.24972E+01
    0.72900E+01,    0.48390E+02,    0.24972E+01
    0.67600E+01,    0.48430E+02,    0.24973E+01
    0.62300E+01,    0.48510E+02,    0.24974E+01
    0.57100E+01,    0.48780E+02,    0.24979E+01
    0.49700E+01,    0.48730E+02,    0.24978E+01
    0.42200E+01,    0.48490E+02,    0.24974E+01
    0.33800E+01,    0.48590E+02,    0.24976E+01
    0.25900E+01,    0.48600E+02,    0.24976E+01
    0.17800E+01,    0.48600E+02,    0.24976E+01
    0.19400E+01,    0.41260E+02,    0.24849E+01
    0.19200E+01,    0.41780E+02,    0.24859E+01
    0.19400E+01,    0.42340E+02,    0.24868E+01
    0.18400E+01,    0.42900E+02,    0.24878E+01
    0.19500E+01,    0.43490E+02,    0.24888E+01
    0.19500E+01,    0.44110E+02,    0.24899E+01
    0.19700E+01,    0.44770E+02,    0.24910E+01
    0.19600E+01,    0.45460E+02,    0.24922E+01
    0.19600E+01,    0.46120E+02,    0.24933E+01
    0.18200E+01,    0.46810E+02,    0.24945E+01
    0.17800E+01,    0.47680E+02,    0.24960E+01
    0.14400E+01,    0.41760E+02,    0.24858E+01
    0.14700E+01,    0.42310E+02,    0.24868E+01
    0.14900E+01,    0.41220E+02,    0.24849E+01
    0.11300E+01,    0.41210E+02,    0.24848E+01
    0.13800E+01,    0.44760E+02,    0.24910E+01
    0.14100E+01,    0.45470E+02,    0.24922E+01
    0.14500E+01,    0.46050E+02,    0.24932E+01
    0.14200E+01,    0.44040E+02,    0.24898E+01
    0.14600E+01,    0.43450E+02,    0.24888E+01
    0.25600E+01,    0.47720E+02,    0.24961E+01
    0.32900E+01,    0.47700E+02,    0.24960E+01
    0.39800E+01,    0.47630E+02,    0.24959E+01
    0.45300E+01,    0.47450E+02,    0.24956E+01
    0.50700E+01,    0.47410E+02,    0.24955E+01
    0.57000E+01,    0.47330E+02,    0.24954E+01
    0.62300E+01,    0.47470E+02,    0.24956E+01
    0.67400E+01,    0.47490E+02,    0.24956E+01
    0.72400E+01,    0.47490E+02,    0.24956E+01
    0.77400E+01,    0.47480E+02,    0.24956E+01
    0.82200E+01,    0.47470E+02,    0.24956E+01
    0.86800E+01,    0.47430E+02,    0.24955E+01
    0.72600E+01,    0.47940E+02,    0.24964E+01
    0.82700E+01,    0.47910E+02,    0.24963E+01
    0.77700E+01,    0.47930E+02,    0.24964E+01
    0.87600E+01,    0.47880E+02,    0.24963E+01
    0.67300E+01,    0.47960E+02,    0.24964E+01
    0.62100E+01,    0.47990E+02,    0.24965E+01
    0.56600E+01,    0.48030E+02,    0.24966E+01
    0.50800E+01,    0.48030E+02,    0.24966E+01
    0.46000E+01,    0.48000E+02,    0.24965E+01
    0.25500E+01,    0.46890E+02,    0.24946E+01
    0.25600E+01,    0.46150E+02,    0.24934E+01
    0.25600E+01,    0.45460E+02,    0.24922E+01
    0.25400E+01,    0.44780E+02,    0.24910E+01
    0.25300E+01,    0.44140E+02,    0.24899E+01
    0.25000E+01,    0.43520E+02,    0.24889E+01
    0.24800E+01,    0.42930E+02,    0.24879E+01
    0.24700E+01,    0.42340E+02,    0.24869E+01
    0.24500E+01,    0.41780E+02,    0.24859E+01
    0.23700E+01,    0.41280E+02,    0.24850E+01
    0.31700E+01,    0.45460E+02,    0.24922E+01
    0.38100E+01,    0.45440E+02,    0.24922E+01
    0.44400E+01,    0.45430E+02,    0.24921E+01
    0.50600E+01,    0.45480E+02,    0.24922E+01
    0.56900E+01,    0.45540E+02,    0.24923E+01
    0.62300E+01,    0.45380E+02,    0.24920E+01
    0.67200E+01,    0.45330E+02,    0.24919E+01
    0.71900E+01,    0.45300E+02,    0.24919E+01
    0.76800E+01,    0.45250E+02,    0.24918E+01
    0.55400E+01,    0.46140E+02,    0.24933E+01
    0.55400E+01,    0.46730E+02,    0.24943E+01
    0.38200E+01,    0.46140E+02,    0.24934E+01
    0.38800E+01,    0.46860E+02,    0.24946E+01
    0.32300E+01,    0.46900E+02,    0.24947E+01
    0.32000E+01,    0.46160E+02,    0.24934E+01
    0.50300E+01,    0.46760E+02,    0.24944E+01
    0.44700E+01,    0.46810E+02,    0.24945E+01
    0.44400E+01,    0.46120E+02,    0.24933E+01
    0.50100E+01,    0.46130E+02,    0.24933E+01
    0.72400E+01,    0.47050E+02,    0.24949E+01
    0.72500E+01,    0.46610E+02,    0.24941E+01
    0.72700E+01,    0.46170E+02,    0.24933E+01
    0.72500E+01,    0.45730E+02,    0.24926E+01
    0.77200E+01,    0.47050E+02,    0.24949E+01
    0.77400E+01,    0.46620E+02,    0.24941E+01
    0.78900E+01,    0.46200E+02,    0.24934E+01
    0.77800E+01,    0.45690E+02,    0.24925E+01
    0.81300E+01,    0.46670E+02,    0.24942E+01
    0.84700E+01,    0.46630E+02,    0.24941E+01
    0.81600E+01,    0.47040E+02,    0.24948E+01
    0.85900E+01,    0.47000E+02,    0.24947E+01
    0.83800E+01,    0.46380E+02,    0.24937E+01
    0.81200E+01,    0.46410E+02,    0.24937E+01
    0.67400E+01,    0.45740E+02,    0.24926E+01
    0.67700E+01,    0.46180E+02,    0.24934E+01
    0.67600E+01,    0.46610E+02,    0.24941E+01
    0.67600E+01,    0.47050E+02,    0.24949E+01
    0.63000E+01,    0.45780E+02,    0.24927E+01
    0.63100E+01,    0.46180E+02,    0.24934E+01
    0.63200E+01,    0.46630E+02,    0.24942E+01
    0.63200E+01,    0.47040E+02,    0.24949E+01
    0.59300E+01,    0.46630E+02,    0.24942E+01
    0.59300E+01,    0.46200E+02,    0.24934E+01
    0.59600E+01,    0.45830E+02,    0.24928E+01
    0.59700E+01,    0.47020E+02,    0.24948E+01
    0.37800E+01,    0.44760E+02,    0.24910E+01
    0.37200E+01,    0.44130E+02,    0.24899E+01
    0.36700E+01,    0.43530E+02,    0.24889E+01
    0.36600E+01,    0.42930E+02,    0.24879E+01
    0.36400E+01,    0.42330E+02,    0.24869E+01
    0.36000E+01,    0.41790E+02,    0.24860E+01
    0.51000E+01,    0.44860E+02,    0.24912E+01
    0.52200E+01,    0.44380E+02,    0.24904E+01
    0.51700E+01,    0.43970E+02,    0.24897E+01
    0.52100E+01,    0.43550E+02,    0.24890E+01
    0.52700E+01,    0.43070E+02,    0.24882E+01
    0.52800E+01,    0.42600E+02,    0.24874E+01
    0.57000E+01,    0.44900E+02,    0.24912E+01
    0.57500E+01,    0.44310E+02,    0.24902E+01
    0.60300E+01,    0.43860E+02,    0.24895E+01
    0.62400E+01,    0.43430E+02,    0.24887E+01
    0.62300E+01,    0.44900E+02,    0.24912E+01
    0.63000E+01,    0.44440E+02,    0.24904E+01
    0.64400E+01,    0.44030E+02,    0.24897E+01
    0.66100E+01,    0.43680E+02,    0.24892E+01
    0.71500E+01,    0.44890E+02,    0.24912E+01
    0.71200E+01,    0.44510E+02,    0.24905E+01
    0.71200E+01,    0.44160E+02,    0.24899E+01
    0.75700E+01,    0.44840E+02,    0.24911E+01
    0.74600E+01,    0.44480E+02,    0.24905E+01
    0.73700E+01,    0.44220E+02,    0.24900E+01
    0.67400E+01,    0.44500E+02,    0.24905E+01
    0.68000E+01,    0.44140E+02,    0.24899E+01
    0.68700E+01,    0.43860E+02,    0.24894E+01
    0.67100E+01,    0.44900E+02,    0.24912E+01
    0.56400E+01,    0.43630E+02,    0.24891E+01
    0.57800E+01,    0.43120E+02,    0.24882E+01
    0.56300E+01,    0.42720E+02,    0.24876E+01
    0.55300E+01,    0.43980E+02,    0.24897E+01
    0.42400E+01,    0.43510E+02,    0.24889E+01
    0.47400E+01,    0.43510E+02,    0.24889E+01
    0.44900E+01,    0.44690E+02,    0.24909E+01
    0.42900E+01,    0.44080E+02,    0.24899E+01
    0.47600E+01,    0.43980E+02,    0.24897E+01
    0.48000E+01,    0.44350E+02,    0.24903E+01
    0.42500E+01,    0.42260E+02,    0.24868E+01
    0.48300E+01,    0.42460E+02,    0.24872E+01
    0.47600E+01,    0.42990E+02,    0.24880E+01
    0.42300E+01,    0.42930E+02,    0.24879E+01
    0.40100E+01,    0.41840E+02,    0.24861E+01
    0.30700E+01,    0.42930E+02,    0.24879E+01
    0.31200E+01,    0.44140E+02,    0.24900E+01
    0.31500E+01,    0.44780E+02,    0.24910E+01
    0.31000E+01,    0.43530E+02,    0.24889E+01
    0.30200E+01,    0.41660E+02,    0.24857E+01
    0.30500E+01,    0.42330E+02,    0.24869E+01
    0.27400E+01,    0.41300E+02,    0.24851E+01
    0.73600E+01,    0.49280E+02,    0.24987E+01
    0.73200E+01,    0.48840E+02,    0.24980E+01
    0.83800E+01,    0.48820E+02,    0.24979E+01
    0.84200E+01,    0.49280E+02,    0.24987E+01
    0.78500E+01,    0.48830E+02,    0.24979E+01
    0.78900E+01,    0.49280E+02,    0.24987E+01
    0.88900E+01,    0.48810E+02,    0.24979E+01
    0.89400E+01,    0.49280E+02,    0.24987E+01
    0.63600E+01,    0.49290E+02,    0.24987E+01
    0.63400E+01,    0.48900E+02,    0.24981E+01
    0.68000E+01,    0.48850E+02,    0.24980E+01
    0.68400E+01,    0.49280E+02,    0.24987E+01
    0.59900E+01,    0.48980E+02,    0.24982E+01
    0.60200E+01,    0.49310E+02,    0.24988E+01
