tita [grados], phi [V]
0.0, 0.49996
0.0, 0.48237
0.0, 0.46326
0.0, 0.44171
0.0, 0.42017
0.0, 0.39899
0.0, 0.37816
0.0, 0.35992
0.0, 0.34385
0.280136693521, 0.36239
0.283083144383, 0.47953
0.351556761608, 0.49996
0.351557034433, 0.34386
0.469996232136, 0.38559
0.473797092407, 0.45553
0.546991170569, 0.42073
0.578315464265, 0.36096
0.58051432564, 0.48072
0.703132734376, 0.34387
0.703168821414, 0.49996
0.874803932724, 0.48612
0.882395419384, 0.37359
0.883034563542, 0.35609
0.890994130995, 0.46755
0.952713402677, 0.3983
0.9708101123, 0.44318
1.05470608601, 0.34388
1.05473522651, 0.49996
1.18321086624, 0.48352
1.19394160604, 0.35833
1.24975927943, 0.42146
1.2876696195, 0.37661
1.30985928461, 0.46446
1.40621243527, 0.34391
1.40623524952, 0.49996
1.50247879271, 0.48488
1.51298965913, 0.3972
1.52973591913, 0.35848
1.61770788573, 0.4458
1.68468765794, 0.47201
1.72188309148, 0.37471
1.75784726369, 0.34394
1.75787547603, 0.49996
1.79393213674, 0.41904
1.86107430923, 0.35652
1.93267114625, 0.4845
2.0243263447, 0.46386
2.05861376113, 0.39083
2.09774420733, 0.36642
2.10937459005, 0.34397
2.10940944265, 0.49996
2.19437326529, 0.44062
2.247655433, 0.41208
2.25234378835, 0.48227
2.34097471723, 0.35663
2.46063223713, 0.37572
2.46086800008, 0.49996
2.46100231881, 0.34401
2.47883028441, 0.46405
2.55272502146, 0.48524
2.6110823205, 0.4227
2.66427164349, 0.35832
2.69543839834, 0.39647
2.77702390539, 0.44379
2.78190578864, 0.4784
2.81250586287, 0.49996
2.81259116511, 0.34406
2.91616581208, 0.37419
2.99665697126, 0.46269
3.00308098716, 0.35664
3.06688390974, 0.48303
3.07385048765, 0.41698
3.16397129803, 0.49996
3.1640602134, 0.34411
3.25097575276, 0.38983
3.33117715472, 0.44125
3.3311793066, 0.36404
3.36351540425, 0.46801
3.36637691322, 0.48581
3.51570371997, 0.49996
3.515717728, 0.34417
3.56946310537, 0.41158
3.67632169132, 0.48177
3.679974395, 0.35975
3.70285356839, 0.45751
3.76767635254, 0.38304
3.86212540854, 0.43333
3.8672151415, 0.34424
3.86728123565, 0.49996
3.92374863715, 0.47028
4.02517574643, 0.48634
4.03165375609, 0.36204
4.08406245009, 0.40617
4.18002486517, 0.45345
4.2126574036, 0.47297
4.21858061602, 0.34431
4.21873471178, 0.49996
4.33785480972, 0.38122
4.37519359881, 0.42966
4.37746814807, 0.35888
4.38248845995, 0.48611
4.49963800909, 0.46919
4.57016823759, 0.34439
4.570380163, 0.49996
4.61252426603, 0.40552
4.64907922966, 0.45096
4.71194440726, 0.48479
4.71836752973, 0.36159
4.82436425337, 0.469
4.86597446672, 0.38224
4.89737654318, 0.43001
4.9219191698, 0.49996
4.92199755351, 0.34447
5.04157292133, 0.48206
5.10402320654, 0.36144
5.11342480548, 0.45691
5.1148496273, 0.40403
5.27319379319, 0.34456
5.27326839221, 0.49996
5.29039870207, 0.37966
5.36479421197, 0.48153
5.42798455204, 0.42978
5.44442196319, 0.36052
5.53550678275, 0.39803
5.58597982964, 0.46132
5.61956754322, 0.37555
5.62490622532, 0.49996
5.62534390565, 0.34465
5.74690069924, 0.48388
5.77003705795, 0.35839
5.9076973557, 0.38819
5.92520152251, 0.3706
5.93823750622, 0.41479
5.9762580441, 0.49996
5.97664556551, 0.34475
5.97742450457, 0.44525
6.08373739084, 0.47757
6.11682683804, 0.35812
6.22368822701, 0.37465
6.29516451911, 0.3964
6.32795901133, 0.34486
6.3280433188, 0.49996
6.3681838191, 0.45939
6.43070441728, 0.35949
6.50273618801, 0.48227
6.54826112354, 0.42697
6.55932002657, 0.37703
6.67926598743, 0.34497
6.67984504881, 0.49996
6.70775288185, 0.36266
6.71852177699, 0.39645
6.78568299776, 0.46008
6.87175151447, 0.48323
6.93526036092, 0.35807
6.97196609006, 0.37734
7.03106807211, 0.49996
7.0312079806, 0.34508
7.13136549286, 0.40607
7.15165163401, 0.43866
7.19665618027, 0.4682
7.20245183075, 0.48684
7.22163301671, 0.36154
7.37640815401, 0.38249
7.3826159051, 0.34521
7.38299165827, 0.49996
7.51349134152, 0.48239
7.52829501653, 0.36209
7.57652210382, 0.45725
7.68994342998, 0.42068
7.73435509632, 0.49996
7.73473965121, 0.34533
7.78922345603, 0.38661
7.81043848316, 0.36596
7.81250615008, 0.47966
7.98102919246, 0.45616
7.99282899296, 0.3574
8.08557690243, 0.34547
8.08570059709, 0.49996
8.09621415238, 0.47848
8.21406139755, 0.37422
8.23331919869, 0.40074
8.25049830556, 0.43341
8.28727576935, 0.35742
8.32910545247, 0.4855
8.39540693674, 0.46475
8.43727563354, 0.49996
8.43794496388, 0.34561
8.59530611869, 0.36134
8.62912136728, 0.483
8.65193643464, 0.4455
8.68911392135, 0.3823
8.78885040908, 0.49996
8.78897546875, 0.34575
8.79571829903, 0.41315
8.81361821879, 0.46595
8.96059540164, 0.48346
8.97365376255, 0.36368
9.06982559159, 0.44278
9.14027792694, 0.3459
9.14074293633, 0.49996
9.17301747445, 0.46582
9.2161022233, 0.38757
9.27433544115, 0.48344
9.34106644453, 0.36367
9.35842319463, 0.41736
9.47733427515, 0.4477
9.49208766569, 0.49996
9.49246484708, 0.34606
9.51902455268, 0.46808
9.54937583876, 0.48658
9.63374103311, 0.3801
9.67123063943, 0.36036
9.77272952743, 0.43033
9.77766828677, 0.47868
9.81812110021, 0.40326
9.84342438067, 0.49996
9.84413829841, 0.34622
9.89928915704, 0.3711
9.95658348345, 0.45582
9.99570204621, 0.35758
10.0547892593, 0.48262
10.0958876656, 0.38436
10.1951768578, 0.49996
10.1952734451, 0.34639
10.2003352126, 0.42796
10.214138595, 0.36735
10.3491451233, 0.46833
10.3604450573, 0.40187
10.3864250636, 0.48746
10.4291930504, 0.35949
10.5303858484, 0.37812
10.5463821265, 0.34657
10.5469388605, 0.49996
10.5484286602, 0.44941
10.6916603105, 0.48082
10.694252182, 0.42212
10.7320062034, 0.36122
10.8614919493, 0.39533
10.8979337345, 0.34675
10.8981212694, 0.49996
10.9509034519, 0.46519
10.9789476771, 0.3745
11.0016740507, 0.48639
11.0479289123, 0.44126
11.0585387988, 0.35883
11.177072997, 0.41379
11.2390336375, 0.47941
11.2498173735, 0.49996
11.2500023588, 0.34693
11.3696331481, 0.3627
11.3836007881, 0.38483
11.4020467252, 0.46034
11.4927653852, 0.48432
11.5108566732, 0.43499
11.6009540127, 0.49996
11.602099183, 0.34713
11.6022620214, 0.40613
11.6996058157, 0.47061
11.7276677689, 0.36571
11.8223193668, 0.48603
11.874358857, 0.45165
11.9082740019, 0.42334
11.9497114285, 0.38794
11.9532539934, 0.49996
11.9536637596, 0.34732
12.01973685, 0.47062
12.1065568871, 0.36337
12.1570427356, 0.4847
12.23310749, 0.41095
12.2853910672, 0.44036
12.3046716911, 0.34753
12.3050132311, 0.49996
12.3275853975, 0.37634
12.3470812849, 0.46562
12.4736449089, 0.39415
12.476681077, 0.48397
12.4818356808, 0.36163
12.6562074103, 0.49996
12.6562942807, 0.34774
12.6735678041, 0.42149
12.6864296492, 0.37689
12.7449356378, 0.45169
12.8047706361, 0.47897
12.8121853664, 0.36126
12.9142326914, 0.39729
13.0073770707, 0.34795
13.0081020521, 0.49996
13.0259286857, 0.37425
13.1595767793, 0.46303
13.1732621816, 0.48454
13.2523508111, 0.42761
13.3104713795, 0.36711
13.3233973754, 0.39158
13.3591566448, 0.34817
13.3600093924, 0.49996
13.5315087474, 0.48098
13.572026002, 0.45716
13.5790671126, 0.36111
13.6672539093, 0.37915
13.7104132737, 0.3484
13.7107896199, 0.49996
13.7734849832, 0.40674
13.8727756056, 0.48481
13.8910622201, 0.43668
13.9173109018, 0.36421
13.9727292279, 0.46601
14.0629251129, 0.49996
14.0629780465, 0.34863
14.1241374178, 0.38632
14.2063462962, 0.48461
14.2733622362, 0.36518
14.3078191133, 0.44919
14.3453938231, 0.46987
14.3826417119, 0.41659
14.4145065623, 0.34887
14.4145104914, 0.49996
14.5618166383, 0.38539
14.5658294178, 0.48411
14.5975706422, 0.36419
14.6750097574, 0.46502
14.6898699388, 0.44276
14.7655218894, 0.49996
14.7660325854, 0.34911
14.8369334255, 0.37516
14.8526975226, 0.40358
14.9098940727, 0.3608
14.9345359807, 0.48135
14.9883793137, 0.42679
15.0812513158, 0.38716
15.1141580113, 0.45681
15.1164761078, 0.34936
15.1168766726, 0.49996
15.1444145535, 0.36928
15.3363136111, 0.4801
15.3742697513, 0.3626
15.3861707227, 0.40699
15.4409076176, 0.43479
15.4619980948, 0.38174
15.4682319921, 0.49996
15.4683231146, 0.34962
15.6572730016, 0.45821
15.688004532, 0.36657
15.7125797648, 0.48213
15.8205721214, 0.49996
15.820594004, 0.34988
15.8540518769, 0.42218
15.86750212, 0.39471
15.9906033121, 0.3606
15.9998171624, 0.37523
16.0352826848, 0.48661
16.0704136322, 0.46963
16.1452214499, 0.44643
16.1713729292, 0.35015
16.1723791364, 0.49996
16.2807697278, 0.38287
16.296476155, 0.36447
16.3055666061, 0.42461
16.3297055113, 0.40228
16.3761307419, 0.48283
16.4812625748, 0.46243
16.5236294053, 0.49996
16.5241464508, 0.35042
16.5540114297, 0.37084
16.5797038702, 0.38655
16.6719963278, 0.41714
16.7036172566, 0.48775
16.7133954924, 0.47425
16.7310148791, 0.44108
16.7679969741, 0.3631
16.7895283471, 0.39873
16.8748565236, 0.3507
16.8754144364, 0.49996
16.8907630339, 0.37892
16.9616788132, 0.46236
17.0468883317, 0.48253
17.0793554389, 0.3643
17.1325873084, 0.41757
17.1748458838, 0.39398
17.2266155327, 0.35098
17.227212468, 0.49996
17.2550393086, 0.37756
17.3003686184, 0.44476
17.3875188673, 0.46836
17.3898920254, 0.48628
17.4334394259, 0.36543
17.577847979, 0.35127
17.5784507716, 0.49996
17.6317446714, 0.38852
17.7189257448, 0.42135
17.7204794204, 0.48127
17.7632709069, 0.36703
17.8330273261, 0.45661
17.9296910893, 0.35157
17.9303248605, 0.49996
18.0477784639, 0.48237
18.1211957271, 0.37192
18.1458883303, 0.39705
18.2815447557, 0.35187
18.2816618063, 0.49996
18.2842899307, 0.42539
18.2922892248, 0.45108
18.3053620027, 0.47071
18.3694584759, 0.48682
18.4802114856, 0.36681
18.5377541282, 0.38604
18.6323483327, 0.35217
18.6324384739, 0.49996
18.6379999101, 0.48262
18.6784392018, 0.46334
18.7149477987, 0.43961
18.736750845, 0.4092
18.7884448877, 0.37489
18.8134956237, 0.36281
18.9365658848, 0.4795
18.9843728782, 0.35248
18.9844957088, 0.49996
18.9909027084, 0.38754
19.0987026247, 0.43004
19.1324058849, 0.36782
19.1487009542, 0.45754
19.2567131242, 0.48196
19.3041944959, 0.40407
19.3353685891, 0.3528
19.3360131194, 0.49996
19.4150992011, 0.38109
19.4734004455, 0.42498
19.490182299, 0.36501
19.5708562753, 0.48667
19.5903439509, 0.46871
19.6595027924, 0.44525
19.6876676953, 0.35312
19.6883585069, 0.49996
19.7942972812, 0.39301
19.8398732321, 0.37007
19.8449549871, 0.41842
19.8990025429, 0.48233
20.0001664312, 0.46079
20.0382233576, 0.49996
20.0394719045, 0.35345
20.1868375087, 0.38266
20.1898118416, 0.3661
20.2179593401, 0.43646
20.2206036018, 0.48788
20.2253925961, 0.47435
20.2280967072, 0.40636
20.3907580915, 0.35379
20.3914747003, 0.49996
20.4271030097, 0.46022
20.4884883334, 0.36991
20.554711806, 0.48224
20.5582431252, 0.38948
20.6481319171, 0.41573
20.7381630121, 0.44236
20.7416639905, 0.49996
20.7429256198, 0.35413
20.7904699998, 0.37228
20.8160070404, 0.46622
20.9247836679, 0.48474
20.9797764988, 0.39394
21.072660839, 0.37153
21.0933322749, 0.49996
21.0945942421, 0.35447
21.1921989037, 0.47132
21.2034830013, 0.42298
21.2092182876, 0.45194
21.2851698937, 0.48573
21.3093251576, 0.38268
21.3657843846, 0.36769
21.4444605533, 0.49996
21.4452331549, 0.35482
21.4645294337, 0.39888
21.5840677007, 0.46725
21.5970555965, 0.4854
21.6281698695, 0.38014
21.6557430951, 0.44344
21.6635665349, 0.36651
21.7589818203, 0.41669
21.7971536431, 0.49996
21.7973562041, 0.35518
21.8814446572, 0.39182
21.9167130222, 0.48236
21.9598744547, 0.37186
22.0712703939, 0.46044
22.1219757426, 0.43387
22.1487961773, 0.49996
22.1489766364, 0.35554
22.214872117, 0.40635
22.2750731119, 0.36763
22.2775495306, 0.48333
22.2788410903, 0.38455
22.4993695478, 0.49996
22.4995676192, 0.3559
22.5341302286, 0.4682
22.5437318361, 0.42054
22.5845744485, 0.3723
22.5900110048, 0.44479
22.6203037709, 0.487
22.7304904408, 0.39549
22.8512295049, 0.35627
22.8516084235, 0.49996
22.8640469291, 0.47967
22.8836921461, 0.37535
22.9393521626, 0.46104
22.9769855816, 0.41997
23.0974394302, 0.48776
23.1160023709, 0.36826
23.1288881019, 0.44118
23.1844980691, 0.4732
23.1878832941, 0.38454
23.2023878922, 0.35665
23.2033302596, 0.49996
23.2308352948, 0.40221
23.4070889787, 0.45871
23.4142628459, 0.37227
23.42085135, 0.48315
23.5539874683, 0.49996
23.5552008741, 0.35703
23.5649386328, 0.42285
23.5955475881, 0.39108
23.7227847111, 0.37217
23.7287068052, 0.48793
23.7536504205, 0.4718
23.8348587351, 0.44901
23.9064076874, 0.49996
23.9065290487, 0.35742
23.9946505874, 0.3847
24.0127339894, 0.40504
24.0356405315, 0.36913
24.0553595935, 0.48581
24.1659399124, 0.46967
24.1701226126, 0.42825
24.2577888445, 0.49996
24.25785056, 0.35782
24.306807749, 0.37373
24.3102679039, 0.45243
24.3747712513, 0.39161
24.393292726, 0.48442
24.5724497787, 0.37557
24.5962578474, 0.46772
24.6086340244, 0.49997
24.609660805, 0.41295
24.609923008, 0.35822
24.6515146087, 0.44079
24.6904085465, 0.48653
24.7718254833, 0.39093
24.8443057745, 0.37225
24.919956634, 0.47948
24.9608195742, 0.49997
24.9615104102, 0.35862
25.0342996659, 0.45851
25.0513634022, 0.42979
25.141094311, 0.38361
25.1472544093, 0.3692
25.1559103841, 0.40461
25.2163129884, 0.48287
25.3120972238, 0.35903
25.3124918473, 0.49997
25.457477128, 0.37198
25.4671403328, 0.44498
25.4749211975, 0.4684
25.4837411722, 0.38671
25.5358127422, 0.42171
25.5490959848, 0.48561
25.6389093085, 0.40086
25.6645207649, 0.35944
25.66507744, 0.49997
25.7854981588, 0.37236
25.8260301891, 0.38613
25.8391619519, 0.45793
25.8534879682, 0.48841
25.872490745, 0.47486
25.9783660823, 0.41215
26.0151769906, 0.49997
26.0159656385, 0.35986
26.063733733, 0.43605
26.1079794066, 0.39486
26.119787951, 0.37622
26.1827451548, 0.48445
26.3013845053, 0.46327
26.366218617, 0.49997
26.3664141748, 0.36028
26.4323880468, 0.38971
26.432677644, 0.37299
26.4700696738, 0.41317
26.5390654274, 0.48323
26.6267828305, 0.43958
26.6952463017, 0.37914
26.7183022396, 0.36071
26.7193079824, 0.49997
26.752875641, 0.46458
26.7871123529, 0.39799
26.8754382928, 0.48407
26.9354136818, 0.37136
26.9843765352, 0.3843
27.0209860513, 0.41938
27.0697048502, 0.36115
27.0713999654, 0.49997
27.0893333555, 0.44707
27.1329953402, 0.46949
27.1748020048, 0.48726
27.2006673004, 0.39639
27.2549293769, 0.37603
27.4226287315, 0.36159
27.4229860571, 0.49997
27.4362497722, 0.48117
27.4754250222, 0.43358
27.5591494512, 0.45988
27.563934102, 0.38707
27.5675691589, 0.4083
27.5754272137, 0.37255
27.7466075162, 0.48181
27.7735376796, 0.49997
27.7746030802, 0.36203
27.8855538871, 0.37581
27.9118586622, 0.42373
27.9159382884, 0.39205
27.9771170308, 0.44455
28.0361759705, 0.46649
28.0532098995, 0.48463
28.0770523314, 0.40619
28.1256106125, 0.36249
28.1257392318, 0.49997
28.1673468762, 0.38165
28.3404352138, 0.48735
28.40879134, 0.47222
28.41406352, 0.39729
28.425479287, 0.42338
28.4390680493, 0.37879
28.4624844758, 0.45029
28.4756344298, 0.36294
28.4769352894, 0.49997
28.673459025, 0.48478
28.7056550493, 0.37436
28.7663901484, 0.38926
28.8271094743, 0.49997
28.8272888293, 0.3634
28.8435296642, 0.46539
28.8623255307, 0.40925
28.9663308845, 0.43517
29.0208293757, 0.48534
29.024616769, 0.3772
29.1566136453, 0.39346
29.1795392136, 0.49997
29.1811216162, 0.36387
29.2418946161, 0.47265
29.2426272368, 0.45467
29.3598448695, 0.37795
29.3830333608, 0.48586
29.3988696862, 0.41454
29.5308698287, 0.36434
29.530972741, 0.49997
29.5357430801, 0.39355
29.5360177311, 0.43927
29.6095284536, 0.46533
29.7126485013, 0.48481
29.7204552968, 0.37894
29.8828182223, 0.36482
29.8842485966, 0.49997
29.9119513311, 0.42352
29.9645503338, 0.40005
29.9771031553, 0.47218
29.9957373612, 0.44943
30.0607358718, 0.4876
30.0745306138, 0.37989
30.233671908, 0.49997
30.2338133397, 0.3653
30.3074539512, 0.46622
30.3279237191, 0.432
30.3852906417, 0.39246
30.3894625535, 0.37718
30.3921758587, 0.48397
30.4472784056, 0.41205
30.5038124904, 0.45006
30.5849666318, 0.49997
30.5861455926, 0.36578
30.6415486236, 0.46933
30.6672799906, 0.38123
30.7412339568, 0.39781
30.7447833714, 0.4854
30.7618728699, 0.43261
30.8622256401, 0.45532
30.9137521657, 0.41392
30.9380210997, 0.36628
30.9382078909, 0.49997
30.9505687177, 0.38386
30.9807822948, 0.47214
31.0782098122, 0.48742
31.1005343994, 0.44469
31.1119717628, 0.3987
31.1825860329, 0.42886
31.2336158858, 0.46115
31.2570936245, 0.38351
31.2880087355, 0.49997
31.2884858503, 0.36677
31.313826633, 0.47853
31.3497388641, 0.41258
31.4975658195, 0.37599
31.50488929, 0.3985
31.5228800058, 0.4472
31.5907679077, 0.46804
31.5974107384, 0.42785
31.6013017843, 0.48629
31.6038293198, 0.38657
31.6392937789, 0.49997
31.6413207537, 0.36728
31.8441719248, 0.37815
31.8843539821, 0.41197
31.9184923011, 0.39307
31.9352148117, 0.47926
31.9772772572, 0.45732
31.9926289484, 0.49997
31.9927735036, 0.36778
32.0119087206, 0.43552
32.1903708159, 0.38154
32.2308548352, 0.48686
32.293651858, 0.39913
32.3424418967, 0.49997
32.3428160828, 0.46946
32.3437555482, 0.36829
32.3707959972, 0.4208
32.485886643, 0.44648
32.5452366327, 0.3853
32.5616530258, 0.48467
32.674325077, 0.40544
32.693848115, 0.49997
32.6962750288, 0.36881
32.745974156, 0.4669
32.8332893629, 0.42711
32.8545519033, 0.38034
32.893229277, 0.48423
32.9310544405, 0.3934
33.0054825982, 0.44874
33.0474073555, 0.49997
33.0478879014, 0.36933
33.0858940781, 0.41003
33.1445461344, 0.46986
33.1893477805, 0.38171
33.2332404012, 0.48634
33.2587392433, 0.39458
33.3612725821, 0.42921
33.3973636145, 0.49997
33.3985785798, 0.36986
33.4586843872, 0.45575
33.4970302085, 0.40626
33.5288767666, 0.38504
33.532233959, 0.47869
33.7490216276, 0.49997
33.7513634075, 0.37039
33.8187792526, 0.44074
33.8473051995, 0.39555
33.850213636, 0.48605
33.8630080946, 0.38122
33.8988886461, 0.41597
33.9097408062, 0.46588
34.1027992293, 0.37093
34.1029347853, 0.49997
34.1615425629, 0.38448
34.1762265721, 0.48433
34.2164320615, 0.39954
34.261477201, 0.42955
34.3140704971, 0.44911
34.384674407, 0.46891
34.4215489881, 0.4127
34.4462366281, 0.38825
34.452692712, 0.49997
34.4537763182, 0.37147
34.4740222014, 0.48421
34.704536343, 0.48896
34.7077058785, 0.384
34.7193781268, 0.4011
34.7548560968, 0.47503
34.7565362669, 0.45627
34.8033779356, 0.37201
34.8047346579, 0.49997
34.8096325761, 0.4297
35.0074342179, 0.48678
35.033864622, 0.38907
35.1132284422, 0.47149
35.1493839291, 0.4094
35.1551830032, 0.37257
35.155833692, 0.49997
35.201672639, 0.45096
35.3314105643, 0.38361
35.3459394891, 0.4859
35.4215503434, 0.42942
35.4618521562, 0.39745
35.5088147002, 0.37312
35.5088369105, 0.49997
35.5123217447, 0.47016
35.6437915817, 0.38376
35.6689801177, 0.45158
35.6968314058, 0.48514
35.7874367069, 0.41301
35.8503848596, 0.39358
35.8580379518, 0.49997
35.8588370495, 0.37368
35.9697299553, 0.43646
35.9840268734, 0.46704
36.0381019272, 0.48642
36.1003138575, 0.38547
36.1853477576, 0.40124
36.2107147605, 0.37424
36.2125609389, 0.49997
36.2877449278, 0.42047
36.3743358308, 0.48466
36.3897185319, 0.46554
36.4246151333, 0.38834
36.447530011, 0.44407
36.5612697167, 0.37481
36.5627890666, 0.49997
36.5686395317, 0.40458
36.646460123, 0.47583
36.7350711446, 0.48804
36.7352230945, 0.42479
36.7730692638, 0.39005
36.7838890267, 0.46062
36.9146433383, 0.37539
36.9155063537, 0.49997
36.9464181804, 0.40844
36.9744082864, 0.44402
36.9809582869, 0.47636
37.08121623, 0.48875
37.0870086459, 0.38498
37.0987231057, 0.39566
37.1938034904, 0.46414
37.2466220729, 0.42573
37.2667228844, 0.37596
37.2668578909, 0.49997
37.329691284, 0.40524
37.3791760019, 0.48385
37.4159668374, 0.38896
37.4368014539, 0.44913
37.5694895678, 0.46931
37.6172901633, 0.49997
37.617499924, 0.37655
37.6323943366, 0.41416
37.6425137958, 0.39888
37.7205115265, 0.43436
37.734344416, 0.48691
37.8248741301, 0.38874
37.916831786, 0.47479
37.9412651401, 0.45572
37.9673966589, 0.37714
37.9703147959, 0.49997
37.9704906329, 0.40284
37.9932656401, 0.41913
38.1187940072, 0.48769
38.188361574, 0.39187
38.2260842049, 0.43648
38.2777747639, 0.47294
38.3188959287, 0.49997
38.319782498, 0.37773
38.3856488255, 0.41417
38.4697039437, 0.48744
38.4799382422, 0.45634
38.4895661822, 0.38739
38.5919062007, 0.39913
38.6708866538, 0.37833
38.6732307862, 0.49997
38.6961357787, 0.47488
38.7727929266, 0.43633
38.8321766366, 0.48847
38.8343637056, 0.38843
38.869391665, 0.41307
38.9734019869, 0.39863
38.989489918, 0.46217
39.0230997857, 0.49997
39.0245611219, 0.37893
39.1361452978, 0.48249
39.1883394798, 0.38979
39.254874445, 0.42424
39.3140731602, 0.40386
39.3256394832, 0.447
39.3735247735, 0.37953
39.3752345054, 0.49997
39.4789633537, 0.46986
39.4874489979, 0.48754
39.5297145348, 0.39107
39.6153783319, 0.41413
39.7136447032, 0.40167
39.7250873774, 0.38014
39.7264888523, 0.49997
39.732052321, 0.4321
39.8131583911, 0.48619
39.8293237695, 0.45267
39.8767067208, 0.39019
39.9311427366, 0.47068
40.0254575642, 0.40005
40.0285636971, 0.41535
40.0768498562, 0.49997
40.0788951447, 0.38076
40.1099367976, 0.48376
40.2680624245, 0.3917
40.2686164158, 0.436
40.2840312867, 0.47203
40.2984429164, 0.45778
40.3175243348, 0.404
40.3186506373, 0.49074
40.4283556348, 0.38138
40.4295841925, 0.49997
40.4481326898, 0.48041
40.4930066299, 0.41653
40.5920251371, 0.39092
40.6261854534, 0.40191
40.6672658259, 0.48728
40.6700439002, 0.46952
40.7506133932, 0.45026
40.7800940558, 0.382
40.7814577327, 0.49997
40.8079194529, 0.43042
40.899771132, 0.41146
40.912725647, 0.39384
40.9522861217, 0.47783
40.9829365844, 0.48965
41.0721334836, 0.46217
41.1149166455, 0.4019
41.1324576651, 0.49997
41.134590855, 0.38263
41.1742200884, 0.42487
41.2458771046, 0.47444
41.2754846117, 0.39185
41.2807097927, 0.44338
41.2893695573, 0.41262
41.3133640486, 0.48793
41.4149824986, 0.40112
41.4842700782, 0.38326
41.4859375782, 0.49997
41.528695438, 0.46118
41.5533856486, 0.4777
41.5994432784, 0.42574
41.623094135, 0.40907
41.6409132873, 0.39386
41.6922122764, 0.48828
41.8343275841, 0.49997
41.8363293415, 0.38389
41.8511177782, 0.40162
41.8848671998, 0.47301
41.9189386405, 0.44524
41.9350541636, 0.41318
42.023043679, 0.39329
42.0321297803, 0.48775
42.0561598561, 0.42567
42.1483799074, 0.40415
42.1856638642, 0.49997
42.1875769214, 0.38453
42.1937624446, 0.46067
42.2673509774, 0.47739
42.3445327947, 0.41393
42.3732105688, 0.39631
42.4018329376, 0.489
42.4423927582, 0.43145
42.5375978201, 0.38518
42.5395902049, 0.49997
42.5541043284, 0.46633
42.5941210055, 0.40596
42.6257760642, 0.44873
42.6545957883, 0.47877
42.7194627689, 0.41807
42.728690519, 0.39572
42.7525977338, 0.48955
42.8887999725, 0.49998
42.8900997692, 0.38583
42.8953422115, 0.43259
42.917180027, 0.40675
42.9356411494, 0.46497
43.0362805186, 0.47991
43.0794430779, 0.39699
43.0983635203, 0.49079
43.1183415541, 0.41732
43.2406366906, 0.49998
43.2418097416, 0.38648
43.2430797897, 0.44987
43.3513358718, 0.43063
43.3743992488, 0.47171
43.3803225312, 0.40703
43.4011261187, 0.39562
43.4250168459, 0.48715
43.592319761, 0.38714
43.5955876009, 0.49998
43.6607929403, 0.41918
43.7094531918, 0.39774
43.7346723345, 0.46114
43.7552057153, 0.49028
43.7933513907, 0.47814
43.8344843594, 0.43894
43.8840856609, 0.40804
43.9453519545, 0.49998
43.9454108876, 0.3878
44.0377742746, 0.39664
44.0970171679, 0.48811
44.1497453572, 0.45664
44.1914162598, 0.42137
44.2097524442, 0.47446
44.2519543614, 0.40424
44.297729683, 0.38846
44.2982622758, 0.49998
44.4172869079, 0.44018
44.434793079, 0.48838
44.508768099, 0.39778
44.5746269203, 0.46062
44.5866300783, 0.41068
44.627642061, 0.47764
44.6484870916, 0.38913
44.6495404929, 0.49998
44.7418879114, 0.42612
44.8035461106, 0.48997
44.8290423901, 0.39984
44.9984566378, 0.38981
44.9995980908, 0.48151
45.0004051434, 0.49998
45.0015590264, 0.41221
45.0023965442, 0.46738
45.0059347215, 0.44572
45.1763895756, 0.40045
45.1972662307, 0.49008
45.2659646133, 0.42695
45.3496294378, 0.49998
45.3511246996, 0.39049
45.3687803826, 0.47809
45.4165149669, 0.41205
45.4309788811, 0.46135
45.493933596, 0.39956
45.5684638539, 0.48876
45.5918946252, 0.4419
45.7021180205, 0.49998
45.7030324964, 0.39117
45.7528001425, 0.40692
45.7763919213, 0.47564
45.8114518755, 0.42388
45.8704621993, 0.45883
45.9156641693, 0.48894
45.9657309772, 0.4001
46.0534104754, 0.49998
46.0534104754, 0.39185
46.1218523913, 0.4117
46.1614724231, 0.47935
46.1619219667, 0.4421
46.2917006801, 0.40222
46.292376688, 0.46412
46.342211342, 0.42332
46.3612021625, 0.48893
46.4069656374, 0.39254
46.4080477491, 0.49998
46.5899712843, 0.47676
46.5972170414, 0.40125
46.6118946759, 0.41207
46.6477221393, 0.43485
46.7185071372, 0.48945
46.7346954674, 0.45287
46.7569584977, 0.49998
46.7594064831, 0.39324
46.872327529, 0.42272
46.9149769217, 0.40354
46.9440502883, 0.46803
47.0354628224, 0.48328
47.0644051313, 0.41315
47.1078635633, 0.43744
47.1092503087, 0.49998
47.1107282447, 0.39394
47.2658265917, 0.40351
47.2684655143, 0.42407
47.2933835182, 0.49066
47.2939332395, 0.47044
47.3365213066, 0.45349
47.3837725142, 0.41313
47.4374167544, 0.48113
47.4607623842, 0.49998
47.4609265212, 0.39464
47.5728737364, 0.43604
47.6219135481, 0.40547
47.6219250182, 0.42031
47.6384286853, 0.49059
47.6814879279, 0.46823
47.7985240982, 0.48092
47.8107142417, 0.49998
47.8140403847, 0.39534
47.8628714757, 0.41274
47.9263080948, 0.45415
47.9721087855, 0.42297
48.0054988275, 0.48916
48.009773416, 0.40459
48.0293218893, 0.43563
48.12323544, 0.47458
48.1641438153, 0.49998
48.1660674842, 0.39605
48.1992210445, 0.41465
48.3416589979, 0.48851
48.3549000841, 0.40551
48.3939500437, 0.42636
48.4339771951, 0.44478
48.4655801218, 0.46235
48.5164390585, 0.49998
48.5170036316, 0.39676
48.5334408135, 0.47755
48.5473176351, 0.41513
48.6982579474, 0.4056
48.706219262, 0.48929
48.7474600121, 0.43549
48.8053911503, 0.424
48.86397381, 0.47875
48.8672039408, 0.39748
48.8675969888, 0.49998
48.8689221302, 0.41388
48.8944496013, 0.46761
48.9427750766, 0.45142
49.0315651237, 0.49263
49.0691101487, 0.48451
49.088047423, 0.4076
49.1496536378, 0.42049
49.1546677107, 0.43597
49.2176149846, 0.49998
49.2200763033, 0.3982
49.2496369864, 0.47597
49.3167911655, 0.46202
49.3710018598, 0.48948
49.4038137995, 0.40592
49.4140975668, 0.41481
49.5077740327, 0.42874
49.5577901151, 0.48019
49.5708519499, 0.49998
49.5718904069, 0.39893
49.6556049349, 0.44787
49.6857979926, 0.41877
49.7262589795, 0.49064
49.7294921759, 0.40831
49.739113538, 0.46859
49.8567085324, 0.48121
49.9229939139, 0.39965
49.9233587623, 0.49998
49.9490432254, 0.43
49.9647521555, 0.41659
50.0838118206, 0.49011
50.1165545483, 0.40834
50.1515850008, 0.46127
50.1574209168, 0.47724
50.2326238039, 0.44394
50.2716235203, 0.4184
50.2726783025, 0.40038
50.2743924922, 0.49998
50.3602574953, 0.42909
50.4552491408, 0.48851
50.4643125787, 0.40999
50.5804507559, 0.4735
50.6246860764, 0.49998
50.6255123945, 0.40112
50.6541021693, 0.42075
50.6641006286, 0.45475
50.7365756671, 0.43625
50.8256492426, 0.41128
50.850624533, 0.48615
50.977317504, 0.40186
50.978319999, 0.49998
51.0346711531, 0.46692
51.0861835435, 0.42516
51.1559128433, 0.41168
51.1641935737, 0.49056
51.2114432745, 0.4457
51.2895282885, 0.47924
51.3264120544, 0.49998
51.3280904548, 0.4026
51.4343670875, 0.41897
51.5030479702, 0.41011
51.5193160059, 0.46389
51.5252028814, 0.48978
51.5861608936, 0.43062
51.6778283987, 0.40335
51.6778850369, 0.49998
51.7108903863, 0.47808
51.7663609336, 0.44883
51.8086821063, 0.41464
51.875533398, 0.49017
51.9899969286, 0.43596
52.0233937347, 0.42368
52.030830332, 0.4041
52.0328028651, 0.49998
52.0555439708, 0.46489
52.0751647855, 0.48004
52.1800266815, 0.41347
52.2614533024, 0.48975
52.2663236707, 0.44867
52.3555429527, 0.42188
52.358456972, 0.43359
52.3821518824, 0.49998
52.3828331493, 0.40485
52.4241596881, 0.47615
52.5574287447, 0.46071
52.5845711677, 0.415
52.620610424, 0.48756
52.666357858, 0.42768
52.7338341095, 0.40561
52.7349858587, 0.49998
52.7456339512, 0.44333
52.8062284516, 0.47259
52.9016086824, 0.42104
52.9136415608, 0.41303
52.9225569858, 0.49146
53.0179776842, 0.45767
53.0230226334, 0.48211
53.0489444075, 0.431
53.0867864066, 0.49998
53.0878659, 0.40637
53.2249544687, 0.41776
53.2269413437, 0.47046
53.2565239386, 0.44358
53.2681284733, 0.49106
53.3549062962, 0.48206
53.4302301392, 0.42906
53.436878565, 0.40714
53.4375522455, 0.49998
53.543388865, 0.45807
53.5738504142, 0.41755
53.6251876216, 0.47534
53.6327399939, 0.48909
53.7105607277, 0.44123
53.7872824125, 0.49998
53.7889628794, 0.40791
53.8179743031, 0.42765
53.8990402269, 0.41644
53.9681800347, 0.49195
53.9706377665, 0.46849
54.0390594257, 0.48196
54.0427107985, 0.45244
54.1400814082, 0.40868
54.1406195465, 0.49998
54.1548174677, 0.42301
54.2207888843, 0.43696
54.327462703, 0.49033
54.3607285191, 0.41664
54.3760239966, 0.46483
54.466932775, 0.47885
54.4902321318, 0.40945
54.4929606621, 0.49998
54.5500602124, 0.42691
54.5933095515, 0.4499
54.672023606, 0.49008
54.673173129, 0.41743
54.8119348452, 0.46617
54.8435602126, 0.41023
54.8439749295, 0.49998
54.8590827693, 0.43645
54.8831694925, 0.48042
54.9658151553, 0.42238
55.0357288804, 0.49104
55.1943244368, 0.49998
55.1962723842, 0.41102
55.1991799586, 0.4519
55.2354446835, 0.48281
55.2463566611, 0.47052
55.2855084432, 0.43157
55.2934726444, 0.41969
55.3999421233, 0.49105
55.547741023, 0.4118
55.5484005421, 0.49998
55.5516148642, 0.42335
55.5796191987, 0.4406
55.5961404524, 0.48028
55.6786881057, 0.46638
55.7438387828, 0.45274
55.7636366106, 0.49025
55.779844875, 0.43184
55.839511112, 0.42167
55.8967737474, 0.49999
55.8982786704, 0.41259
56.0704074808, 0.47763
56.0983166663, 0.4438
56.1148415169, 0.4907
56.1351719984, 0.42032
56.1519193947, 0.43006
56.1755907086, 0.46081
56.2485942748, 0.49999
56.2521178962, 0.41338
56.4556531231, 0.48625
56.4676286973, 0.42383
56.5014563553, 0.43804
56.5338553647, 0.47115
56.599461542, 0.49999
56.6008106755, 0.41418
56.6325425278, 0.45352
56.7395915791, 0.43089
56.7659538981, 0.49103
56.8110937338, 0.42264
56.855637965, 0.48037
56.9081331303, 0.44142
56.9528450118, 0.41498
56.9541781067, 0.49999
56.9911481854, 0.46677
57.0669600452, 0.43097
57.1066017501, 0.48982
57.1441245926, 0.42272
57.1635961729, 0.453
57.2532435271, 0.47872
57.3031579527, 0.49999
57.3036908478, 0.41578
57.3218880391, 0.43936
57.4389602925, 0.49021
57.4544283879, 0.42679
57.5136819826, 0.46592
57.6282638864, 0.44978
57.6546627636, 0.48066
57.6560255006, 0.49999
57.6585495739, 0.41659
57.7046531691, 0.43624
57.767949845, 0.49172
57.8106092682, 0.42541
57.9874979331, 0.45968
58.0076310141, 0.41739
58.0079781707, 0.49999
58.0194337231, 0.47335
58.0663520691, 0.48708
58.0798750035, 0.43337
58.1145888109, 0.44521
58.1554753986, 0.4243
58.3590162139, 0.49999
58.3601809036, 0.41821
58.3945862215, 0.43018
58.3977270044, 0.49158
58.4004687656, 0.45558
58.4091959498, 0.48036
58.4721877469, 0.4676
58.4944273512, 0.43775
58.500386111, 0.42399
58.6479728531, 0.4467
58.6874404053, 0.48699
58.7088425771, 0.49999
58.7121633868, 0.41902
58.743459832, 0.42925
58.7609514227, 0.47647
58.8150253413, 0.4569
58.8873596365, 0.4388
58.8951294474, 0.46662
58.9236505561, 0.49243
59.0181472994, 0.48332
59.0496191079, 0.43029
59.062675805, 0.49999
59.0627274808, 0.41984
59.0808182724, 0.44837
59.1279166369, 0.47333
59.227669852, 0.4598
59.2553543233, 0.43915
59.2599042842, 0.49131
59.3335597441, 0.42953
59.3563022291, 0.4818
59.4127228245, 0.42066
59.4156385225, 0.49999
59.4805240708, 0.47049
59.5516221777, 0.44814
59.6097554514, 0.42795
59.6121356248, 0.43687
59.6141795368, 0.49061
59.6549386561, 0.46003
59.6831327837, 0.48015
59.7663052722, 0.42148
59.7674427099, 0.49999
59.9222210978, 0.43035
59.9593500491, 0.49282
59.9671914152, 0.47041
60.0105169327, 0.48391
60.0343796451, 0.44213
60.0564269134, 0.45558
60.1186691348, 0.49999
60.1190743091, 0.42231
60.2767540255, 0.43076
60.3189979816, 0.49074
60.3609043857, 0.47906
60.4161528863, 0.46508
60.4646880118, 0.43932
60.4687448525, 0.49999
60.4707603903, 0.42314
60.5703349325, 0.45128
60.6412307038, 0.43128
60.6470624296, 0.4928
60.7274081521, 0.48462
60.7296484696, 0.47431
60.8176802611, 0.49999
60.8216379517, 0.42397
60.8390406061, 0.44065
60.940231146, 0.46332
60.9760235883, 0.43188
61.0015667509, 0.49112
61.1370469122, 0.45056
61.1550870397, 0.47851
61.1710578416, 0.49999
61.1714437938, 0.42481
61.227123783, 0.43937
61.2929032642, 0.43124
61.3560900874, 0.49043
61.5066520016, 0.46374
61.5233379001, 0.49999
61.5252435446, 0.42565
61.5555631686, 0.43446
61.5739988389, 0.44477
61.6089984406, 0.48051
61.7016754601, 0.49137
61.8278115448, 0.43689
61.8652744652, 0.4519
61.8734601552, 0.42649
61.8748009619, 0.49999
62.0004993805, 0.47317
62.0007858499, 0.48464
62.0057730556, 0.49342
62.0497075155, 0.44358
62.0565021921, 0.4614
62.1065784283, 0.4346
62.2254484322, 0.42733
62.2254484322, 0.49999
62.2969084421, 0.49119
62.3965665891, 0.45259
62.4153841302, 0.44133
62.4208335276, 0.43354
62.4465347822, 0.47957
62.4996907977, 0.46591
62.5764208265, 0.42818
62.5801038131, 0.49999
62.5909270909, 0.49033
62.7386717049, 0.4362
62.7837480372, 0.44679
62.844331058, 0.49347
62.869331482, 0.48421
62.8967635799, 0.4723
62.9288834299, 0.49999
62.9314937938, 0.42903
62.9606337505, 0.45864
63.0136530625, 0.44114
63.0662756942, 0.43471
63.1404318289, 0.49152
63.2121448405, 0.44843
63.2202821863, 0.4805
63.280965017, 0.42988
63.2817190307, 0.49999
63.3138552241, 0.43913
63.3752641735, 0.46874
63.4532433052, 0.48777
63.4653278012, 0.4946
63.5326645423, 0.45674
63.5764938783, 0.44516
63.6067728973, 0.43678
63.6340447313, 0.49999
63.6340832022, 0.43073
63.7082026902, 0.48042
63.8170848609, 0.49164
63.9037304962, 0.43996
63.9057913361, 0.449
63.9678754357, 0.47009
63.9850989078, 0.49999
63.9867256644, 0.43159
64.0133602948, 0.45823
64.1496237351, 0.49288
64.1596825773, 0.48369
64.1861263107, 0.44503
64.2187223958, 0.43835
64.335646895, 0.49999
64.3384111525, 0.43245
64.3492472612, 0.45278
64.4584615606, 0.49303
64.4649209025, 0.46322
64.5037458858, 0.47508
64.5177001885, 0.44623
64.5406615206, 0.43911
64.5661501296, 0.48534
64.6851914367, 0.49999
64.6891493448, 0.43332
64.7931741744, 0.49247
64.8358913387, 0.45534
64.8502970427, 0.4386
64.8580619508, 0.44542
64.9355121626, 0.46749
64.9828334931, 0.48055
65.0391804258, 0.49999
65.0391804258, 0.43418
65.0804497887, 0.49039
65.1514832264, 0.44084
65.2200793957, 0.44965
65.3101096816, 0.49382
65.346727702, 0.47249
65.3783733246, 0.46003
65.3882782151, 0.43505
65.3922129689, 0.49999
65.4071137448, 0.48532
65.4204172226, 0.44308
65.610763379, 0.49293
65.6184160423, 0.45082
65.6701249713, 0.47837
65.688643408, 0.4429
65.7414277623, 0.43592
65.7445360607, 0.49999
65.8276161074, 0.46737
65.8359901795, 0.48623
65.9521799912, 0.49346
65.9614113059, 0.44157
65.9850232441, 0.45744
65.9986969964, 0.44852
66.0939132162, 0.43679
66.0959197505, 0.49999
66.1274786759, 0.47684
66.2661871894, 0.48699
66.2689603878, 0.44372
66.2716663214, 0.49443
66.3944566284, 0.45212
66.4455174043, 0.43767
66.4466050566, 0.49999
66.4473822845, 0.46555
66.5812738047, 0.44461
66.584091351, 0.47811
66.5855344567, 0.49344
66.6307262226, 0.48624
66.7496941098, 0.45708
66.7963688703, 0.49999
66.7964656181, 0.43854
66.8181157135, 0.45008
66.8549106929, 0.48948
66.8725507329, 0.44358
66.9238883925, 0.49525
66.9650611859, 0.47304
67.0274031531, 0.48318
67.0459978688, 0.4634
67.113460547, 0.44665
67.1465472294, 0.43942
67.1481270666, 0.49138
67.1507260856, 0.49999
67.244552864, 0.45482
67.3799155858, 0.49485
67.4111497622, 0.44644
67.4151747353, 0.46919
67.4477313548, 0.47886
67.4608531903, 0.4874
67.4991332583, 0.49999
67.5008142119, 0.44031
67.6879970242, 0.46205
67.6999918098, 0.45262
67.72322248, 0.44576
67.7253474391, 0.4933
67.8494132148, 0.44119
67.8519505157, 0.49999
67.8704579436, 0.4734
67.9401766715, 0.48439
68.0332784257, 0.44843
68.077677358, 0.45686
68.0879283447, 0.49308
68.2006602236, 0.46672
68.2022383451, 0.44208
68.2041230996, 0.49999
68.3343063184, 0.44702
68.337477709, 0.47759
68.3445601953, 0.45259
68.4050761607, 0.49425
68.4183707956, 0.48712
68.5028922351, 0.46029
68.5544584562, 0.44297
68.5554443212, 0.49999
68.6234520757, 0.4483
68.6679919568, 0.45423
68.715182146, 0.49445
68.7696210633, 0.47007
68.7825190199, 0.48132
68.8090646748, 0.48888
68.905682222, 0.44386
68.9059269567, 0.5
68.91578879, 0.45052
69.0014061493, 0.45934
69.0713635785, 0.49416
69.1754447433, 0.48708
69.2039358427, 0.45149
69.2421334747, 0.47791
69.2557869122, 0.5
69.2563165345, 0.44475
69.3382614156, 0.46801
69.441498403, 0.45851
69.4416212388, 0.49334
69.5131778305, 0.45137
69.5592341552, 0.48495
69.6103979643, 0.5
69.6114779787, 0.44565
69.7632988063, 0.49057
69.7639486452, 0.47625
69.7791429029, 0.49555
69.7795025587, 0.46549
69.8137053553, 0.45075
69.8171635847, 0.45687
69.9588383017, 0.5
69.9605764125, 0.44655
69.9761014964, 0.48581
70.0921318803, 0.49353
70.1619628676, 0.45316
70.194573157, 0.47074
70.2126136911, 0.46153
70.2763124951, 0.48063
70.3118741581, 0.5
70.3142413221, 0.44745
70.3970972714, 0.48867
70.4254169562, 0.4952
70.5185039218, 0.45237
70.5961967142, 0.47576
70.6043471102, 0.45837
70.6620298368, 0.44835
70.6643378108, 0.5
70.6977394324, 0.46683
70.734005054, 0.49334
70.841490329, 0.48446
70.8755054111, 0.45428
70.9999211921, 0.47463
71.0144176332, 0.44925
71.0162324747, 0.5
71.0269644823, 0.46156
71.0500734901, 0.49266
71.1877176626, 0.45326
71.2179895308, 0.45747
71.3110160056, 0.48749
71.3227285764, 0.47957
71.3405243399, 0.46901
71.3549689149, 0.49414
71.3659201639, 0.45016
71.3673784691, 0.5
71.4903819169, 0.46142
71.5215306189, 0.45533
71.6285615694, 0.49567
71.6840623184, 0.49044
71.7116950557, 0.48421
71.7169008576, 0.45107
71.7177893121, 0.5
71.8040674873, 0.47592
71.8775845261, 0.46628
71.8796395112, 0.45796
71.951126023, 0.49422
72.0725536112, 0.45197
72.0731063901, 0.5
72.1743696328, 0.48587
72.2302188971, 0.45703
72.2805830939, 0.49399
72.3348137984, 0.46358
72.3627786892, 0.47383
72.4222684699, 0.5
72.4226722036, 0.45289
72.5599549621, 0.45772
72.6150074344, 0.49571
72.6168768556, 0.49013
72.7013756305, 0.4828
72.7282706796, 0.46224
72.7707300441, 0.5
72.7712997126, 0.4538
72.7841649931, 0.46822
72.9121840393, 0.45844
72.9583484799, 0.49468
72.9705361003, 0.47595
73.0342190282, 0.48867
73.0888551539, 0.46373
73.1241542942, 0.5
73.1251434764, 0.45471
73.2204375761, 0.45894
73.2240014094, 0.47029
73.272139136, 0.48306
73.2930280221, 0.49215
73.3004824604, 0.49626
73.4010407324, 0.46615
73.4435121356, 0.46157
73.4704840771, 0.47674
73.4769198938, 0.5
73.4774230296, 0.45563
73.5452905926, 0.48885
73.6365049834, 0.49488
73.651317388, 0.47077
73.7066811646, 0.46039
73.7159697578, 0.46565
73.8292001972, 0.5
73.8312474045, 0.45655
73.8382415514, 0.48344
73.8947522286, 0.47608
73.9469564909, 0.4907
73.9742142055, 0.49598
74.0130213256, 0.46449
74.0147323035, 0.46017
74.1410576727, 0.47047
74.1767809424, 0.45747
74.1808428033, 0.5
74.2844594099, 0.47941
74.3011968796, 0.49471
74.3199197636, 0.46259
74.3738336517, 0.48761
74.5320145919, 0.5
74.5343063765, 0.45839
74.5576708904, 0.46743
74.620679624, 0.47429
74.6410551016, 0.46231
74.6758566493, 0.49472
74.7672637087, 0.48184
74.8653820436, 0.46507
74.8824207734, 0.5
74.8851042309, 0.45931
74.9059485042, 0.48903
74.9645752298, 0.47035
75.0834810929, 0.49516
75.0908138754, 0.463
75.1282883294, 0.47663
75.1774325106, 0.46704
75.2325239709, 0.5
75.2344950811, 0.46023
75.261299491, 0.48399
75.3456685283, 0.49056
75.4063548825, 0.46475
75.4247136609, 0.47107
75.4461725803, 0.49573
75.5839078879, 0.46116
75.5874395481, 0.5
75.674726697, 0.47872
75.6832924236, 0.49217
75.6985444913, 0.48688
75.7308914151, 0.46571
75.8001606396, 0.4961
75.8820317933, 0.47129
75.9363809822, 0.5
75.9386099718, 0.46209
76.0790913579, 0.49153
76.0914616173, 0.46633
76.1208809379, 0.49633
76.1564423941, 0.48483
76.2321599388, 0.47711
76.2879963891, 0.46302
76.2903236527, 0.5
76.339404199, 0.47056
76.4409555492, 0.46658
76.4508597999, 0.4957
76.5688561774, 0.49023
76.6382903868, 0.5
76.6413742586, 0.46395
76.6751852963, 0.47429
76.7358308396, 0.48255
76.7437679754, 0.4683
76.8335570745, 0.49538
76.975240794, 0.47154
76.9912973066, 0.5
76.9947495513, 0.46488
77.0914646678, 0.47681
77.1178889047, 0.48949
77.1471380476, 0.46849
77.2142830364, 0.49547
77.3068502188, 0.47239
77.3283750986, 0.48293
77.3415761029, 0.46581
77.3437925897, 0.5
77.495570436, 0.4693
77.5216821436, 0.47679
77.5576730831, 0.49177
77.5623206197, 0.49634
77.6444351792, 0.47287
77.6937289335, 0.46675
77.6959128836, 0.5
77.7740080835, 0.48641
77.7745143677, 0.48079
77.8715352461, 0.47055
77.8721157296, 0.49737
77.8926231095, 0.4943
77.9721762001, 0.49059
78.0137100079, 0.47589
78.0447346771, 0.46768
78.0475438754, 0.5
78.1806534097, 0.49683
78.1948785104, 0.48178
78.2487267341, 0.47198
78.2645582334, 0.49317
78.3474295161, 0.48771
78.3957626379, 0.46862
78.3987003316, 0.5
78.4887442061, 0.49662
78.5404422213, 0.47719
78.6179784534, 0.47255
78.624431638, 0.4829
78.624556208, 0.49236
78.7495089052, 0.5
78.7521384646, 0.46956
78.7660151035, 0.49614
78.9042202689, 0.48859
78.9317841725, 0.47239
78.9719805767, 0.4757
78.99676373, 0.48424
79.0065092434, 0.49738
79.0564567137, 0.49334
79.0935292865, 0.48006
79.0997575607, 0.5
79.1031378981, 0.4705
79.2503285987, 0.47374
79.3148763783, 0.49645
79.366943569, 0.48568
79.4426639525, 0.47738
79.4437164763, 0.49066
79.4530814379, 0.47144
79.4554191323, 0.5
79.5628083096, 0.47415
79.6240918209, 0.49774
79.6280799386, 0.48199
79.6454187254, 0.4943
79.7752606298, 0.47613
79.8020412336, 0.47238
79.8049245569, 0.5
79.819400069, 0.48705
79.899217527, 0.47942
79.9605653547, 0.49683
79.997413937, 0.47492
80.0261318792, 0.49226
80.0927201456, 0.47752
80.1541216473, 0.5
80.1563993633, 0.47332
80.1813312558, 0.48323
80.2316903076, 0.48801
80.2713302028, 0.49702
80.3276885377, 0.47621
80.3662589669, 0.47965
80.4256508819, 0.49426
80.50538231, 0.47426
80.5085719349, 0.5
80.5228540079, 0.49117
80.5577196635, 0.49692
80.645983795, 0.48637
80.6567675302, 0.47758
80.7754279801, 0.49773
80.7858752177, 0.48176
80.8018032851, 0.49465
80.8569943481, 0.5
80.8597220731, 0.47521
80.9272878998, 0.49097
81.0285146671, 0.47848
81.0485911018, 0.49739
81.1718544128, 0.49473
81.2050822392, 0.48662
81.2107994149, 0.5
81.2131815496, 0.47615
81.3084143261, 0.48204
81.3424943592, 0.49174
81.3726546283, 0.49742
81.4060434327, 0.47906
81.5604356876, 0.4771
81.5642565019, 0.5
81.5989862649, 0.4948
81.6712936803, 0.49789
81.7110981498, 0.47924
81.7492517365, 0.49038
81.7677802418, 0.48567
81.7873322087, 0.48186
81.9024160245, 0.49694
81.9117080196, 0.5
81.9138828684, 0.47805
82.0093408577, 0.47998
82.0153870766, 0.49387
82.1866752458, 0.49722
82.1922825359, 0.48162
82.212420132, 0.48451
82.2645094128, 0.5
82.2658010833, 0.479
82.3078407967, 0.48931
82.424038372, 0.49433
82.4727928311, 0.48178
82.4848882881, 0.49768
82.6170819675, 0.5
82.6184663942, 0.47995
82.623591846, 0.4848
82.7783669833, 0.48246
82.7967020746, 0.49834
82.8039067168, 0.49599
82.8533683919, 0.49232
82.8701522919, 0.48829
82.9693603087, 0.5
82.970416742, 0.4809
83.0302230267, 0.48502
83.0619020148, 0.48274
83.1320531738, 0.49799
83.2210608608, 0.49526
83.283033022, 0.48783
83.2949722789, 0.48386
83.3213597401, 0.5
83.3223598881, 0.48185
83.4412277087, 0.48588
83.4606420189, 0.49165
83.5014850458, 0.49798
83.5720195762, 0.48417
83.6448136117, 0.49546
83.6731587661, 0.5
83.6736680463, 0.4828
83.7075925041, 0.48861
83.7735734957, 0.48633
83.8837180378, 0.4848
83.9230893772, 0.4976
84.0246430326, 0.5
84.024982552, 0.48375
84.0467174601, 0.49427
84.0745278751, 0.49117
84.0747984775, 0.48656
84.0862682819, 0.4884
84.2299629421, 0.48569
84.26161403, 0.49833
84.3757422338, 0.4847
84.3759508008, 0.5
84.3815204213, 0.48772
84.4478727511, 0.49001
84.4504714471, 0.49615
84.5627875073, 0.4867
84.6122672538, 0.49325
84.6420476452, 0.4983
84.7186670494, 0.48878
84.7270235437, 0.48566
84.7270871119, 0.5
84.8216634343, 0.49096
84.9101178369, 0.49651
84.9123761793, 0.48771
84.9670660583, 0.49848
85.0772956678, 0.48661
85.0779587351, 0.5
85.1145101906, 0.49475
85.1626895677, 0.49274
85.1757842073, 0.49021
85.2363583093, 0.49756
85.2761592132, 0.49887
85.2974237167, 0.48865
85.4220267048, 0.49618
85.4280368338, 0.48757
85.4286831041, 0.5
85.5484277622, 0.49244
85.5586489707, 0.49753
85.5982325476, 0.49886
85.6374545386, 0.48924
85.6515951941, 0.49463
85.7401583369, 0.4911
85.7792232246, 0.5
85.7837593324, 0.48852
85.8257264802, 0.49803
85.8910476043, 0.49664
85.9684496323, 0.49906
86.0019579008, 0.49034
86.0230315014, 0.49351
86.1126405212, 0.49804
86.1336559576, 0.48948
86.1353113407, 0.5
86.2083282064, 0.49561
86.3071913377, 0.49244
86.340209455, 0.49102
86.345115496, 0.49885
86.3552228777, 0.49734
86.4835742151, 0.49043
86.4855674962, 0.5
86.5353124835, 0.49469
86.6553127032, 0.49916
86.6912792749, 0.49219
86.7024904998, 0.49813
86.7577562016, 0.49665
86.8195554943, 0.49394
86.8334880037, 0.49139
86.8356794141, 0.5
86.9608522574, 0.49909
87.0070825653, 0.49251
87.067043464, 0.49576
87.0946242901, 0.49802
87.1120094248, 0.49367
87.1856628919, 0.5
87.1885534096, 0.49235
87.2382208007, 0.49898
87.3409461099, 0.49341
87.3619482079, 0.49721
87.374509711, 0.49527
87.4551956202, 0.49936
87.5381799009, 0.4933
87.5412580281, 0.5
87.5418003188, 0.49463
87.5510640445, 0.49848
87.6655985754, 0.49415
87.7478916583, 0.49935
87.7656366726, 0.49677
87.8910335359, 0.5
87.8932428465, 0.49426
87.8936997212, 0.49793
87.9055511928, 0.49513
87.9059624015, 0.49603
87.9912419493, 0.49888
88.0714625064, 0.49953
88.1313688171, 0.49534
88.2407455334, 0.5
88.2426436147, 0.49522
88.2746455646, 0.49626
88.3556777997, 0.49871
88.3658618585, 0.49942
88.3696623942, 0.49794
88.4168792286, 0.49724
88.4485843011, 0.49617
88.5920419618, 0.49617
88.5961131695, 0.5
88.6648619948, 0.49968
88.7108146032, 0.49716
88.7181499333, 0.49927
88.7727341501, 0.49693
88.8398232995, 0.49888
88.9136390272, 0.49797
88.9289626226, 0.49966
88.9456974166, 0.5
88.9467670161, 0.49713
88.9887400812, 0.49858
89.0844420332, 0.49774
89.1722313908, 0.49952
89.172743406, 0.4998
89.2173646302, 0.49831
89.2952410737, 0.5
89.2960487999, 0.49809
89.3639067512, 0.49938
89.4004729825, 0.49894
89.4298024544, 0.49861
89.4641681168, 0.49985
89.6088505621, 0.49977
89.6477419118, 0.49953
89.6504930899, 0.5
89.6507729068, 0.49905
89.6747412029, 0.49931
89.7315478436, 0.49933
89.8060870928, 0.49996
89.9389526021, 0.4999
89.9436509038, 0.49996
89.9615869748, 0.49992
89.9772906157, 0.49999
90.0, 0.5
90.0, 0.5
90.170900019, 0.50037
90.1768030587, 0.50005
90.2067825437, 0.5003
90.2356033884, 0.5006
90.3287937799, 0.50021
90.3492270932, 0.50096
90.3495069101, 0.5
90.4954213363, 0.50051
90.4987416495, 0.50095
90.5187318155, 0.50016
90.5326366218, 0.50128
90.7039512001, 0.50192
90.7047589263, 0.5
90.7487026967, 0.50107
90.7766713835, 0.50048
90.827256594, 0.50021
90.8602487988, 0.50217
90.8815735032, 0.50194
91.0375922023, 0.50189
91.0419338124, 0.50102
91.0532329839, 0.50288
91.0543025834, 0.5
91.0642835736, 0.50041
91.1897212344, 0.50294
91.2971256896, 0.50182
91.3007861009, 0.50032
91.3176092074, 0.50287
91.3493541529, 0.50083
91.4038868305, 0.5
91.4079580382, 0.50383
91.5407516989, 0.50381
91.5707987393, 0.50283
91.5941116627, 0.50156
91.6072807293, 0.5005
91.7530675529, 0.50382
91.7573563853, 0.50479
91.7592544666, 0.5
91.8501328169, 0.50261
91.8741071377, 0.50469
91.8887485595, 0.50111
91.922644658, 0.50049
92.1067571535, 0.50575
92.1089664641, 0.5
92.1119383522, 0.50487
92.1237638075, 0.50395
92.1296438671, 0.50207
92.2231871957, 0.50069
92.334847791, 0.50585
92.3640795859, 0.50337
92.4331529114, 0.50146
92.4587419719, 0.5
92.4618200991, 0.50671
92.481411664, 0.50538
92.5393587353, 0.50064
92.6480849651, 0.50259
92.6598168889, 0.50658
92.7144339237, 0.5049
92.7666404948, 0.50108
92.8114465904, 0.50766
92.8143371081, 0.50001
92.8548607929, 0.50384
92.9322874879, 0.50646
92.961910829, 0.50204
92.9814042342, 0.50749
93.0559174739, 0.50094
93.1643205859, 0.50001
93.1665119963, 0.50862
93.1816836824, 0.50511
93.2964686198, 0.50353
93.2984957, 0.50804
93.3364890291, 0.50195
93.3557426578, 0.50087
93.3560771136, 0.50683
93.5144325038, 0.50001
93.5164257849, 0.50958
93.6239482001, 0.50571
93.6574665413, 0.50882
93.6658928308, 0.50119
93.6775535924, 0.50279
93.8532773412, 0.50451
93.8548803833, 0.50783
93.8646886593, 0.50001
93.8663440424, 0.51053
93.9088609085, 0.50206
94.0197670666, 0.50097
94.0367446199, 0.50976
94.1228980578, 0.50671
94.172138267, 0.5034
94.2030235111, 0.50199
94.2162406676, 0.51149
94.2207767754, 0.50001
94.3716035412, 0.5091
94.3780619477, 0.50534
94.3789439859, 0.51082
94.3803267375, 0.50107
94.4940364456, 0.50243
94.5713168959, 0.50001
94.5719631662, 0.51244
94.6347139275, 0.50763
94.6502117663, 0.50396
94.7101256741, 0.50126
94.7239997832, 0.51145
94.8239683946, 0.50262
94.8828978342, 0.51006
94.9014869681, 0.50597
94.9220412649, 0.50001
94.9227043322, 0.5134
95.0381103913, 0.50158
95.1089959133, 0.51239
95.112523734, 0.50386
95.1234329522, 0.50859
95.2729128881, 0.50001
95.2729764563, 0.51435
95.2938460054, 0.51117
95.3636251143, 0.50173
95.4299661801, 0.50666
95.4437121442, 0.5133
95.5371642428, 0.50989
95.5798942683, 0.50378
95.6190191096, 0.51226
95.6240491992, 0.50001
95.6242577662, 0.51531
95.7450276705, 0.50163
95.7700370579, 0.51432
95.9087981069, 0.51157
95.9252015225, 0.51344
95.93657249, 0.50885
95.975017448, 0.51626
95.9753569674, 0.50001
95.9768642031, 0.50571
96.083171547, 0.50239
96.1162819622, 0.51521
96.2209499212, 0.51367
96.2924074959, 0.51142
96.3263319537, 0.51721
96.3268412339, 0.50001
96.3670591964, 0.50453
96.4279804238, 0.51584
96.5044992605, 0.50202
96.5455609519, 0.50837
96.5587722913, 0.51414
96.6776401119, 0.51816
96.6786402599, 0.50001
96.7050277211, 0.51616
96.7163181574, 0.5122
96.7845590344, 0.50474
96.8736741685, 0.50202
96.937436089, 0.51727
96.9697769733, 0.515
97.029583258, 0.51911
97.0306396913, 0.50001
97.1291571149, 0.51173
97.1522094079, 0.50769
97.1960932832, 0.50402
97.2033694786, 0.50166
97.2216330167, 0.51755
97.376408154, 0.51522
97.3815336058, 0.52006
97.3829180325, 0.50001
97.5151117119, 0.50233
97.5272071689, 0.51822
97.5815663205, 0.50569
97.6858721397, 0.51074
97.7341989167, 0.52101
97.7354905872, 0.50001
97.7868306681, 0.51552
97.8077174641, 0.51841
97.8132473499, 0.5028
97.9846129234, 0.50614
97.9906591423, 0.52003
98.0861171316, 0.52196
98.0882919804, 0.50001
98.0979848514, 0.50304
98.2118810908, 0.51816
98.2259277398, 0.51439
98.2380307843, 0.50968
98.2889018502, 0.52078
98.3291194621, 0.5021
98.3962345104, 0.50514
98.4357434981, 0.50001
98.4395643124, 0.52291
98.5931370458, 0.52096
98.6278583778, 0.50257
98.6296579637, 0.50822
98.6852932858, 0.518
98.7830444045, 0.51343
98.7868184504, 0.52385
98.7892005851, 0.50001
98.8229780561, 0.50525
98.9573057867, 0.50262
98.9714853329, 0.52153
99.0320289626, 0.50903
99.1402779269, 0.5248
99.1430056519, 0.50001
99.1982873675, 0.50535
99.2086659394, 0.51826
99.2422889482, 0.50226
99.3369269971, 0.52247
99.3439047344, 0.51358
99.3993068843, 0.5087
99.4523089319, 0.5035
99.4914280651, 0.50001
99.49461769, 0.52574
99.6246122168, 0.52055
99.6695165809, 0.50627
99.6777154726, 0.52383
99.7066376172, 0.5026
99.7133507237, 0.51114
99.7508852867, 0.51693
99.8436006367, 0.52669
99.8458783527, 0.50001
99.9091731902, 0.52234
100.003537481, 0.52504
100.019984692, 0.50362
100.039386455, 0.51403
100.081709404, 0.50857
100.112040311, 0.52035
100.195075443, 0.50001
100.197958766, 0.52763
100.226690438, 0.52376
100.374263693, 0.50237
100.382589009, 0.50577
100.406260981, 0.5177
100.406697943, 0.51239
100.43818457, 0.52582
100.544580868, 0.50001
100.546918562, 0.52857
100.553935539, 0.52254
100.67926099, 0.50901
100.718280432, 0.50365
100.744284347, 0.52625
100.816469312, 0.51483
100.896862102, 0.52951
100.900242439, 0.50001
100.916310181, 0.52006
101.022801369, 0.50261
101.025912748, 0.52438
101.026635772, 0.5066
101.068215827, 0.52764
101.157473571, 0.51155
101.247861535, 0.53045
101.250491095, 0.50001
101.272857951, 0.50397
101.293526941, 0.51714
101.380938924, 0.52752
101.450846552, 0.52299
101.452680445, 0.50791
101.505201049, 0.50309
101.601299668, 0.50001
101.604237362, 0.53139
101.65375809, 0.51316
101.719519223, 0.50577
101.744782192, 0.52809
101.762154699, 0.51865
101.832645368, 0.50277
101.917875938, 0.50934
101.952456125, 0.50001
101.955265323, 0.53233
101.977442751, 0.52425
102.03512293, 0.50581
102.127312582, 0.52951
102.16482289, 0.50319
102.187369757, 0.51908
102.20079528, 0.51337
102.304087116, 0.50001
102.306271066, 0.53326
102.335073845, 0.50769
102.354386417, 0.52722
102.46629975, 0.52327
102.47402609, 0.50361
102.503242774, 0.53072
102.640979842, 0.51743
102.65620741, 0.50001
102.658423897, 0.5342
102.693149781, 0.5276
102.708359971, 0.511
102.798085476, 0.50484
102.852861952, 0.5315
102.898957551, 0.52309
103.005250449, 0.53513
103.008702693, 0.50001
103.026000875, 0.52839
103.13999684, 0.50864
103.172612484, 0.50362
103.235260103, 0.5168
103.256232025, 0.53169
103.319143602, 0.52537
103.358625741, 0.53606
103.361709613, 0.50001
103.527590974, 0.50452
103.557759669, 0.53342
103.56495758, 0.51018
103.649883496, 0.52938
103.709676347, 0.5
103.712003611, 0.53699
103.751635091, 0.5228
103.871395024, 0.50378
103.872513665, 0.51552
103.903214268, 0.53366
103.973421284, 0.50852
104.061390028, 0.53792
104.063619018, 0.5
104.111264203, 0.52872
104.205226891, 0.50393
104.269108585, 0.53429
104.317700583, 0.51322
104.32722738, 0.52148
104.340804803, 0.50782
104.412560452, 0.5
104.416092112, 0.53885
104.560633875, 0.50422
104.567154415, 0.52902
104.5869556, 0.53528
104.671631242, 0.50944
104.737842777, 0.51606
104.765504919, 0.53978
104.767476029, 0.5
104.810517746, 0.53298
104.8531321, 0.52341
104.902483482, 0.53704
104.917545441, 0.5048
105.011196917, 0.52968
105.095229826, 0.51091
105.114895769, 0.5407
105.117579227, 0.5
105.119706674, 0.53503
105.217088828, 0.51802
105.330179464, 0.52549
105.330237609, 0.50527
105.358944898, 0.53769
105.402176999, 0.53251
105.465693624, 0.54162
105.467985408, 0.5
105.617262391, 0.51224
105.673188881, 0.52032
105.682213316, 0.537
105.704902653, 0.50528
105.757997505, 0.52922
105.819157197, 0.5
105.823219058, 0.54255
105.973993366, 0.53948
106.025918149, 0.53474
106.027840886, 0.5239
106.036592592, 0.50406
106.057865501, 0.50938
106.147822247, 0.51663
106.168752596, 0.54346
106.170799803, 0.5
106.219825936, 0.5297
106.272267439, 0.53948
106.371858933, 0.50531
106.382850533, 0.53481
106.424825483, 0.52373
106.480052396, 0.51169
106.52257697, 0.54438
106.523080106, 0.5
106.532618445, 0.53936
106.591587835, 0.53055
106.699353555, 0.50375
106.701567471, 0.53566
106.706481985, 0.50788
106.760642539, 0.51837
106.779562424, 0.54108
106.811052971, 0.52605
106.874856524, 0.5453
106.875845706, 0.5
106.95967041, 0.51163
106.971715255, 0.53774
107.022794181, 0.5324
107.040482707, 0.50537
107.109820041, 0.54196
107.228700287, 0.54621
107.229269956, 0.5
107.247592188, 0.52611
107.286642617, 0.53731
107.317927259, 0.51713
107.37957383, 0.5097
107.385503923, 0.50423
107.437114374, 0.54217
107.577327796, 0.54713
107.57773153, 0.5
107.637671323, 0.53477
107.715325353, 0.50558
107.762646738, 0.54243
107.803508278, 0.52409
107.820004343, 0.51285
107.92689361, 0.5
107.927446389, 0.54804
108.049756564, 0.50573
108.122069094, 0.54195
108.15063485, 0.53383
108.253501684, 0.51667
108.282210688, 0.5
108.283099142, 0.54895
108.309874534, 0.50985
108.356136649, 0.52546
108.375054517, 0.50444
108.47812182, 0.54469
108.518503619, 0.53874
108.632621531, 0.5
108.634079836, 0.54985
108.651158285, 0.50583
108.677532657, 0.51245
108.705306349, 0.5199
108.72115038, 0.53184
108.787216006, 0.54256
108.812282337, 0.54676
108.954938323, 0.50737
108.983767525, 0.5
108.985582367, 0.55076
108.995729918, 0.53884
109.006278001, 0.52533
109.133241359, 0.54587
109.172514666, 0.51542
109.272497783, 0.50663
109.31366194, 0.5332
109.335662189, 0.5
109.337970163, 0.55166
109.410762242, 0.5242
109.411610591, 0.54173
109.485930894, 0.5477
109.580340126, 0.50481
109.614346876, 0.51135
109.685758678, 0.55256
109.688125842, 0.5
109.746401906, 0.51941
109.799667356, 0.53844
109.823062595, 0.52924
109.838409624, 0.54684
109.913223803, 0.50652
110.039423587, 0.55346
110.041161698, 0.5
110.041199146, 0.51419
110.186483741, 0.54926
110.187628512, 0.54319
110.226212286, 0.50447
110.236517878, 0.53459
110.253479821, 0.50947
110.264305134, 0.52385
110.388522021, 0.55436
110.389602036, 0.5
110.455077885, 0.51525
110.491385296, 0.54872
110.560763251, 0.54168
110.566113558, 0.50655
110.676981355, 0.53215
110.743683465, 0.55526
110.744213088, 0.5
110.807950645, 0.54885
110.816379298, 0.51267
110.81839188, 0.52211
110.941960518, 0.50612
110.984926116, 0.54132
111.094073043, 0.5
111.094317778, 0.55615
111.128188292, 0.54911
111.20914731, 0.51336
111.237577603, 0.53237
111.29144029, 0.50612
111.302122054, 0.52219
111.398546818, 0.55063
111.417405715, 0.54307
111.444555679, 0.5
111.445541544, 0.55704
111.589690048, 0.51084
111.609204003, 0.50495
111.639311896, 0.51753
111.671425497, 0.55326
111.676543765, 0.54789
111.729621546, 0.53702
111.785182219, 0.52707
111.7958769, 0.5
111.797761655, 0.55793
111.922784117, 0.54461
111.930658206, 0.50722
111.977836841, 0.55222
112.097766133, 0.51681
112.148049484, 0.5
112.150586785, 0.55882
112.232969877, 0.53785
112.254278495, 0.52775
112.287332954, 0.55434
112.291636712, 0.50709
112.297498998, 0.5475
112.499185788, 0.5597
112.500866742, 0.5
112.560564665, 0.51337
112.596865646, 0.55349
112.619432191, 0.52277
112.637855939, 0.50551
112.711015083, 0.53381
112.72788533, 0.54439
112.849273914, 0.5
112.853452771, 0.56058
112.884368137, 0.50916
112.896364406, 0.55283
112.973959955, 0.5174
113.095648731, 0.50534
113.124393819, 0.52774
113.130589024, 0.55598
113.173724613, 0.53959
113.18309785, 0.54863
113.203534382, 0.56146
113.20363113, 0.5
113.206342816, 0.51184
113.408973632, 0.51906
113.414543838, 0.55497
113.420415238, 0.50724
113.553394943, 0.5
113.554482596, 0.56234
113.587358627, 0.54657
113.619853863, 0.53388
113.719063799, 0.55599
113.731548333, 0.50535
113.742263955, 0.51257
113.853380212, 0.52252
113.904080249, 0.5
113.906086784, 0.56322
113.988668875, 0.55116
114.034031195, 0.55831
114.044503869, 0.54232
114.05084077, 0.50638
114.167724441, 0.51354
114.195641345, 0.53208
114.255463939, 0.5
114.258572238, 0.56409
114.306130163, 0.55701
114.321922257, 0.52136
114.380444422, 0.54925
114.390178089, 0.50704
114.572991743, 0.55697
114.598511592, 0.51469
114.607787031, 0.5
114.611721785, 0.56496
114.621626675, 0.53992
114.661705553, 0.52708
114.690128569, 0.50616
114.778763986, 0.55038
114.848286359, 0.55916
114.921707974, 0.50946
114.960819574, 0.5
114.960819574, 0.56583
115.038499006, 0.51927
115.05785234, 0.53278
115.146219495, 0.55463
115.149237454, 0.56142
115.160571886, 0.5448
115.2204057, 0.50811
115.310850655, 0.56669
115.314808563, 0.5
115.457924672, 0.56097
115.47132306, 0.52613
115.477236005, 0.51506
115.488928747, 0.55403
115.540800714, 0.53738
115.5493871, 0.50686
115.642603206, 0.54758
115.661588847, 0.56756
115.664353105, 0.5
115.78669042, 0.56166
115.829469087, 0.5551
115.841409331, 0.52035
115.85347212, 0.50564
115.875092257, 0.51226
115.978853065, 0.54277
116.013274336, 0.56842
116.014901092, 0.5
116.063186335, 0.53119
116.115128498, 0.5515
116.120048652, 0.5607
116.184002521, 0.50762
116.295064584, 0.51813
116.365916798, 0.56927
116.365955269, 0.5
116.438045288, 0.55475
116.439050085, 0.56312
116.475534365, 0.54314
116.534732987, 0.50835
116.626786886, 0.5302
116.703115397, 0.56066
116.718280969, 0.5
116.719034983, 0.57013
116.748823922, 0.5178
116.79802592, 0.55134
116.86857952, 0.50801
116.9391038, 0.56529
116.99424714, 0.55876
117.031569358, 0.54082
117.068506206, 0.57098
117.07111657, 0.5
117.092174586, 0.52687
117.123161991, 0.51551
117.163609273, 0.50641
117.215886864, 0.55293
117.262584745, 0.56373
117.414388681, 0.50964
117.419896187, 0.5
117.423579174, 0.57183
117.493217225, 0.53374
117.550283894, 0.52025
117.579673753, 0.56643
117.581264066, 0.55855
117.601086213, 0.54718
117.704150869, 0.50874
117.774551568, 0.5
117.774551568, 0.57268
117.889086861, 0.56535
117.935198672, 0.53839
117.94619309, 0.55632
117.994494732, 0.50655
118.000013045, 0.51529
118.001350762, 0.52667
118.125199038, 0.5
118.126539845, 0.57352
118.135772627, 0.54797
118.17244793, 0.56306
118.30307109, 0.50864
118.39153963, 0.51936
118.426001161, 0.55517
118.444436831, 0.56552
118.474756455, 0.57436
118.4766621, 0.5
118.488696111, 0.53619
118.644182899, 0.50952
118.707096736, 0.56875
118.772876217, 0.5606
118.828556206, 0.5752
118.828942158, 0.5
118.838326695, 0.52147
118.862953088, 0.54939
118.998433249, 0.50884
119.023976412, 0.5681
119.054604099, 0.53664
119.160959394, 0.55932
119.178362048, 0.57604
119.182319739, 0.5
119.269800251, 0.52563
119.271482008, 0.51536
119.352657977, 0.50718
119.358769296, 0.56871
119.429665067, 0.54867
119.52923961, 0.57687
119.531255147, 0.5
119.535311988, 0.56065
119.57869518, 0.53485
119.638815925, 0.52089
119.680719921, 0.50923
119.723245974, 0.56922
119.880925691, 0.5777
119.881330865, 0.5
119.943573087, 0.54435
119.965896413, 0.55782
119.989199495, 0.51605
120.032527003, 0.52952
120.040649951, 0.50715
120.077778902, 0.56963
120.23255729, 0.5
120.233694728, 0.57852
120.316867216, 0.51979
120.345061344, 0.5399
120.385532293, 0.50936
120.38814316, 0.56309
120.390244549, 0.57204
120.448659109, 0.5518
120.519475929, 0.52944
120.584361478, 0.5
120.587277176, 0.57935
120.643408913, 0.51814
120.666440256, 0.57045
120.740095716, 0.50865
120.744645677, 0.5608
120.772330148, 0.54012
120.872083363, 0.5266
120.919181728, 0.55156
120.937272519, 0.58017
120.937324195, 0.5
120.950380892, 0.56968
120.981560676, 0.51663
121.076349444, 0.50753
121.104870553, 0.5333
121.112640364, 0.56115
121.184974659, 0.54303
121.239048577, 0.52346
121.256540168, 0.57072
121.287836613, 0.58099
121.291157423, 0.5
121.312559595, 0.51296
121.352027147, 0.55324
121.499613889, 0.576
121.505861181, 0.5622
121.527812253, 0.53233
121.59080405, 0.51959
121.599531234, 0.54435
121.602272996, 0.50839
121.605413779, 0.56979
121.639819096, 0.5818
121.640983786, 0.5
121.844524601, 0.57569
121.885704255, 0.55473
121.920124997, 0.56659
121.933647931, 0.51288
121.980566277, 0.52659
121.992021829, 0.5
121.992368986, 0.58261
122.012502067, 0.54026
122.194032187, 0.57457
122.23235429, 0.50825
122.295641795, 0.56373
122.341450426, 0.58342
122.343974499, 0.5
122.345640396, 0.5193
122.372034096, 0.55017
122.486619798, 0.53402
122.545571612, 0.57319
122.561346364, 0.50976
122.678410701, 0.5606
122.696309152, 0.58422
122.696842047, 0.5
122.746756473, 0.52123
122.837008738, 0.54694
122.855875407, 0.57726
122.89339825, 0.51015
122.933339367, 0.569
123.014179579, 0.53317
123.045821893, 0.5
123.047154988, 0.58503
123.092472007, 0.55853
123.144362035, 0.51958
123.189206366, 0.57735
123.234046102, 0.50894
123.260710564, 0.56909
123.36837845, 0.54642
123.399189325, 0.58582
123.400538458, 0.5
123.467388296, 0.52877
123.503462975, 0.56192
123.53267448, 0.57615
123.544346877, 0.51374
123.747882104, 0.58662
123.751405725, 0.5
123.825969699, 0.5391
123.848387505, 0.56991
123.864828002, 0.57967
123.885476291, 0.50927
123.897383785, 0.55614
123.930856121, 0.52232
124.10172133, 0.58741
124.103226253, 0.5
124.160488888, 0.57831
124.220465412, 0.56812
124.236042746, 0.50977
124.256161217, 0.54719
124.328495034, 0.53357
124.408856626, 0.51974
124.421007767, 0.55933
124.448385136, 0.57664
124.451599458, 0.5
124.452258977, 0.5882
124.599734099, 0.50895
124.706527356, 0.5803
124.714491557, 0.5684
124.755572155, 0.52933
124.762936892, 0.51727
124.803050273, 0.5479
124.803727616, 0.58899
124.805675563, 0.5
124.963944339, 0.50895
125.034500176, 0.57759
125.110887856, 0.51958
125.136708494, 0.56347
125.15602507, 0.5
125.156439787, 0.58977
125.182817961, 0.53373
125.326510011, 0.58257
125.327317242, 0.50991
125.407013638, 0.55004
125.449939788, 0.57306
125.507039338, 0.5
125.509767868, 0.59055
125.532737939, 0.52111
125.623320862, 0.53512
125.639271481, 0.58335
125.672204859, 0.50964
125.774715869, 0.563
125.845182532, 0.57697
125.859380454, 0.5
125.859918592, 0.59132
125.952766017, 0.54751
125.960273984, 0.51802
126.029030746, 0.53148
126.031819965, 0.50804
126.100959773, 0.58355
126.182025697, 0.57233
126.211037121, 0.59209
126.212717588, 0.5
126.289768091, 0.55874
126.367260006, 0.51088
126.374476899, 0.52463
126.426149586, 0.58244
126.456611135, 0.5419
126.562447754, 0.5
126.563121435, 0.59286
126.57009881, 0.57092
126.645093704, 0.51792
126.731871527, 0.50892
126.743808941, 0.55639
126.773058656, 0.52952
126.775045531, 0.58223
126.9121341, 0.59363
126.913213593, 0.5
126.951720271, 0.56897
126.976977367, 0.51788
126.982359569, 0.54231
127.077443014, 0.50852
127.086358439, 0.58697
127.098391318, 0.57894
127.194113116, 0.52739
127.255376805, 0.55664
127.265014141, 0.5
127.26616589, 0.59439
127.334311765, 0.5723
127.379043911, 0.51244
127.415428832, 0.58499
127.448054797, 0.53928
127.576185528, 0.52386
127.617166851, 0.59515
127.617848118, 0.5
127.644793313, 0.5781
127.647282308, 0.56638
127.735042984, 0.55131
127.738546698, 0.51023
127.820309507, 0.58652
127.925532533, 0.51994
127.951318859, 0.53508
127.967197135, 0.49999
127.969169668, 0.5959
127.976945459, 0.57629
128.016765337, 0.56402
128.124466602, 0.50981
128.192335878, 0.58532
128.242519564, 0.55103
128.289811994, 0.52191
128.322114963, 0.49999
128.322171601, 0.59665
128.42539711, 0.5692
128.475151815, 0.5102
128.493495767, 0.53593
128.498315741, 0.58981
128.574051115, 0.58095
128.671909545, 0.5974
128.673587946, 0.49999
128.711890481, 0.52072
128.798342488, 0.55383
128.836879363, 0.50938
128.845806724, 0.58828
128.91811192, 0.575
129.001889578, 0.5323
129.021680001, 0.49999
129.022682496, 0.59814
129.143832508, 0.51471
129.178601651, 0.58878
129.259207333, 0.56395
129.342365645, 0.54519
129.34771353, 0.57951
129.374487606, 0.59888
129.375313924, 0.49999
129.492962716, 0.52584
129.511078085, 0.51065
129.553217577, 0.58987
129.630590028, 0.57161
129.725607508, 0.49999
129.727321697, 0.59962
129.770675396, 0.58174
129.770964268, 0.55714
129.84333003, 0.54103
129.871598013, 0.51145
129.910132233, 0.5912
129.949037397, 0.52573
130.044542039, 0.57023
130.076641238, 0.49999
130.077006086, 0.60035
130.129807823, 0.58262
130.142768096, 0.51753
130.238905396, 0.50826
130.261938002, 0.5924
130.265238194, 0.53775
130.378018133, 0.55475
130.378267832, 0.52633
130.428109593, 0.60108
130.42914805, 0.49999
130.442656498, 0.51591
130.44543157, 0.57348
130.458558827, 0.58445
130.617463336, 0.59263
130.644725558, 0.50955
130.717632217, 0.52252
130.74294859, 0.5374
130.779923697, 0.6018
130.782385015, 0.49999
130.793248796, 0.58196
130.818978887, 0.56689
130.944004996, 0.59347
130.955530635, 0.5157
130.970681181, 0.50729
131.069643737, 0.5511
131.081181942, 0.52477
131.113913476, 0.58651
131.132403011, 0.49999
131.132796059, 0.60252
131.154798471, 0.57722
131.225510683, 0.53622
131.235253469, 0.56574
131.288053227, 0.51153
131.304049787, 0.59462
131.439566075, 0.58535
131.462667851, 0.52322
131.482996368, 0.60324
131.483560941, 0.49999
131.560574184, 0.57453
131.602604669, 0.55807
131.649470635, 0.59434
131.65294607, 0.51128
131.675598137, 0.53885
131.790964278, 0.58451
131.833932516, 0.60395
131.835856185, 0.49999
131.851523641, 0.52297
131.978523331, 0.57222
131.995319909, 0.59489
131.998275093, 0.51042
132.095451671, 0.55337
132.096623569, 0.58522
132.185959615, 0.60466
132.189285758, 0.49999
132.196157604, 0.5198
132.218304136, 0.53455
132.346368915, 0.59428
132.352032284, 0.58075
132.379582227, 0.50988
132.401112065, 0.56712
132.539073479, 0.60536
132.539237616, 0.49999
132.54168408, 0.52099
132.606815529, 0.58771
132.615045255, 0.54967
132.650690679, 0.53302
132.713639851, 0.57779
132.743711546, 0.59657
132.743940392, 0.51062
132.781989024, 0.56567
132.889271755, 0.60607
132.890749691, 0.49999
132.939345876, 0.58675
132.948033876, 0.52189
133.046473429, 0.53817
133.086895559, 0.59637
133.113772356, 0.57561
133.11486273, 0.55842
133.169670698, 0.51177
133.240593517, 0.60676
133.243041502, 0.49999
133.393562826, 0.52491
133.396311689, 0.58631
133.40348049, 0.59809
133.496217077, 0.54673
133.534589238, 0.51083
133.576595301, 0.57027
133.591952251, 0.49999
133.593034363, 0.60746
133.708882234, 0.59742
133.805640108, 0.51844
133.829619808, 0.58562
133.830762938, 0.53334
133.946589525, 0.49999
133.946589525, 0.60815
133.949812226, 0.55639
134.019140429, 0.59894
134.061602221, 0.51066
134.191966836, 0.57477
134.216614782, 0.5399
134.223964483, 0.52312
134.227786786, 0.59197
134.296967504, 0.60883
134.297881979, 0.49999
134.388172397, 0.51042
134.468419189, 0.5561
134.493958433, 0.60005
134.577511501, 0.5873
134.615373238, 0.51838
134.630499099, 0.53468
134.6488753, 0.60952
134.650370562, 0.49999
134.741348672, 0.57187
134.819721558, 0.59935
134.855247813, 0.51093
134.990253499, 0.5873
134.999594857, 0.49999
135.001543362, 0.61019
135.008415301, 0.52515
135.011887913, 0.55076
135.154027045, 0.51102
135.166703537, 0.60004
135.245707716, 0.57244
135.350459507, 0.49999
135.351512908, 0.61087
135.386591332, 0.53555
135.396324918, 0.58885
135.397043768, 0.51882
135.488563128, 0.60205
135.571702133, 0.55788
135.627028752, 0.51102
135.701737724, 0.49999
135.702270317, 0.61154
135.739294459, 0.59522
135.767762931, 0.57772
135.793313101, 0.52478
135.801259512, 0.5423
135.951482122, 0.51155
135.954873529, 0.60331
136.054589112, 0.6122
136.054648045, 0.49999
136.102724243, 0.59176
136.146023318, 0.56043
136.206479583, 0.52222
136.211892851, 0.53946
136.244564254, 0.57907
136.283588492, 0.60221
136.325918097, 0.51042
136.404412399, 0.49999
136.407680239, 0.61287
136.548894533, 0.59108
136.573705762, 0.53209
136.60824731, 0.60359
136.61610191, 0.51921
136.637115421, 0.57291
136.717490695, 0.50912
136.729246933, 0.55213
136.758190258, 0.61352
136.759363309, 0.49999
136.923376067, 0.58571
136.926004725, 0.60159
136.986915528, 0.53262
137.005997891, 0.51615
137.084223869, 0.56912
137.109900231, 0.61417
137.111200028, 0.49999
137.166914683, 0.59383
137.289711706, 0.6045
137.290223102, 0.51032
137.301243887, 0.58243
137.323473772, 0.55144
137.336337192, 0.53525
137.380680014, 0.52211
137.460409795, 0.49999
137.46240218, 0.61482
137.481233688, 0.59445
137.54269819, 0.56845
137.618074123, 0.51087
137.639638917, 0.60514
137.670359337, 0.5841
137.697304704, 0.53603
137.763746727, 0.52145
137.812423079, 0.61547
137.814336136, 0.49999
137.83242582, 0.59618
137.951121906, 0.55249
137.994144879, 0.51238
137.996678949, 0.5732
137.99934781, 0.60618
138.021409573, 0.58741
138.107886242, 0.52902
138.163670659, 0.61611
138.165672416, 0.49999
138.192302396, 0.59713
138.324657456, 0.51234
138.355253018, 0.58462
138.355268144, 0.60703
138.44981335, 0.56691
138.458403178, 0.52469
138.474608812, 0.54337
138.514062422, 0.49999
138.515729922, 0.61674
138.528957629, 0.59716
138.690218345, 0.51285
138.707998577, 0.60748
138.70942161, 0.58599
138.789668074, 0.52779
138.861075575, 0.59759
138.865409145, 0.61738
138.867542335, 0.49999
138.88220358, 0.57554
138.883234335, 0.55779
138.941525936, 0.54039
139.018030636, 0.51941
139.018463736, 0.50906
139.084097219, 0.60587
139.129984384, 0.58987
139.218542267, 0.49999
139.219905944, 0.618
139.23595114, 0.52913
139.291732248, 0.57233
139.336802972, 0.51226
139.348151523, 0.54932
139.393833952, 0.6095
139.397571556, 0.59888
139.528514882, 0.52033
139.570415808, 0.49999
139.571644365, 0.61863
139.591032302, 0.58799
139.619090108, 0.53244
139.705451633, 0.607
139.732849274, 0.51032
139.780998193, 0.56666
139.803049423, 0.54556
139.840635421, 0.52124
139.89758561, 0.59845
139.921104855, 0.61925
139.923150144, 0.49999
140.006615231, 0.58499
140.06906651, 0.53052
140.093108728, 0.60922
140.120884894, 0.51366
140.224637007, 0.54917
140.257010251, 0.59894
140.273511148, 0.49999
140.274912623, 0.61986
140.312557014, 0.56943
140.40109709, 0.58711
140.458339979, 0.60912
140.483744517, 0.51286
140.525715635, 0.53099
140.624765495, 0.49999
140.626475227, 0.62047
140.672103102, 0.59745
140.704243937, 0.55503
140.780118284, 0.57881
140.827680208, 0.60922
140.858117379, 0.51756
140.975438878, 0.62108
140.976900214, 0.49999
141.013348628, 0.53924
141.096667874, 0.59335
141.156944522, 0.60972
141.165157533, 0.5116
141.227362047, 0.56704
141.294572545, 0.52563
141.326769214, 0.49999
141.329113346, 0.62168
141.437715578, 0.60168
141.503982968, 0.61303
141.512040244, 0.54507
141.525386127, 0.51275
141.585219087, 0.5874
141.680217502, 0.62227
141.681104071, 0.49999
141.71283362, 0.52768
141.766733186, 0.56474
141.805599471, 0.60846
141.876720106, 0.51248
141.985666238, 0.58187
142.02420957, 0.59773
142.029685204, 0.49999
142.032603341, 0.62286
142.052338589, 0.54495
142.075112563, 0.52558
142.178055025, 0.61143
142.261598401, 0.51319
142.267889993, 0.56628
142.354870416, 0.60122
142.355449557, 0.58603
142.382500076, 0.62345
142.382709837, 0.49999
142.422882224, 0.531
142.553833201, 0.55126
142.583597542, 0.61106
142.617204448, 0.51627
142.668113744, 0.59474
142.733142109, 0.49999
142.733277116, 0.62404
142.748061198, 0.5744
142.800795211, 0.53606
142.900399452, 0.6043
142.913428273, 0.61499
142.916963234, 0.51124
143.015413292, 0.52369
143.022008451, 0.55609
143.052698087, 0.59154
143.084493646, 0.49999
143.085356662, 0.62461
143.213399091, 0.53943
143.224523842, 0.60985
143.263557672, 0.51194
143.26433092, 0.57519
143.35126262, 0.52415
143.433577838, 0.59528
143.437210933, 0.49999
143.438730283, 0.62519
143.549138333, 0.55586
143.573451418, 0.61157
143.604650656, 0.53437
143.620909921, 0.51531
143.717630459, 0.57925
143.787439061, 0.49999
143.78928524, 0.62576
143.814512025, 0.59855
143.897342154, 0.61448
143.959132594, 0.51371
144.012430537, 0.53342
144.037396623, 0.56285
144.141162951, 0.62632
144.141962048, 0.49999
144.150506736, 0.60623
144.216066239, 0.58662
144.300306621, 0.51468
144.353091682, 0.61632
144.356696836, 0.548
144.476483544, 0.52948
144.491163089, 0.49999
144.4911853, 0.62688
144.530071754, 0.60281
144.57784179, 0.56977
144.654904542, 0.51329
144.667248287, 0.61642
144.825277042, 0.59129
144.832320367, 0.5266
144.844166308, 0.49998
144.844792078, 0.54774
144.844816997, 0.62743
144.963437208, 0.61108
145.045802059, 0.51403
145.153612407, 0.57343
145.168013226, 0.53155
145.195265342, 0.49998
145.196622064, 0.62798
145.27294183, 0.5988
145.291843417, 0.61597
145.333612353, 0.55032
145.370320263, 0.52094
145.386760291, 0.50999
145.546223682, 0.62853
145.547307288, 0.49998
145.550203625, 0.61164
145.58210983, 0.58726
145.597101554, 0.53177
145.694626883, 0.56874
145.729171811, 0.51508
145.783111739, 0.60048
145.793416806, 0.5488
145.838457437, 0.61552
145.897065215, 0.49998
145.897200771, 0.62907
146.090307994, 0.5836
146.099105955, 0.53297
146.102192193, 0.51379
146.137446894, 0.61874
146.153609966, 0.60431
146.199423816, 0.55958
146.248636593, 0.62961
146.250978372, 0.49998
146.456621968, 0.52016
146.470665751, 0.61493
146.498993343, 0.5936
146.541499753, 0.54387
146.60142142, 0.63014
146.602636386, 0.49998
146.645059583, 0.57088
146.741260757, 0.60537
146.764852118, 0.51362
146.810652219, 0.61827
146.856402797, 0.52999
146.913641633, 0.59002
146.952112099, 0.63066
146.952592645, 0.49998
146.994517402, 0.55117
147.069407804, 0.6066
147.106770723, 0.51568
147.145448097, 0.61966
147.170672043, 0.57287
147.254025844, 0.53302
147.303724971, 0.63119
147.306151885, 0.49998
147.326140645, 0.59455
147.437866751, 0.51528
147.454763367, 0.61468
147.514113357, 0.55345
147.629674068, 0.57916
147.656244452, 0.6317
147.656705197, 0.53047
147.657558103, 0.49998
147.706348142, 0.60084
147.768662776, 0.51308
147.809629184, 0.61845
147.988091279, 0.56439
148.007226496, 0.63221
148.007371052, 0.49998
148.021765661, 0.54258
148.064302565, 0.52066
148.081507699, 0.6069
148.115646018, 0.58799
148.155828075, 0.62184
148.358679246, 0.63272
148.360706221, 0.49998
148.395702546, 0.61341
148.398212608, 0.51362
148.402113888, 0.57209
148.40578238, 0.53184
148.472264217, 0.55271
148.494639991, 0.60147
148.50243418, 0.624
148.649313154, 0.5874
148.686173367, 0.5213
148.71151415, 0.63322
148.711991264, 0.49998
148.742436986, 0.61649
148.762004781, 0.53869
148.814547631, 0.57109
148.886609876, 0.60132
148.893197693, 0.55521
148.923255798, 0.51249
149.018244988, 0.52769
149.048018128, 0.61619
149.061792109, 0.49998
149.0619789, 0.63372
149.082912582, 0.58611
149.130041853, 0.54451
149.227578111, 0.56739
149.256393348, 0.60224
149.26008986, 0.51453
149.331303879, 0.6188
149.354550619, 0.53063
149.413854407, 0.63421
149.415033368, 0.49998
149.480238263, 0.54995
149.550749239, 0.58812
149.609591941, 0.62283
149.612807661, 0.6076
149.616111787, 0.51595
149.651878591, 0.56817
149.68089233, 0.53384
149.76618666, 0.6347
149.766328092, 0.49998
149.924045021, 0.62023
149.958802657, 0.51235
149.970753093, 0.55108
150.011216118, 0.5278
150.034379645, 0.60029
150.057729021, 0.57701
150.115751403, 0.49998
150.117181778, 0.63518
150.277162815, 0.62122
150.318641534, 0.51618
150.359853426, 0.53671
150.417970964, 0.56139
150.46249709, 0.60701
150.469027259, 0.49998
150.469130171, 0.63566
150.571910796, 0.58628
150.64063314, 0.62212
150.65044895, 0.51276
150.730280417, 0.52738
150.733269372, 0.54572
150.818878384, 0.63613
150.820460786, 0.49998
150.841180468, 0.6063
150.943982385, 0.56594
150.975862744, 0.62271
150.9997414, 0.51594
151.13619333, 0.5896
151.16370369, 0.53896
151.172711171, 0.63659
151.172890526, 0.49998
151.228790228, 0.61034
151.295306097, 0.62552
151.356862845, 0.51741
151.511387904, 0.56666
151.523064711, 0.49998
151.52436557, 0.63706
151.55928337, 0.62092
151.574930803, 0.6019
151.609644322, 0.53585
151.698433859, 0.51604
151.826808109, 0.61771
151.86464888, 0.58966
151.874260768, 0.49998
151.874389387, 0.63751
151.998057447, 0.55014
151.998921696, 0.52876
152.005537091, 0.51231
152.052513575, 0.60611
152.061256931, 0.57235
152.109173753, 0.62342
152.22539692, 0.63796
152.22646232, 0.49998
152.296618316, 0.51663
152.397605286, 0.59013
152.417460676, 0.61199
152.42203669, 0.62713
152.447929308, 0.53877
152.506980507, 0.5647
152.577013943, 0.49998
152.577371269, 0.63841
152.585068213, 0.51852
152.739632131, 0.62364
152.781290011, 0.60251
152.833318558, 0.51245
152.873502035, 0.53014
152.910050594, 0.55232
152.928600035, 0.49998
152.93029515, 0.63885
152.965360619, 0.57952
153.002246279, 0.61503
153.063081692, 0.62829
153.126560559, 0.51569
153.204891233, 0.60095
153.241522154, 0.53498
153.280692018, 0.49998
153.28169776, 0.63928
153.291919178, 0.61972
153.374207102, 0.55976
153.462466572, 0.51642
153.526994153, 0.58537
153.542318072, 0.62704
153.568134356, 0.60967
153.633585825, 0.63971
153.633781383, 0.49998
153.676381389, 0.53629
153.829910137, 0.51625
153.867000326, 0.62341
153.898173629, 0.60381
153.944599429, 0.55934
153.984034362, 0.64014
153.984823009, 0.49998
154.003888286, 0.58442
154.133241559, 0.53307
154.152469596, 0.51458
154.163141404, 0.61384
154.205207329, 0.62759
154.33492256, 0.49998
154.335479235, 0.64056
154.338620938, 0.59815
154.448463721, 0.57625
154.458620993, 0.51417
154.474699189, 0.55172
154.499693593, 0.61284
154.528000244, 0.5304
154.53620716, 0.62783
154.687508153, 0.49998
154.687902776, 0.64097
154.791052965, 0.51679
154.827128039, 0.59461
154.844911149, 0.61594
154.848434869, 0.63064
154.917689256, 0.56901
154.932586093, 0.54099
155.03848959, 0.64138
155.039180426, 0.49998
155.092981534, 0.51926
155.149409314, 0.62744
155.217534479, 0.6087
155.3255223, 0.55955
155.350655993, 0.53488
155.374791694, 0.58658
155.388780433, 0.51629
155.390076992, 0.64178
155.391365976, 0.49998
155.421771795, 0.6243
155.617417455, 0.6082
155.664825579, 0.51281
155.674565516, 0.54747
155.694192426, 0.6261
155.721542314, 0.52873
155.74214944, 0.64218
155.742211156, 0.49998
155.814091066, 0.57013
155.964629827, 0.63068
155.965561169, 0.59414
156.001729493, 0.51889
156.009149051, 0.61476
156.093470951, 0.64258
156.093592313, 0.49998
156.10981479, 0.54534
156.277823606, 0.62738
156.279541114, 0.51262
156.382651213, 0.57455
156.38453111, 0.52837
156.41295521, 0.60687
156.444799126, 0.64296
156.446012532, 0.49998
156.58590801, 0.62702
156.59355702, 0.5474
156.602527967, 0.51404
156.763475681, 0.52825
156.79666974, 0.49998
156.797612108, 0.64335
156.809940776, 0.59258
156.815308989, 0.61367
156.871999201, 0.63109
156.915046999, 0.51281
156.918796838, 0.56546
157.034833631, 0.54152
157.106013706, 0.52232
157.108942447, 0.6253
157.148391576, 0.49998
157.148770495, 0.64372
157.264460215, 0.58214
157.271108493, 0.60637
157.353717212, 0.51313
157.412041066, 0.62839
157.436478981, 0.55468
157.437879817, 0.53162
157.500432381, 0.6441
157.500630452, 0.49998
157.667925741, 0.57257
157.701730664, 0.51631
157.721426684, 0.63255
157.722787475, 0.61589
157.773775723, 0.5937
157.851023364, 0.64446
157.851203823, 0.49998
157.90394819, 0.53846
158.033543328, 0.62889
158.061143882, 0.56479
158.070563268, 0.51683
158.117050961, 0.60949
158.202643796, 0.64482
158.202846357, 0.49998
158.314283062, 0.58852
158.333873913, 0.63396
158.344813331, 0.54507
158.345740884, 0.62042
158.399432562, 0.52776
158.400423424, 0.51266
158.554766845, 0.64518
158.555539447, 0.49998
158.608111531, 0.5629
158.613207567, 0.62966
158.616048804, 0.6097
158.713912078, 0.51666
158.77815142, 0.53741
158.857060031, 0.58691
158.874488848, 0.62561
158.905405758, 0.64553
158.906667725, 0.49998
159.060122614, 0.51607
159.131877803, 0.61048
159.155277932, 0.63163
159.160000005, 0.55792
159.181024544, 0.53332
159.25707438, 0.64587
159.258336009, 0.49998
159.358525382, 0.58432
159.439554214, 0.51765
159.477875015, 0.62874
159.54601587, 0.53996
159.565830781, 0.60847
159.6085253, 0.49998
159.609241908, 0.64621
159.744754169, 0.56213
159.771072631, 0.52608
159.780297778, 0.51234
159.782227938, 0.58961
159.792888816, 0.63478
159.826140892, 0.62069
159.960528096, 0.64655
159.961776642, 0.49998
160.00229962, 0.53939
160.100793792, 0.5179
160.14689549, 0.60673
160.15082181, 0.58005
160.160956782, 0.63029
160.311641493, 0.49998
160.312332305, 0.64687
160.36942266, 0.55451
160.42170889, 0.53137
160.428068664, 0.5133
160.512162074, 0.63515
160.52088046, 0.5763
160.557337062, 0.61885
160.663986881, 0.49998
160.664631411, 0.6472
160.675115084, 0.59655
160.743559286, 0.51777
160.863448634, 0.63208
160.876927187, 0.54202
160.888597854, 0.57007
160.998133939, 0.61262
161.015504291, 0.49998
161.015627122, 0.64751
161.052362625, 0.52112
161.184431014, 0.63721
161.206870283, 0.62518
161.25587582, 0.59094
161.270594986, 0.55969
161.284393351, 0.51387
161.351199744, 0.53298
161.367561526, 0.49998
161.367651667, 0.64782
161.453012569, 0.61424
161.517708047, 0.63324
161.57676829, 0.5158
161.650493456, 0.54798
161.691367696, 0.57339
161.718338194, 0.49998
161.718455244, 0.64813
161.749663235, 0.53045
161.825092872, 0.60236
161.873819618, 0.62765
161.931470687, 0.51627
162.06967514, 0.49998
162.070308911, 0.64843
162.135544047, 0.54345
162.231598278, 0.57796
162.232965663, 0.63276
162.264659278, 0.51839
162.352604862, 0.61052
162.421549228, 0.49998
162.422152021, 0.64872
162.561181964, 0.6341
162.591843763, 0.53165
162.605208777, 0.51376
162.666791512, 0.55527
162.719612467, 0.61957
162.772787532, 0.49998
162.773384467, 0.64901
162.774699809, 0.58406
162.893926678, 0.63616
162.948753807, 0.5175
162.993205251, 0.60572
163.024272603, 0.53802
163.037715069, 0.62351
163.124585564, 0.49998
163.125143476, 0.6493
163.207355148, 0.58608
163.224635541, 0.63608
163.224877981, 0.5609
163.278985468, 0.52579
163.29692936, 0.51228
163.308148409, 0.61849
163.427118052, 0.60211
163.475853549, 0.64958
163.476343042, 0.63223
163.476370595, 0.49998
163.493186833, 0.53853
163.598643537, 0.57991
163.622162393, 0.51785
163.633023981, 0.61757
163.73093364, 0.6349
163.796165735, 0.55581
163.812443514, 0.59997
163.827620864, 0.49998
163.828627071, 0.64985
163.924837348, 0.53243
163.964031093, 0.51409
163.982628318, 0.62065
164.025479915, 0.63787
164.046390718, 0.57778
164.179405996, 0.65011
164.179427879, 0.49998
164.247280847, 0.60326
164.288895942, 0.51999
164.320225551, 0.63243
164.345903996, 0.54661
164.482893085, 0.57602
164.531676885, 0.65038
164.531768008, 0.49998
164.588668332, 0.61953
164.646205701, 0.63758
164.665900093, 0.51848
164.683317576, 0.59718
164.811451726, 0.56136
164.883123327, 0.49998
164.883523892, 0.65063
164.888939416, 0.62928
164.897583368, 0.53813
164.985768627, 0.61042
165.081878023, 0.58364
165.085284284, 0.51725
165.092931358, 0.6388
165.205637855, 0.62405
165.233967415, 0.65088
165.234478111, 0.49998
165.281428214, 0.55804
165.345821363, 0.53467
165.389313954, 0.60396
165.406053968, 0.63812
165.447191225, 0.51591
165.521398036, 0.62315
165.585489509, 0.49998
165.585493438, 0.65113
165.668472442, 0.58026
165.690103513, 0.52981
165.708520014, 0.54973
165.754944871, 0.63622
165.802498307, 0.51508
165.868860551, 0.61275
165.937021953, 0.65136
165.937074887, 0.49998
166.089156205, 0.53347
166.093870278, 0.63553
166.124489493, 0.51455
166.161693113, 0.56043
166.223081892, 0.59227
166.28921038, 0.49998
166.289586726, 0.6516
166.329836555, 0.62042
166.44042277, 0.63832
166.452408049, 0.51775
166.580828309, 0.54056
166.639990608, 0.49998
166.640843355, 0.65182
166.667786175, 0.60799
166.741146605, 0.57354
166.742165454, 0.63445
166.835291831, 0.51954
166.971315329, 0.62277
166.991897948, 0.49998
166.992622929, 0.65205
167.094168671, 0.60091
167.136009134, 0.54567
167.147138048, 0.63806
167.21865058, 0.51984
167.30563947, 0.62249
167.335034356, 0.57566
167.343705719, 0.65226
167.34379259, 0.49998
167.493964904, 0.63843
167.521025777, 0.60474
167.56218951, 0.51689
167.592360282, 0.53781
167.643897172, 0.62398
167.694986769, 0.49998
167.695328309, 0.65247
167.7809576, 0.58837
167.793179375, 0.56216
167.863385549, 0.51228
167.868854319, 0.6372
167.896671366, 0.5266
168.011140486, 0.61403
168.04633624, 0.65268
168.046746007, 0.49998
168.060522504, 0.5437
168.172603091, 0.51374
168.198990038, 0.58879
168.250919133, 0.63498
168.252929796, 0.52838
168.354067749, 0.56274
168.397900817, 0.65287
168.399045987, 0.49998
168.493824979, 0.51566
168.543194781, 0.61345
168.555759803, 0.5389
168.617447704, 0.63666
168.637041101, 0.5866
168.747012905, 0.52037
168.749997641, 0.65307
168.750182627, 0.49998
168.886446891, 0.5584
168.933934568, 0.64121
168.974115092, 0.62484
168.992165596, 0.51363
169.000084071, 0.58079
169.020163747, 0.53483
169.100567398, 0.60372
169.101878731, 0.49998
169.102066266, 0.65325
169.253560808, 0.63831
169.302121362, 0.51931
169.362612455, 0.57606
169.424073778, 0.54974
169.449710327, 0.62143
169.453061139, 0.49998
169.453617873, 0.65343
169.56119145, 0.64029
169.617972008, 0.51251
169.628626348, 0.59817
169.645928621, 0.5314
169.776235887, 0.63239
169.804726555, 0.6536
169.804823142, 0.49998
169.813559783, 0.57159
169.898129812, 0.61548
169.957426963, 0.51778
170.000110873, 0.64226
170.029636622, 0.54387
170.095429704, 0.62874
170.155861702, 0.65377
170.156575619, 0.49998
170.17804543, 0.59668
170.231690308, 0.56955
170.268810845, 0.51747
170.326067316, 0.63957
170.364627238, 0.61984
170.429193548, 0.53398
170.507535153, 0.65394
170.507912334, 0.49998
170.523965747, 0.55283
170.555659902, 0.51847
170.642678542, 0.58271
170.657309034, 0.63629
170.773281315, 0.51395
170.783351854, 0.6124
170.800971495, 0.53299
170.859257064, 0.49998
170.859722073, 0.65409
170.92506441, 0.5565
171.025804134, 0.63626
171.050102972, 0.51658
171.17374736, 0.53391
171.201224743, 0.58649
171.211024531, 0.65425
171.211149591, 0.49998
171.308960172, 0.61751
171.343608187, 0.55426
171.37200563, 0.51698
171.403331845, 0.63858
171.562055036, 0.65439
171.562724366, 0.49998
171.599546937, 0.53514
171.670330171, 0.5144
171.712724231, 0.64255
171.744808287, 0.56636
171.764481939, 0.59907
171.784606575, 0.62568
171.900968321, 0.52148
171.914299403, 0.49998
171.914423098, 0.65453
172.007171007, 0.64255
172.015387077, 0.54368
172.185801497, 0.52022
172.189017317, 0.63393
172.209132969, 0.61323
172.265260349, 0.65466
172.265644904, 0.49998
172.306732919, 0.57911
172.420490223, 0.54257
172.470617141, 0.6379
172.48594369, 0.51751
172.617008342, 0.49998
172.617384095, 0.65479
172.621401115, 0.61748
172.777278579, 0.63844
172.79698201, 0.51308
172.80221803, 0.5317
172.846117279, 0.56119
172.864769897, 0.59381
172.968792019, 0.65491
172.968931928, 0.49998
173.025297543, 0.62261
173.063107841, 0.64192
173.128248486, 0.51669
173.214317002, 0.5398
173.276520152, 0.60348
173.289521988, 0.63734
173.320154951, 0.49998
173.320734013, 0.65503
173.435832953, 0.62303
173.44895671, 0.57295
173.497263812, 0.51773
173.565482041, 0.64061
173.634692722, 0.54076
173.671956681, 0.49998
173.672040989, 0.65514
173.696070936, 0.60386
173.770287601, 0.62553
173.87990393, 0.64196
173.917431426, 0.52248
174.023354434, 0.65525
174.023741956, 0.49998
174.033246733, 0.55488
174.045715557, 0.58586
174.06987318, 0.6296
174.08241613, 0.6122
174.227242431, 0.64176
174.251972251, 0.51673
174.373294805, 0.62493
174.374656094, 0.65535
174.375093775, 0.49998
174.449755053, 0.5395
174.451541595, 0.60326
174.545452209, 0.57362
174.552986424, 0.63971
174.626151694, 0.51712
174.702997007, 0.62109
174.726731608, 0.49998
174.726806207, 0.65544
174.873066502, 0.59785
174.877614654, 0.55267
174.893350346, 0.63891
174.912770744, 0.53245
174.964643288, 0.51509
175.078002446, 0.65553
175.07808083, 0.49998
175.113363665, 0.57431
175.127424844, 0.61857
175.233641489, 0.52834
175.279021847, 0.63877
175.279670031, 0.51329
175.32186132, 0.54957
175.387332, 0.596
175.429619837, 0.49998
175.429831762, 0.65561
175.534328532, 0.5336
175.595372288, 0.51526
175.619069715, 0.64147
175.624898685, 0.57051
175.652829881, 0.61961
175.781265288, 0.49998
175.781419384, 0.65568
175.804759442, 0.52711
175.842850841, 0.54759
175.897194178, 0.59418
175.962221772, 0.63857
175.970728777, 0.51375
176.093338322, 0.53014
176.132718764, 0.49998
176.132784858, 0.65575
176.159626917, 0.56722
176.204072686, 0.61795
176.317969752, 0.64042
176.32890957, 0.51817
176.329442851, 0.54314
176.384688274, 0.59043
176.484282272, 0.65582
176.48429628, 0.49998
176.641524228, 0.51453
176.667018082, 0.63746
176.672410093, 0.53286
176.709088705, 0.61341
176.717889338, 0.56016
176.822989779, 0.58875
176.835939787, 0.65587
176.836028702, 0.49998
176.949640559, 0.5173
176.999380942, 0.64346
177.051187713, 0.53866
177.076246892, 0.62595
177.166378735, 0.57608
177.187408835, 0.65593
177.187494137, 0.49998
177.239347795, 0.52165
177.280258954, 0.60282
177.337480589, 0.64154
177.363223807, 0.55541
177.461382129, 0.51426
177.526593921, 0.62347
177.538997681, 0.65597
177.539132, 0.49998
177.57535772, 0.5342
177.650887383, 0.58154
177.663181285, 0.64299
177.772712588, 0.51757
177.884731469, 0.556
177.890590557, 0.49998
177.89062541, 0.65601
177.895717435, 0.63174
177.900557163, 0.60604
178.065212522, 0.51458
178.10331284, 0.53434
178.131792559, 0.643
178.179192278, 0.58047
178.242124524, 0.49998
178.242152736, 0.65605
178.261032525, 0.62382
178.355036315, 0.51899
178.433967423, 0.55598
178.46271833, 0.64102
178.470365718, 0.60183
178.59376475, 0.49998
178.593787565, 0.65608
178.598683039, 0.51576
178.659941525, 0.53535
178.702888979, 0.62275
178.753726764, 0.57911
178.801838035, 0.6414
178.856630419, 0.51708
178.945264773, 0.49998
178.945293914, 0.6561
179.024911535, 0.55669
179.043419292, 0.60151
179.109604505, 0.53275
179.112176568, 0.62617
179.114226761, 0.64379
179.1424248, 0.51374
179.296831179, 0.49998
179.296867266, 0.65612
179.418776697, 0.63884
179.424726188, 0.51931
179.452337914, 0.57913
179.527321956, 0.54441
179.528073947, 0.61417
179.648442966, 0.65613
179.648443238, 0.49998
179.718595343, 0.63746
179.718960847, 0.52036
180.0, 0.49998
180.0, 0.51752
180.0, 0.53658
180.0, 0.5581
180.0, 0.57963
180.0, 0.60084
180.0, 0.6217
180.0, 0.63999
180.0, 0.65613
