 X,    Y,   COH  
    0.00000E+00,    0.00000E+00,    0.46603E+75
    0.20000E+01,    0.00000E+00,    0.45883E+75
    0.40000E+01,    0.00000E+00,    0.46011E+75
    0.60000E+01,    0.00000E+00,    0.47120E+75
    0.80000E+01,    0.00000E+00,    0.49085E+75
    0.10000E+02,    0.00000E+00,    0.51906E+75
    0.12000E+02,    0.00000E+00,    0.55637E+75
    0.14000E+02,    0.00000E+00,    0.60381E+75
    0.16000E+02,    0.00000E+00,    0.66286E+75
    0.18000E+02,    0.00000E+00,    0.73557E+75
    0.20000E+02,    0.00000E+00,    0.82469E+75
    0.22000E+02,    0.00000E+00,    0.93394E+75
    0.24000E+02,    0.00000E+00,    0.10683E+76
    0.26000E+02,    0.00000E+00,    0.12343E+76
    0.28000E+02,    0.00000E+00,    0.14410E+76
    0.30000E+02,    0.00000E+00,    0.17002E+76
    0.32000E+02,    0.00000E+00,    0.20275E+76
    0.34000E+02,    0.00000E+00,    0.24434E+76
    0.36000E+02,    0.00000E+00,    0.29741E+76
    0.38000E+02,    0.00000E+00,    0.36519E+76
    0.40000E+02,    0.00000E+00,    0.45147E+76
    0.42000E+02,    0.00000E+00,    0.56017E+76
    0.44000E+02,    0.00000E+00,    0.69439E+76
    0.46000E+02,    0.00000E+00,    0.85400E+76
    0.48000E+02,    0.00000E+00,    0.10298E+77
    0.50000E+02,    0.00000E+00,    0.11179E+77
    0.00000E+00,    0.20000E+01,    0.14708E+75
    0.20000E+01,    0.20000E+01,    0.12845E+75
    0.40000E+01,    0.20000E+01,    0.12849E+75
    0.60000E+01,    0.20000E+01,    0.13154E+75
    0.80000E+01,    0.20000E+01,    0.13700E+75
    0.10000E+02,    0.20000E+01,    0.14481E+75
    0.12000E+02,    0.20000E+01,    0.15511E+75
    0.14000E+02,    0.20000E+01,    0.16817E+75
    0.16000E+02,    0.20000E+01,    0.18436E+75
    0.18000E+02,    0.20000E+01,    0.20418E+75
    0.20000E+02,    0.20000E+01,    0.22833E+75
    0.22000E+02,    0.20000E+01,    0.25771E+75
    0.24000E+02,    0.20000E+01,    0.29350E+75
    0.26000E+02,    0.20000E+01,    0.33729E+75
    0.28000E+02,    0.20000E+01,    0.39115E+75
    0.30000E+02,    0.20000E+01,    0.45781E+75
    0.32000E+02,    0.20000E+01,    0.54087E+75
    0.34000E+02,    0.20000E+01,    0.64494E+75
    0.36000E+02,    0.20000E+01,    0.77587E+75
    0.38000E+02,    0.20000E+01,    0.94080E+75
    0.40000E+02,    0.20000E+01,    0.11479E+76
    0.42000E+02,    0.20000E+01,    0.14057E+76
    0.44000E+02,    0.20000E+01,    0.17204E+76
    0.46000E+02,    0.20000E+01,    0.20932E+76
    0.48000E+02,    0.20000E+01,    0.25220E+76
    0.50000E+02,    0.20000E+01,    0.37298E+76
    0.00000E+00,    0.40000E+01,    0.41843E+74
    0.20000E+01,    0.40000E+01,    0.36738E+74
    0.40000E+01,    0.40000E+01,    0.36260E+74
    0.60000E+01,    0.40000E+01,    0.37082E+74
    0.80000E+01,    0.40000E+01,    0.38609E+74
    0.10000E+02,    0.40000E+01,    0.40798E+74
    0.12000E+02,    0.40000E+01,    0.43680E+74
    0.14000E+02,    0.40000E+01,    0.47323E+74
    0.16000E+02,    0.40000E+01,    0.51825E+74
    0.18000E+02,    0.40000E+01,    0.57317E+74
    0.20000E+02,    0.40000E+01,    0.63973E+74
    0.22000E+02,    0.40000E+01,    0.72020E+74
    0.24000E+02,    0.40000E+01,    0.81754E+74
    0.26000E+02,    0.40000E+01,    0.93559E+74
    0.28000E+02,    0.40000E+01,    0.10794E+75
    0.30000E+02,    0.40000E+01,    0.12554E+75
    0.32000E+02,    0.40000E+01,    0.14720E+75
    0.34000E+02,    0.40000E+01,    0.17399E+75
    0.36000E+02,    0.40000E+01,    0.20723E+75
    0.38000E+02,    0.40000E+01,    0.24853E+75
    0.40000E+02,    0.40000E+01,    0.29966E+75
    0.42000E+02,    0.40000E+01,    0.36244E+75
    0.44000E+02,    0.40000E+01,    0.43863E+75
    0.46000E+02,    0.40000E+01,    0.53250E+75
    0.48000E+02,    0.40000E+01,    0.69710E+75
    0.50000E+02,    0.40000E+01,    0.10518E+76
    0.00000E+00,    0.60000E+01,    0.11984E+74
    0.20000E+01,    0.60000E+01,    0.10475E+74
    0.40000E+01,    0.60000E+01,    0.10296E+74
    0.60000E+01,    0.60000E+01,    0.10497E+74
    0.80000E+01,    0.60000E+01,    0.10923E+74
    0.10000E+02,    0.60000E+01,    0.11538E+74
    0.12000E+02,    0.60000E+01,    0.12349E+74
    0.14000E+02,    0.60000E+01,    0.13371E+74
    0.16000E+02,    0.60000E+01,    0.14630E+74
    0.18000E+02,    0.60000E+01,    0.16162E+74
    0.20000E+02,    0.60000E+01,    0.18011E+74
    0.22000E+02,    0.60000E+01,    0.20234E+74
    0.24000E+02,    0.60000E+01,    0.22908E+74
    0.26000E+02,    0.60000E+01,    0.26127E+74
    0.28000E+02,    0.60000E+01,    0.30014E+74
    0.30000E+02,    0.60000E+01,    0.34726E+74
    0.32000E+02,    0.60000E+01,    0.40463E+74
    0.34000E+02,    0.60000E+01,    0.47476E+74
    0.36000E+02,    0.60000E+01,    0.56072E+74
    0.38000E+02,    0.60000E+01,    0.66613E+74
    0.40000E+02,    0.60000E+01,    0.79511E+74
    0.42000E+02,    0.60000E+01,    0.95247E+74
    0.44000E+02,    0.60000E+01,    0.11478E+75
    0.46000E+02,    0.60000E+01,    0.14308E+75
    0.48000E+02,    0.60000E+01,    0.19494E+75
    0.50000E+02,    0.60000E+01,    0.29772E+75
    0.00000E+00,    0.80000E+01,    0.34267E+73
    0.20000E+01,    0.80000E+01,    0.29913E+73
    0.40000E+01,    0.80000E+01,    0.29311E+73
    0.60000E+01,    0.80000E+01,    0.29815E+73
    0.80000E+01,    0.80000E+01,    0.30994E+73
    0.10000E+02,    0.80000E+01,    0.32729E+73
    0.12000E+02,    0.80000E+01,    0.35014E+73
    0.14000E+02,    0.80000E+01,    0.37894E+73
    0.16000E+02,    0.80000E+01,    0.41436E+73
    0.18000E+02,    0.80000E+01,    0.45731E+73
    0.20000E+02,    0.80000E+01,    0.50898E+73
    0.22000E+02,    0.80000E+01,    0.57087E+73
    0.24000E+02,    0.80000E+01,    0.64491E+73
    0.26000E+02,    0.80000E+01,    0.73352E+73
    0.28000E+02,    0.80000E+01,    0.83976E+73
    0.30000E+02,    0.80000E+01,    0.96750E+73
    0.32000E+02,    0.80000E+01,    0.11216E+74
    0.34000E+02,    0.80000E+01,    0.13080E+74
    0.36000E+02,    0.80000E+01,    0.15341E+74
    0.38000E+02,    0.80000E+01,    0.18085E+74
    0.40000E+02,    0.80000E+01,    0.21419E+74
    0.42000E+02,    0.80000E+01,    0.25528E+74
    0.44000E+02,    0.80000E+01,    0.30997E+74
    0.46000E+02,    0.80000E+01,    0.39624E+74
    0.48000E+02,    0.80000E+01,    0.55403E+74
    0.50000E+02,    0.80000E+01,    0.84928E+74
    0.00000E+00,    0.10000E+02,    0.98031E+72
    0.20000E+01,    0.10000E+02,    0.85492E+72
    0.40000E+01,    0.10000E+02,    0.83605E+72
    0.60000E+01,    0.10000E+02,    0.84887E+72
    0.80000E+01,    0.10000E+02,    0.88151E+72
    0.10000E+02,    0.10000E+02,    0.93038E+72
    0.12000E+02,    0.10000E+02,    0.99502E+72
    0.14000E+02,    0.10000E+02,    0.10764E+73
    0.16000E+02,    0.10000E+02,    0.11764E+73
    0.18000E+02,    0.10000E+02,    0.12973E+73
    0.20000E+02,    0.10000E+02,    0.14425E+73
    0.22000E+02,    0.10000E+02,    0.16157E+73
    0.24000E+02,    0.10000E+02,    0.18221E+73
    0.26000E+02,    0.10000E+02,    0.20680E+73
    0.28000E+02,    0.10000E+02,    0.23610E+73
    0.30000E+02,    0.10000E+02,    0.27109E+73
    0.32000E+02,    0.10000E+02,    0.31297E+73
    0.34000E+02,    0.10000E+02,    0.36322E+73
    0.36000E+02,    0.10000E+02,    0.42363E+73
    0.38000E+02,    0.10000E+02,    0.49647E+73
    0.40000E+02,    0.10000E+02,    0.58523E+73
    0.42000E+02,    0.10000E+02,    0.69818E+73
    0.44000E+02,    0.10000E+02,    0.85851E+73
    0.46000E+02,    0.10000E+02,    0.11221E+74
    0.48000E+02,    0.10000E+02,    0.15960E+74
    0.50000E+02,    0.10000E+02,    0.24485E+74
    0.00000E+00,    0.12000E+02,    0.28057E+72
    0.20000E+01,    0.12000E+02,    0.24453E+72
    0.40000E+01,    0.12000E+02,    0.23878E+72
    0.60000E+01,    0.12000E+02,    0.24209E+72
    0.80000E+01,    0.12000E+02,    0.25115E+72
    0.10000E+02,    0.12000E+02,    0.26493E+72
    0.12000E+02,    0.12000E+02,    0.28324E+72
    0.14000E+02,    0.12000E+02,    0.30631E+72
    0.16000E+02,    0.12000E+02,    0.33460E+72
    0.18000E+02,    0.12000E+02,    0.36878E+72
    0.20000E+02,    0.12000E+02,    0.40971E+72
    0.22000E+02,    0.12000E+02,    0.45844E+72
    0.24000E+02,    0.12000E+02,    0.51631E+72
    0.26000E+02,    0.12000E+02,    0.58494E+72
    0.28000E+02,    0.12000E+02,    0.66637E+72
    0.30000E+02,    0.12000E+02,    0.76307E+72
    0.32000E+02,    0.12000E+02,    0.87811E+72
    0.34000E+02,    0.12000E+02,    0.10152E+73
    0.36000E+02,    0.12000E+02,    0.11791E+73
    0.38000E+02,    0.12000E+02,    0.13767E+73
    0.40000E+02,    0.12000E+02,    0.16210E+73
    0.42000E+02,    0.12000E+02,    0.19446E+73
    0.44000E+02,    0.12000E+02,    0.24267E+73
    0.46000E+02,    0.12000E+02,    0.32328E+73
    0.48000E+02,    0.12000E+02,    0.46535E+73
    0.50000E+02,    0.12000E+02,    0.71358E+73
    0.00000E+00,    0.14000E+02,    0.80333E+71
    0.20000E+01,    0.14000E+02,    0.69981E+71
    0.40000E+01,    0.14000E+02,    0.68262E+71
    0.60000E+01,    0.14000E+02,    0.69127E+71
    0.80000E+01,    0.14000E+02,    0.71651E+71
    0.10000E+02,    0.14000E+02,    0.75542E+71
    0.12000E+02,    0.14000E+02,    0.80736E+71
    0.14000E+02,    0.14000E+02,    0.87284E+71
    0.16000E+02,    0.14000E+02,    0.95312E+71
    0.18000E+02,    0.14000E+02,    0.10500E+72
    0.20000E+02,    0.14000E+02,    0.11658E+72
    0.22000E+02,    0.14000E+02,    0.13034E+72
    0.24000E+02,    0.14000E+02,    0.14663E+72
    0.26000E+02,    0.14000E+02,    0.16590E+72
    0.28000E+02,    0.14000E+02,    0.18867E+72
    0.30000E+02,    0.14000E+02,    0.21560E+72
    0.32000E+02,    0.14000E+02,    0.24748E+72
    0.34000E+02,    0.14000E+02,    0.28532E+72
    0.36000E+02,    0.14000E+02,    0.33047E+72
    0.38000E+02,    0.14000E+02,    0.38525E+72
    0.40000E+02,    0.14000E+02,    0.45460E+72
    0.42000E+02,    0.14000E+02,    0.55016E+72
    0.44000E+02,    0.14000E+02,    0.69724E+72
    0.46000E+02,    0.14000E+02,    0.94407E+72
    0.48000E+02,    0.14000E+02,    0.13712E+73
    0.50000E+02,    0.14000E+02,    0.21009E+73
    0.00000E+00,    0.16000E+02,    0.23008E+71
    0.20000E+01,    0.16000E+02,    0.20036E+71
    0.40000E+01,    0.16000E+02,    0.19527E+71
    0.60000E+01,    0.16000E+02,    0.19755E+71
    0.80000E+01,    0.16000E+02,    0.20461E+71
    0.10000E+02,    0.16000E+02,    0.21561E+71
    0.12000E+02,    0.16000E+02,    0.23036E+71
    0.14000E+02,    0.16000E+02,    0.24897E+71
    0.16000E+02,    0.16000E+02,    0.27179E+71
    0.18000E+02,    0.16000E+02,    0.29930E+71
    0.20000E+02,    0.16000E+02,    0.33214E+71
    0.22000E+02,    0.16000E+02,    0.37110E+71
    0.24000E+02,    0.16000E+02,    0.41715E+71
    0.26000E+02,    0.16000E+02,    0.47146E+71
    0.28000E+02,    0.16000E+02,    0.53547E+71
    0.30000E+02,    0.16000E+02,    0.61092E+71
    0.32000E+02,    0.16000E+02,    0.69996E+71
    0.34000E+02,    0.16000E+02,    0.80544E+71
    0.36000E+02,    0.16000E+02,    0.93167E+71
    0.38000E+02,    0.16000E+02,    0.10868E+72
    0.40000E+02,    0.16000E+02,    0.12888E+72
    0.42000E+02,    0.16000E+02,    0.15767E+72
    0.44000E+02,    0.16000E+02,    0.20290E+72
    0.46000E+02,    0.16000E+02,    0.27860E+72
    0.48000E+02,    0.16000E+02,    0.40747E+72
    0.50000E+02,    0.16000E+02,    0.62375E+72
    0.00000E+00,    0.18000E+02,    0.65911E+70
    0.20000E+01,    0.18000E+02,    0.57382E+70
    0.40000E+01,    0.18000E+02,    0.55886E+70
    0.60000E+01,    0.18000E+02,    0.56493E+70
    0.80000E+01,    0.18000E+02,    0.58469E+70
    0.10000E+02,    0.18000E+02,    0.61583E+70
    0.12000E+02,    0.18000E+02,    0.65774E+70
    0.14000E+02,    0.18000E+02,    0.71072E+70
    0.16000E+02,    0.18000E+02,    0.77566E+70
    0.18000E+02,    0.18000E+02,    0.85392E+70
    0.20000E+02,    0.18000E+02,    0.94725E+70
    0.22000E+02,    0.18000E+02,    0.10578E+71
    0.24000E+02,    0.18000E+02,    0.11883E+71
    0.26000E+02,    0.18000E+02,    0.13419E+71
    0.28000E+02,    0.18000E+02,    0.15226E+71
    0.30000E+02,    0.18000E+02,    0.17350E+71
    0.32000E+02,    0.18000E+02,    0.19854E+71
    0.34000E+02,    0.18000E+02,    0.22823E+71
    0.36000E+02,    0.18000E+02,    0.26403E+71
    0.38000E+02,    0.18000E+02,    0.30883E+71
    0.40000E+02,    0.18000E+02,    0.36882E+71
    0.42000E+02,    0.18000E+02,    0.45670E+71
    0.44000E+02,    0.18000E+02,    0.59639E+71
    0.46000E+02,    0.18000E+02,    0.82891E+71
    0.48000E+02,    0.18000E+02,    0.12192E+72
    0.50000E+02,    0.18000E+02,    0.18648E+72
    0.00000E+00,    0.20000E+02,    0.18884E+70
    0.20000E+01,    0.20000E+02,    0.16437E+70
    0.40000E+01,    0.20000E+02,    0.15999E+70
    0.60000E+01,    0.20000E+02,    0.16162E+70
    0.80000E+01,    0.20000E+02,    0.16717E+70
    0.10000E+02,    0.20000E+02,    0.17599E+70
    0.12000E+02,    0.20000E+02,    0.18791E+70
    0.14000E+02,    0.20000E+02,    0.20300E+70
    0.16000E+02,    0.20000E+02,    0.22150E+70
    0.18000E+02,    0.20000E+02,    0.24379E+70
    0.20000E+02,    0.20000E+02,    0.27035E+70
    0.22000E+02,    0.20000E+02,    0.30179E+70
    0.24000E+02,    0.20000E+02,    0.33885E+70
    0.26000E+02,    0.20000E+02,    0.38242E+70
    0.28000E+02,    0.20000E+02,    0.43357E+70
    0.30000E+02,    0.20000E+02,    0.49367E+70
    0.32000E+02,    0.20000E+02,    0.56452E+70
    0.34000E+02,    0.20000E+02,    0.64887E+70
    0.36000E+02,    0.20000E+02,    0.75174E+70
    0.38000E+02,    0.20000E+02,    0.88321E+70
    0.40000E+02,    0.20000E+02,    0.10640E+71
    0.42000E+02,    0.20000E+02,    0.13344E+71
    0.44000E+02,    0.20000E+02,    0.17670E+71
    0.46000E+02,    0.20000E+02,    0.24820E+71
    0.48000E+02,    0.20000E+02,    0.36677E+71
    0.50000E+02,    0.20000E+02,    0.56067E+71
    0.00000E+00,    0.22000E+02,    0.54109E+69
    0.20000E+01,    0.22000E+02,    0.47088E+69
    0.40000E+01,    0.22000E+02,    0.45812E+69
    0.60000E+01,    0.22000E+02,    0.46250E+69
    0.80000E+01,    0.22000E+02,    0.47813E+69
    0.10000E+02,    0.22000E+02,    0.50315E+69
    0.12000E+02,    0.22000E+02,    0.53707E+69
    0.14000E+02,    0.22000E+02,    0.58008E+69
    0.16000E+02,    0.22000E+02,    0.63283E+69
    0.18000E+02,    0.22000E+02,    0.69637E+69
    0.20000E+02,    0.22000E+02,    0.77206E+69
    0.22000E+02,    0.22000E+02,    0.86158E+69
    0.24000E+02,    0.22000E+02,    0.96700E+69
    0.26000E+02,    0.22000E+02,    0.10908E+70
    0.28000E+02,    0.22000E+02,    0.12361E+70
    0.30000E+02,    0.22000E+02,    0.14068E+70
    0.32000E+02,    0.22000E+02,    0.16085E+70
    0.34000E+02,    0.22000E+02,    0.18503E+70
    0.36000E+02,    0.22000E+02,    0.21495E+70
    0.38000E+02,    0.22000E+02,    0.25404E+70
    0.40000E+02,    0.22000E+02,    0.30908E+70
    0.42000E+02,    0.22000E+02,    0.39270E+70
    0.44000E+02,    0.22000E+02,    0.52678E+70
    0.46000E+02,    0.22000E+02,    0.74689E+70
    0.48000E+02,    0.22000E+02,    0.11081E+71
    0.50000E+02,    0.22000E+02,    0.16932E+71
    0.00000E+00,    0.24000E+02,    0.15504E+69
    0.20000E+01,    0.24000E+02,    0.13490E+69
    0.40000E+01,    0.24000E+02,    0.13120E+69
    0.60000E+01,    0.24000E+02,    0.13238E+69
    0.80000E+01,    0.24000E+02,    0.13679E+69
    0.10000E+02,    0.24000E+02,    0.14389E+69
    0.12000E+02,    0.24000E+02,    0.15355E+69
    0.14000E+02,    0.24000E+02,    0.16581E+69
    0.16000E+02,    0.24000E+02,    0.18086E+69
    0.18000E+02,    0.24000E+02,    0.19899E+69
    0.20000E+02,    0.24000E+02,    0.22058E+69
    0.22000E+02,    0.24000E+02,    0.24609E+69
    0.24000E+02,    0.24000E+02,    0.27613E+69
    0.26000E+02,    0.24000E+02,    0.31138E+69
    0.28000E+02,    0.24000E+02,    0.35275E+69
    0.30000E+02,    0.24000E+02,    0.40141E+69
    0.32000E+02,    0.24000E+02,    0.45915E+69
    0.34000E+02,    0.24000E+02,    0.52907E+69
    0.36000E+02,    0.24000E+02,    0.61702E+69
    0.38000E+02,    0.24000E+02,    0.73448E+69
    0.40000E+02,    0.24000E+02,    0.90324E+69
    0.42000E+02,    0.24000E+02,    0.11625E+70
    0.44000E+02,    0.24000E+02,    0.15782E+70
    0.46000E+02,    0.24000E+02,    0.22561E+70
    0.48000E+02,    0.24000E+02,    0.33587E+70
    0.50000E+02,    0.24000E+02,    0.51309E+70
    0.00000E+00,    0.26000E+02,    0.44426E+68
    0.20000E+01,    0.26000E+02,    0.38650E+68
    0.40000E+01,    0.26000E+02,    0.37575E+68
    0.60000E+01,    0.26000E+02,    0.37898E+68
    0.80000E+01,    0.26000E+02,    0.39142E+68
    0.10000E+02,    0.26000E+02,    0.41160E+68
    0.12000E+02,    0.26000E+02,    0.43911E+68
    0.14000E+02,    0.26000E+02,    0.47409E+68
    0.16000E+02,    0.26000E+02,    0.51705E+68
    0.18000E+02,    0.26000E+02,    0.56879E+68
    0.20000E+02,    0.26000E+02,    0.63039E+68
    0.22000E+02,    0.26000E+02,    0.70320E+68
    0.24000E+02,    0.26000E+02,    0.78885E+68
    0.26000E+02,    0.26000E+02,    0.88940E+68
    0.28000E+02,    0.26000E+02,    0.10075E+69
    0.30000E+02,    0.26000E+02,    0.11467E+69
    0.32000E+02,    0.26000E+02,    0.13130E+69
    0.34000E+02,    0.26000E+02,    0.15168E+69
    0.36000E+02,    0.26000E+02,    0.17777E+69
    0.38000E+02,    0.26000E+02,    0.21334E+69
    0.40000E+02,    0.26000E+02,    0.26532E+69
    0.42000E+02,    0.26000E+02,    0.34577E+69
    0.44000E+02,    0.26000E+02,    0.47466E+69
    0.46000E+02,    0.26000E+02,    0.68352E+69
    0.48000E+02,    0.26000E+02,    0.10206E+70
    0.50000E+02,    0.26000E+02,    0.15589E+70
    0.00000E+00,    0.28000E+02,    0.12730E+68
    0.20000E+01,    0.28000E+02,    0.11073E+68
    0.40000E+01,    0.28000E+02,    0.10762E+68
    0.60000E+01,    0.28000E+02,    0.10850E+68
    0.80000E+01,    0.28000E+02,    0.11202E+68
    0.10000E+02,    0.28000E+02,    0.11776E+68
    0.12000E+02,    0.28000E+02,    0.12560E+68
    0.14000E+02,    0.28000E+02,    0.13558E+68
    0.16000E+02,    0.28000E+02,    0.14784E+68
    0.18000E+02,    0.28000E+02,    0.16262E+68
    0.20000E+02,    0.28000E+02,    0.18021E+68
    0.22000E+02,    0.28000E+02,    0.20100E+68
    0.24000E+02,    0.28000E+02,    0.22545E+68
    0.26000E+02,    0.28000E+02,    0.25417E+68
    0.28000E+02,    0.28000E+02,    0.28795E+68
    0.30000E+02,    0.28000E+02,    0.32796E+68
    0.32000E+02,    0.28000E+02,    0.37612E+68
    0.34000E+02,    0.28000E+02,    0.43592E+68
    0.36000E+02,    0.28000E+02,    0.51393E+68
    0.38000E+02,    0.28000E+02,    0.62232E+68
    0.40000E+02,    0.28000E+02,    0.78286E+68
    0.42000E+02,    0.28000E+02,    0.10326E+69
    0.44000E+02,    0.28000E+02,    0.14320E+69
    0.46000E+02,    0.28000E+02,    0.20754E+69
    0.48000E+02,    0.28000E+02,    0.31073E+69
    0.50000E+02,    0.28000E+02,    0.47460E+69
    0.00000E+00,    0.30000E+02,    0.36473E+67
    0.20000E+01,    0.30000E+02,    0.31723E+67
    0.40000E+01,    0.30000E+02,    0.30824E+67
    0.60000E+01,    0.30000E+02,    0.31066E+67
    0.80000E+01,    0.30000E+02,    0.32061E+67
    0.10000E+02,    0.30000E+02,    0.33693E+67
    0.12000E+02,    0.30000E+02,    0.35928E+67
    0.14000E+02,    0.30000E+02,    0.38777E+67
    0.16000E+02,    0.30000E+02,    0.42280E+67
    0.18000E+02,    0.30000E+02,    0.46501E+67
    0.20000E+02,    0.30000E+02,    0.51527E+67
    0.22000E+02,    0.30000E+02,    0.57465E+67
    0.24000E+02,    0.30000E+02,    0.64455E+67
    0.26000E+02,    0.30000E+02,    0.72671E+67
    0.28000E+02,    0.30000E+02,    0.82360E+67
    0.30000E+02,    0.30000E+02,    0.93897E+67
    0.32000E+02,    0.30000E+02,    0.10792E+68
    0.34000E+02,    0.30000E+02,    0.12560E+68
    0.36000E+02,    0.30000E+02,    0.14907E+68
    0.38000E+02,    0.30000E+02,    0.18223E+68
    0.40000E+02,    0.30000E+02,    0.23190E+68
    0.42000E+02,    0.30000E+02,    0.30943E+68
    0.44000E+02,    0.30000E+02,    0.43309E+68
    0.46000E+02,    0.30000E+02,    0.63128E+68
    0.48000E+02,    0.30000E+02,    0.94737E+68
    0.50000E+02,    0.30000E+02,    0.14471E+69
    0.00000E+00,    0.32000E+02,    0.10450E+67
    0.20000E+01,    0.32000E+02,    0.90881E+66
    0.40000E+01,    0.32000E+02,    0.88283E+66
    0.60000E+01,    0.32000E+02,    0.88949E+66
    0.80000E+01,    0.32000E+02,    0.91771E+66
    0.10000E+02,    0.32000E+02,    0.96414E+66
    0.12000E+02,    0.32000E+02,    0.10279E+67
    0.14000E+02,    0.32000E+02,    0.11092E+67
    0.16000E+02,    0.32000E+02,    0.12093E+67
    0.18000E+02,    0.32000E+02,    0.13299E+67
    0.20000E+02,    0.32000E+02,    0.14735E+67
    0.22000E+02,    0.32000E+02,    0.16433E+67
    0.24000E+02,    0.32000E+02,    0.18432E+67
    0.26000E+02,    0.32000E+02,    0.20787E+67
    0.28000E+02,    0.32000E+02,    0.23573E+67
    0.30000E+02,    0.32000E+02,    0.26913E+67
    0.32000E+02,    0.32000E+02,    0.31019E+67
    0.34000E+02,    0.32000E+02,    0.36273E+67
    0.36000E+02,    0.32000E+02,    0.43373E+67
    0.38000E+02,    0.32000E+02,    0.53552E+67
    0.40000E+02,    0.32000E+02,    0.68928E+67
    0.42000E+02,    0.32000E+02,    0.92979E+67
    0.44000E+02,    0.32000E+02,    0.13124E+68
    0.46000E+02,    0.32000E+02,    0.19227E+68
    0.48000E+02,    0.32000E+02,    0.28914E+68
    0.50000E+02,    0.32000E+02,    0.44169E+68
    0.00000E+00,    0.34000E+02,    0.29938E+66
    0.20000E+01,    0.34000E+02,    0.26034E+66
    0.40000E+01,    0.34000E+02,    0.25285E+66
    0.60000E+01,    0.34000E+02,    0.25469E+66
    0.80000E+01,    0.34000E+02,    0.26269E+66
    0.10000E+02,    0.34000E+02,    0.27591E+66
    0.12000E+02,    0.34000E+02,    0.29409E+66
    0.14000E+02,    0.34000E+02,    0.31731E+66
    0.16000E+02,    0.34000E+02,    0.34590E+66
    0.18000E+02,    0.34000E+02,    0.38038E+66
    0.20000E+02,    0.34000E+02,    0.42144E+66
    0.22000E+02,    0.34000E+02,    0.47001E+66
    0.24000E+02,    0.34000E+02,    0.52727E+66
    0.26000E+02,    0.34000E+02,    0.59485E+66
    0.28000E+02,    0.34000E+02,    0.67520E+66
    0.30000E+02,    0.34000E+02,    0.77229E+66
    0.32000E+02,    0.34000E+02,    0.89310E+66
    0.34000E+02,    0.34000E+02,    0.10501E+67
    0.36000E+02,    0.34000E+02,    0.12658E+67
    0.38000E+02,    0.34000E+02,    0.15789E+67
    0.40000E+02,    0.34000E+02,    0.20550E+67
    0.42000E+02,    0.34000E+02,    0.28004E+67
    0.44000E+02,    0.34000E+02,    0.39830E+67
    0.46000E+02,    0.34000E+02,    0.58618E+67
    0.48000E+02,    0.34000E+02,    0.88316E+67
    0.50000E+02,    0.34000E+02,    0.13493E+68
    0.00000E+00,    0.36000E+02,    0.85766E+65
    0.20000E+01,    0.36000E+02,    0.74577E+65
    0.40000E+01,    0.36000E+02,    0.72417E+65
    0.60000E+01,    0.36000E+02,    0.72925E+65
    0.80000E+01,    0.36000E+02,    0.75196E+65
    0.10000E+02,    0.36000E+02,    0.78961E+65
    0.12000E+02,    0.36000E+02,    0.84147E+65
    0.14000E+02,    0.36000E+02,    0.90780E+65
    0.16000E+02,    0.36000E+02,    0.98950E+65
    0.18000E+02,    0.36000E+02,    0.10881E+66
    0.20000E+02,    0.36000E+02,    0.12055E+66
    0.22000E+02,    0.36000E+02,    0.13445E+66
    0.24000E+02,    0.36000E+02,    0.15087E+66
    0.26000E+02,    0.36000E+02,    0.17031E+66
    0.28000E+02,    0.36000E+02,    0.19354E+66
    0.30000E+02,    0.36000E+02,    0.22188E+66
    0.32000E+02,    0.36000E+02,    0.25760E+66
    0.34000E+02,    0.36000E+02,    0.30475E+66
    0.36000E+02,    0.36000E+02,    0.37045E+66
    0.38000E+02,    0.36000E+02,    0.46690E+66
    0.40000E+02,    0.36000E+02,    0.61429E+66
    0.42000E+02,    0.36000E+02,    0.84515E+66
    0.44000E+02,    0.36000E+02,    0.12104E+67
    0.46000E+02,    0.36000E+02,    0.17885E+67
    0.48000E+02,    0.36000E+02,    0.26990E+67
    0.50000E+02,    0.36000E+02,    0.41241E+67
    0.00000E+00,    0.38000E+02,    0.24569E+65
    0.20000E+01,    0.38000E+02,    0.21362E+65
    0.40000E+01,    0.38000E+02,    0.20740E+65
    0.60000E+01,    0.38000E+02,    0.20880E+65
    0.80000E+01,    0.38000E+02,    0.21525E+65
    0.10000E+02,    0.38000E+02,    0.22598E+65
    0.12000E+02,    0.38000E+02,    0.24078E+65
    0.14000E+02,    0.38000E+02,    0.25973E+65
    0.16000E+02,    0.38000E+02,    0.28308E+65
    0.18000E+02,    0.38000E+02,    0.31126E+65
    0.20000E+02,    0.38000E+02,    0.34487E+65
    0.22000E+02,    0.38000E+02,    0.38470E+65
    0.24000E+02,    0.38000E+02,    0.43182E+65
    0.26000E+02,    0.38000E+02,    0.48783E+65
    0.28000E+02,    0.38000E+02,    0.55524E+65
    0.30000E+02,    0.38000E+02,    0.63829E+65
    0.32000E+02,    0.38000E+02,    0.74437E+65
    0.34000E+02,    0.38000E+02,    0.88651E+65
    0.36000E+02,    0.38000E+02,    0.10872E+66
    0.38000E+02,    0.38000E+02,    0.13845E+66
    0.40000E+02,    0.38000E+02,    0.18407E+66
    0.42000E+02,    0.38000E+02,    0.25549E+66
    0.44000E+02,    0.38000E+02,    0.36820E+66
    0.46000E+02,    0.38000E+02,    0.54599E+66
    0.48000E+02,    0.38000E+02,    0.82518E+66
    0.50000E+02,    0.38000E+02,    0.12611E+67
    0.00000E+00,    0.40000E+02,    0.70376E+64
    0.20000E+01,    0.40000E+02,    0.61186E+64
    0.40000E+01,    0.40000E+02,    0.59395E+64
    0.60000E+01,    0.40000E+02,    0.59785E+64
    0.80000E+01,    0.40000E+02,    0.61618E+64
    0.10000E+02,    0.40000E+02,    0.64676E+64
    0.12000E+02,    0.40000E+02,    0.68900E+64
    0.14000E+02,    0.40000E+02,    0.74312E+64
    0.16000E+02,    0.40000E+02,    0.80987E+64
    0.18000E+02,    0.40000E+02,    0.89050E+64
    0.20000E+02,    0.40000E+02,    0.98672E+64
    0.22000E+02,    0.40000E+02,    0.11009E+65
    0.24000E+02,    0.40000E+02,    0.12364E+65
    0.26000E+02,    0.40000E+02,    0.13982E+65
    0.28000E+02,    0.40000E+02,    0.15943E+65
    0.30000E+02,    0.40000E+02,    0.18387E+65
    0.32000E+02,    0.40000E+02,    0.21550E+65
    0.34000E+02,    0.40000E+02,    0.25849E+65
    0.36000E+02,    0.40000E+02,    0.31993E+65
    0.38000E+02,    0.40000E+02,    0.41162E+65
    0.40000E+02,    0.40000E+02,    0.55269E+65
    0.42000E+02,    0.40000E+02,    0.77345E+65
    0.44000E+02,    0.40000E+02,    0.11210E+66
    0.46000E+02,    0.40000E+02,    0.16676E+66
    0.48000E+02,    0.40000E+02,    0.25236E+66
    0.50000E+02,    0.40000E+02,    0.38572E+66
    0.00000E+00,    0.42000E+02,    0.20158E+64
    0.20000E+01,    0.42000E+02,    0.17524E+64
    0.40000E+01,    0.42000E+02,    0.17009E+64
    0.60000E+01,    0.42000E+02,    0.17118E+64
    0.80000E+01,    0.42000E+02,    0.17639E+64
    0.10000E+02,    0.42000E+02,    0.18510E+64
    0.12000E+02,    0.42000E+02,    0.19716E+64
    0.14000E+02,    0.42000E+02,    0.21263E+64
    0.16000E+02,    0.42000E+02,    0.23171E+64
    0.18000E+02,    0.42000E+02,    0.25478E+64
    0.20000E+02,    0.42000E+02,    0.28235E+64
    0.22000E+02,    0.42000E+02,    0.31512E+64
    0.24000E+02,    0.42000E+02,    0.35413E+64
    0.26000E+02,    0.42000E+02,    0.40097E+64
    0.28000E+02,    0.42000E+02,    0.45825E+64
    0.30000E+02,    0.42000E+02,    0.53040E+64
    0.32000E+02,    0.42000E+02,    0.62510E+64
    0.34000E+02,    0.42000E+02,    0.75552E+64
    0.36000E+02,    0.42000E+02,    0.94384E+64
    0.38000E+02,    0.42000E+02,    0.12266E+65
    0.40000E+02,    0.42000E+02,    0.16626E+65
    0.42000E+02,    0.42000E+02,    0.23444E+65
    0.44000E+02,    0.42000E+02,    0.34151E+65
    0.46000E+02,    0.42000E+02,    0.50948E+65
    0.48000E+02,    0.42000E+02,    0.77190E+65
    0.50000E+02,    0.42000E+02,    0.11800E+66
    0.00000E+00,    0.44000E+02,    0.57734E+63
    0.20000E+01,    0.44000E+02,    0.50189E+63
    0.40000E+01,    0.44000E+02,    0.48708E+63
    0.60000E+01,    0.44000E+02,    0.49010E+63
    0.80000E+01,    0.44000E+02,    0.50493E+63
    0.10000E+02,    0.44000E+02,    0.52978E+63
    0.12000E+02,    0.44000E+02,    0.56421E+63
    0.14000E+02,    0.44000E+02,    0.60840E+63
    0.16000E+02,    0.44000E+02,    0.66299E+63
    0.18000E+02,    0.44000E+02,    0.72903E+63
    0.20000E+02,    0.44000E+02,    0.80804E+63
    0.22000E+02,    0.44000E+02,    0.90220E+63
    0.24000E+02,    0.44000E+02,    0.10147E+64
    0.26000E+02,    0.44000E+02,    0.11507E+64
    0.28000E+02,    0.44000E+02,    0.13185E+64
    0.30000E+02,    0.44000E+02,    0.15324E+64
    0.32000E+02,    0.44000E+02,    0.18168E+64
    0.34000E+02,    0.44000E+02,    0.22133E+64
    0.36000E+02,    0.44000E+02,    0.27912E+64
    0.38000E+02,    0.44000E+02,    0.36634E+64
    0.40000E+02,    0.44000E+02,    0.50101E+64
    0.42000E+02,    0.44000E+02,    0.71136E+64
    0.44000E+02,    0.44000E+02,    0.10410E+65
    0.46000E+02,    0.44000E+02,    0.15570E+65
    0.48000E+02,    0.44000E+02,    0.23614E+65
    0.50000E+02,    0.44000E+02,    0.36105E+65
    0.00000E+00,    0.46000E+02,    0.16535E+63
    0.20000E+01,    0.46000E+02,    0.14374E+63
    0.40000E+01,    0.46000E+02,    0.13948E+63
    0.60000E+01,    0.46000E+02,    0.14032E+63
    0.80000E+01,    0.46000E+02,    0.14454E+63
    0.10000E+02,    0.46000E+02,    0.15163E+63
    0.12000E+02,    0.46000E+02,    0.16146E+63
    0.14000E+02,    0.46000E+02,    0.17409E+63
    0.16000E+02,    0.46000E+02,    0.18971E+63
    0.18000E+02,    0.46000E+02,    0.20862E+63
    0.20000E+02,    0.46000E+02,    0.23129E+63
    0.22000E+02,    0.46000E+02,    0.25838E+63
    0.24000E+02,    0.46000E+02,    0.29090E+63
    0.26000E+02,    0.46000E+02,    0.33047E+63
    0.28000E+02,    0.46000E+02,    0.37979E+63
    0.30000E+02,    0.46000E+02,    0.44341E+63
    0.32000E+02,    0.46000E+02,    0.52910E+63
    0.34000E+02,    0.46000E+02,    0.64991E+63
    0.36000E+02,    0.46000E+02,    0.82738E+63
    0.38000E+02,    0.46000E+02,    0.10963E+64
    0.40000E+02,    0.46000E+02,    0.15119E+64
    0.42000E+02,    0.46000E+02,    0.21605E+64
    0.44000E+02,    0.46000E+02,    0.31749E+64
    0.46000E+02,    0.46000E+02,    0.47590E+64
    0.48000E+02,    0.46000E+02,    0.72244E+64
    0.50000E+02,    0.46000E+02,    0.11047E+65
    0.00000E+00,    0.48000E+02,    0.47354E+62
    0.20000E+01,    0.48000E+02,    0.41162E+62
    0.40000E+01,    0.48000E+02,    0.39938E+62
    0.60000E+01,    0.48000E+02,    0.40173E+62
    0.80000E+01,    0.48000E+02,    0.41375E+62
    0.10000E+02,    0.48000E+02,    0.43397E+62
    0.12000E+02,    0.48000E+02,    0.46206E+62
    0.14000E+02,    0.48000E+02,    0.49817E+62
    0.16000E+02,    0.48000E+02,    0.54286E+62
    0.18000E+02,    0.48000E+02,    0.59706E+62
    0.20000E+02,    0.48000E+02,    0.66215E+62
    0.22000E+02,    0.48000E+02,    0.74020E+62
    0.24000E+02,    0.48000E+02,    0.83439E+62
    0.26000E+02,    0.48000E+02,    0.94989E+62
    0.28000E+02,    0.48000E+02,    0.10953E+63
    0.30000E+02,    0.48000E+02,    0.12852E+63
    0.32000E+02,    0.48000E+02,    0.15440E+63
    0.34000E+02,    0.48000E+02,    0.19127E+63
    0.36000E+02,    0.48000E+02,    0.24579E+63
    0.38000E+02,    0.48000E+02,    0.32869E+63
    0.40000E+02,    0.48000E+02,    0.45688E+63
    0.42000E+02,    0.48000E+02,    0.65668E+63
    0.44000E+02,    0.48000E+02,    0.96861E+63
    0.46000E+02,    0.48000E+02,    0.14548E+64
    0.48000E+02,    0.48000E+02,    0.22103E+64
    0.50000E+02,    0.48000E+02,    0.33805E+64
    0.00000E+00,    0.50000E+02,    0.13561E+62
    0.20000E+01,    0.50000E+02,    0.11787E+62
    0.40000E+01,    0.50000E+02,    0.11436E+62
    0.60000E+01,    0.50000E+02,    0.11501E+62
    0.80000E+01,    0.50000E+02,    0.11843E+62
    0.10000E+02,    0.50000E+02,    0.12421E+62
    0.12000E+02,    0.50000E+02,    0.13223E+62
    0.14000E+02,    0.50000E+02,    0.14256E+62
    0.16000E+02,    0.50000E+02,    0.15535E+62
    0.18000E+02,    0.50000E+02,    0.17090E+62
    0.20000E+02,    0.50000E+02,    0.18961E+62
    0.22000E+02,    0.50000E+02,    0.21213E+62
    0.24000E+02,    0.50000E+02,    0.23947E+62
    0.26000E+02,    0.50000E+02,    0.27328E+62
    0.28000E+02,    0.50000E+02,    0.31629E+62
    0.30000E+02,    0.50000E+02,    0.37313E+62
    0.32000E+02,    0.50000E+02,    0.45150E+62
    0.34000E+02,    0.50000E+02,    0.56414E+62
    0.36000E+02,    0.50000E+02,    0.73171E+62
    0.38000E+02,    0.50000E+02,    0.98716E+62
    0.40000E+02,    0.50000E+02,    0.13823E+63
    0.42000E+02,    0.50000E+02,    0.19974E+63
    0.44000E+02,    0.50000E+02,    0.29561E+63
    0.46000E+02,    0.50000E+02,    0.44479E+63
    0.48000E+02,    0.50000E+02,    0.67628E+63
    0.50000E+02,    0.50000E+02,    0.10344E+64
    0.00000E+00,    0.52000E+02,    0.38833E+61
    0.20000E+01,    0.52000E+02,    0.33752E+61
    0.40000E+01,    0.52000E+02,    0.32743E+61
    0.60000E+01,    0.52000E+02,    0.32927E+61
    0.80000E+01,    0.52000E+02,    0.33902E+61
    0.10000E+02,    0.52000E+02,    0.35550E+61
    0.12000E+02,    0.52000E+02,    0.37843E+61
    0.14000E+02,    0.52000E+02,    0.40797E+61
    0.16000E+02,    0.52000E+02,    0.44463E+61
    0.18000E+02,    0.52000E+02,    0.48923E+61
    0.20000E+02,    0.52000E+02,    0.54308E+61
    0.22000E+02,    0.52000E+02,    0.60819E+61
    0.24000E+02,    0.52000E+02,    0.68775E+61
    0.26000E+02,    0.52000E+02,    0.78698E+61
    0.28000E+02,    0.52000E+02,    0.91462E+61
    0.30000E+02,    0.52000E+02,    0.10852E+62
    0.32000E+02,    0.52000E+02,    0.13230E+62
    0.34000E+02,    0.52000E+02,    0.16675E+62
    0.36000E+02,    0.52000E+02,    0.21826E+62
    0.38000E+02,    0.52000E+02,    0.29694E+62
    0.40000E+02,    0.52000E+02,    0.41864E+62
    0.42000E+02,    0.52000E+02,    0.60790E+62
    0.44000E+02,    0.52000E+02,    0.90241E+62
    0.46000E+02,    0.52000E+02,    0.13600E+63
    0.48000E+02,    0.52000E+02,    0.20692E+63
    0.50000E+02,    0.52000E+02,    0.31654E+63
    0.00000E+00,    0.54000E+02,    0.11120E+61
    0.20000E+01,    0.54000E+02,    0.96646E+60
    0.40000E+01,    0.54000E+02,    0.93747E+60
    0.60000E+01,    0.54000E+02,    0.94265E+60
    0.80000E+01,    0.54000E+02,    0.97043E+60
    0.10000E+02,    0.54000E+02,    0.10175E+61
    0.12000E+02,    0.54000E+02,    0.10830E+61
    0.14000E+02,    0.54000E+02,    0.11676E+61
    0.16000E+02,    0.54000E+02,    0.12726E+61
    0.18000E+02,    0.54000E+02,    0.14008E+61
    0.20000E+02,    0.54000E+02,    0.15560E+61
    0.22000E+02,    0.54000E+02,    0.17445E+61
    0.24000E+02,    0.54000E+02,    0.19766E+61
    0.26000E+02,    0.54000E+02,    0.22688E+61
    0.28000E+02,    0.54000E+02,    0.26486E+61
    0.30000E+02,    0.54000E+02,    0.31620E+61
    0.32000E+02,    0.54000E+02,    0.38846E+61
    0.34000E+02,    0.54000E+02,    0.49392E+61
    0.36000E+02,    0.54000E+02,    0.65225E+61
    0.38000E+02,    0.54000E+02,    0.89451E+61
    0.40000E+02,    0.54000E+02,    0.12692E+62
    0.42000E+02,    0.54000E+02,    0.18511E+62
    0.44000E+02,    0.54000E+02,    0.27555E+62
    0.46000E+02,    0.54000E+02,    0.41586E+62
    0.48000E+02,    0.54000E+02,    0.63308E+62
    0.50000E+02,    0.54000E+02,    0.96858E+62
    0.00000E+00,    0.56000E+02,    0.31840E+60
    0.20000E+01,    0.56000E+02,    0.27673E+60
    0.40000E+01,    0.56000E+02,    0.26841E+60
    0.60000E+01,    0.56000E+02,    0.26986E+60
    0.80000E+01,    0.56000E+02,    0.27778E+60
    0.10000E+02,    0.56000E+02,    0.29122E+60
    0.12000E+02,    0.56000E+02,    0.30997E+60
    0.14000E+02,    0.56000E+02,    0.33418E+60
    0.16000E+02,    0.56000E+02,    0.36431E+60
    0.18000E+02,    0.56000E+02,    0.40115E+60
    0.20000E+02,    0.56000E+02,    0.44595E+60
    0.22000E+02,    0.56000E+02,    0.50067E+60
    0.24000E+02,    0.56000E+02,    0.56854E+60
    0.26000E+02,    0.56000E+02,    0.65479E+60
    0.28000E+02,    0.56000E+02,    0.76816E+60
    0.30000E+02,    0.56000E+02,    0.92302E+60
    0.32000E+02,    0.56000E+02,    0.11429E+61
    0.34000E+02,    0.56000E+02,    0.14659E+61
    0.36000E+02,    0.56000E+02,    0.19526E+61
    0.38000E+02,    0.56000E+02,    0.26982E+61
    0.40000E+02,    0.56000E+02,    0.38509E+61
    0.42000E+02,    0.56000E+02,    0.56394E+61
    0.44000E+02,    0.56000E+02,    0.84152E+61
    0.46000E+02,    0.56000E+02,    0.12717E+62
    0.48000E+02,    0.56000E+02,    0.19369E+62
    0.50000E+02,    0.56000E+02,    0.29637E+62
    0.00000E+00,    0.58000E+02,    0.91167E+59
    0.20000E+01,    0.58000E+02,    0.79232E+59
    0.40000E+01,    0.58000E+02,    0.76844E+59
    0.60000E+01,    0.58000E+02,    0.77253E+59
    0.80000E+01,    0.58000E+02,    0.79512E+59
    0.10000E+02,    0.58000E+02,    0.83353E+59
    0.12000E+02,    0.58000E+02,    0.88717E+59
    0.14000E+02,    0.58000E+02,    0.95653E+59
    0.16000E+02,    0.58000E+02,    0.10430E+60
    0.18000E+02,    0.58000E+02,    0.11491E+60
    0.20000E+02,    0.58000E+02,    0.12786E+60
    0.22000E+02,    0.58000E+02,    0.14378E+60
    0.24000E+02,    0.58000E+02,    0.16367E+60
    0.26000E+02,    0.58000E+02,    0.18921E+60
    0.28000E+02,    0.58000E+02,    0.22313E+60
    0.30000E+02,    0.58000E+02,    0.26994E+60
    0.32000E+02,    0.58000E+02,    0.33696E+60
    0.34000E+02,    0.58000E+02,    0.43594E+60
    0.36000E+02,    0.58000E+02,    0.58551E+60
    0.38000E+02,    0.58000E+02,    0.81487E+60
    0.40000E+02,    0.58000E+02,    0.11693E+61
    0.42000E+02,    0.58000E+02,    0.17188E+61
    0.44000E+02,    0.58000E+02,    0.25705E+61
    0.46000E+02,    0.58000E+02,    0.38889E+61
    0.48000E+02,    0.58000E+02,    0.59260E+61
    0.50000E+02,    0.58000E+02,    0.90682E+61
    0.00000E+00,    0.60000E+02,    0.26103E+59
    0.20000E+01,    0.60000E+02,    0.22685E+59
    0.40000E+01,    0.60000E+02,    0.22000E+59
    0.60000E+01,    0.60000E+02,    0.22115E+59
    0.80000E+01,    0.60000E+02,    0.22760E+59
    0.10000E+02,    0.60000E+02,    0.23858E+59
    0.12000E+02,    0.60000E+02,    0.25393E+59
    0.14000E+02,    0.60000E+02,    0.27382E+59
    0.16000E+02,    0.60000E+02,    0.29867E+59
    0.18000E+02,    0.60000E+02,    0.32924E+59
    0.20000E+02,    0.60000E+02,    0.36674E+59
    0.22000E+02,    0.60000E+02,    0.41314E+59
    0.24000E+02,    0.60000E+02,    0.47163E+59
    0.26000E+02,    0.60000E+02,    0.54745E+59
    0.28000E+02,    0.60000E+02,    0.64920E+59
    0.30000E+02,    0.60000E+02,    0.79094E+59
    0.32000E+02,    0.60000E+02,    0.99538E+59
    0.34000E+02,    0.60000E+02,    0.12988E+60
    0.36000E+02,    0.60000E+02,    0.17584E+60
    0.38000E+02,    0.60000E+02,    0.24637E+60
    0.40000E+02,    0.60000E+02,    0.35532E+60
    0.42000E+02,    0.60000E+02,    0.52403E+60
    0.44000E+02,    0.60000E+02,    0.78527E+60
    0.46000E+02,    0.60000E+02,    0.11893E+61
    0.48000E+02,    0.60000E+02,    0.18130E+61
    0.50000E+02,    0.60000E+02,    0.27746E+61
    0.00000E+00,    0.62000E+02,    0.74736E+58
    0.20000E+01,    0.62000E+02,    0.64948E+58
    0.40000E+01,    0.62000E+02,    0.62983E+58
    0.60000E+01,    0.62000E+02,    0.63308E+58
    0.80000E+01,    0.62000E+02,    0.65149E+58
    0.10000E+02,    0.62000E+02,    0.68289E+58
    0.12000E+02,    0.62000E+02,    0.72686E+58
    0.14000E+02,    0.62000E+02,    0.78391E+58
    0.16000E+02,    0.62000E+02,    0.85538E+58
    0.18000E+02,    0.62000E+02,    0.94363E+58
    0.20000E+02,    0.62000E+02,    0.10525E+59
    0.22000E+02,    0.62000E+02,    0.11880E+59
    0.24000E+02,    0.62000E+02,    0.13604E+59
    0.26000E+02,    0.62000E+02,    0.15861E+59
    0.28000E+02,    0.62000E+02,    0.18920E+59
    0.30000E+02,    0.62000E+02,    0.23219E+59
    0.32000E+02,    0.62000E+02,    0.29461E+59
    0.34000E+02,    0.62000E+02,    0.38764E+59
    0.36000E+02,    0.62000E+02,    0.52886E+59
    0.38000E+02,    0.62000E+02,    0.74564E+59
    0.40000E+02,    0.62000E+02,    0.10804E+60
    0.42000E+02,    0.62000E+02,    0.15982E+60
    0.44000E+02,    0.62000E+02,    0.23993E+60
    0.46000E+02,    0.62000E+02,    0.36370E+60
    0.48000E+02,    0.62000E+02,    0.55466E+60
    0.50000E+02,    0.62000E+02,    0.84890E+60
    0.00000E+00,    0.64000E+02,    0.21397E+58
    0.20000E+01,    0.64000E+02,    0.18594E+58
    0.40000E+01,    0.64000E+02,    0.18031E+58
    0.60000E+01,    0.64000E+02,    0.18123E+58
    0.80000E+01,    0.64000E+02,    0.18649E+58
    0.10000E+02,    0.64000E+02,    0.19547E+58
    0.12000E+02,    0.64000E+02,    0.20807E+58
    0.14000E+02,    0.64000E+02,    0.22445E+58
    0.16000E+02,    0.64000E+02,    0.24503E+58
    0.18000E+02,    0.64000E+02,    0.27055E+58
    0.20000E+02,    0.64000E+02,    0.30219E+58
    0.22000E+02,    0.64000E+02,    0.34189E+58
    0.24000E+02,    0.64000E+02,    0.39284E+58
    0.26000E+02,    0.64000E+02,    0.46018E+58
    0.28000E+02,    0.64000E+02,    0.55234E+58
    0.30000E+02,    0.64000E+02,    0.68291E+58
    0.32000E+02,    0.64000E+02,    0.87363E+58
    0.34000E+02,    0.64000E+02,    0.11589E+59
    0.36000E+02,    0.64000E+02,    0.15927E+59
    0.38000E+02,    0.64000E+02,    0.22588E+59
    0.40000E+02,    0.64000E+02,    0.32867E+59
    0.42000E+02,    0.64000E+02,    0.48758E+59
    0.44000E+02,    0.64000E+02,    0.73315E+59
    0.46000E+02,    0.64000E+02,    0.11123E+60
    0.48000E+02,    0.64000E+02,    0.16969E+60
    0.50000E+02,    0.64000E+02,    0.25972E+60
    0.00000E+00,    0.66000E+02,    0.61259E+57
    0.20000E+01,    0.66000E+02,    0.53234E+57
    0.40000E+01,    0.66000E+02,    0.51619E+57
    0.60000E+01,    0.66000E+02,    0.51879E+57
    0.80000E+01,    0.66000E+02,    0.53382E+57
    0.10000E+02,    0.66000E+02,    0.55955E+57
    0.12000E+02,    0.66000E+02,    0.59568E+57
    0.14000E+02,    0.66000E+02,    0.64276E+57
    0.16000E+02,    0.66000E+02,    0.70210E+57
    0.18000E+02,    0.66000E+02,    0.77599E+57
    0.20000E+02,    0.66000E+02,    0.86817E+57
    0.22000E+02,    0.66000E+02,    0.98474E+57
    0.24000E+02,    0.66000E+02,    0.11357E+58
    0.26000E+02,    0.66000E+02,    0.13371E+58
    0.28000E+02,    0.66000E+02,    0.16153E+58
    0.30000E+02,    0.66000E+02,    0.20124E+58
    0.32000E+02,    0.66000E+02,    0.25954E+58
    0.34000E+02,    0.66000E+02,    0.34704E+58
    0.36000E+02,    0.66000E+02,    0.48025E+58
    0.38000E+02,    0.66000E+02,    0.68485E+58
    0.40000E+02,    0.66000E+02,    0.10004E+59
    0.42000E+02,    0.66000E+02,    0.14878E+59
    0.44000E+02,    0.66000E+02,    0.22405E+59
    0.46000E+02,    0.66000E+02,    0.34017E+59
    0.48000E+02,    0.66000E+02,    0.51910E+59
    0.50000E+02,    0.66000E+02,    0.79458E+59
    0.00000E+00,    0.68000E+02,    0.17538E+57
    0.20000E+01,    0.68000E+02,    0.15240E+57
    0.40000E+01,    0.68000E+02,    0.14777E+57
    0.60000E+01,    0.68000E+02,    0.14851E+57
    0.80000E+01,    0.68000E+02,    0.15281E+57
    0.10000E+02,    0.68000E+02,    0.16018E+57
    0.12000E+02,    0.68000E+02,    0.17055E+57
    0.14000E+02,    0.68000E+02,    0.18410E+57
    0.16000E+02,    0.68000E+02,    0.20123E+57
    0.18000E+02,    0.68000E+02,    0.22267E+57
    0.20000E+02,    0.68000E+02,    0.24958E+57
    0.22000E+02,    0.68000E+02,    0.28389E+57
    0.24000E+02,    0.68000E+02,    0.32871E+57
    0.26000E+02,    0.68000E+02,    0.38910E+57
    0.28000E+02,    0.68000E+02,    0.47321E+57
    0.30000E+02,    0.68000E+02,    0.59409E+57
    0.32000E+02,    0.68000E+02,    0.77244E+57
    0.34000E+02,    0.68000E+02,    0.10408E+58
    0.36000E+02,    0.68000E+02,    0.14498E+58
    0.38000E+02,    0.68000E+02,    0.20780E+58
    0.40000E+02,    0.68000E+02,    0.30465E+58
    0.42000E+02,    0.68000E+02,    0.45412E+58
    0.44000E+02,    0.68000E+02,    0.68475E+58
    0.46000E+02,    0.68000E+02,    0.10403E+59
    0.48000E+02,    0.68000E+02,    0.15880E+59
    0.50000E+02,    0.68000E+02,    0.24308E+59
    0.00000E+00,    0.70000E+02,    0.50208E+56
    0.20000E+01,    0.70000E+02,    0.43630E+56
    0.40000E+01,    0.70000E+02,    0.42303E+56
    0.60000E+01,    0.70000E+02,    0.42513E+56
    0.80000E+01,    0.70000E+02,    0.43744E+56
    0.10000E+02,    0.70000E+02,    0.45858E+56
    0.12000E+02,    0.70000E+02,    0.48837E+56
    0.14000E+02,    0.70000E+02,    0.52739E+56
    0.16000E+02,    0.70000E+02,    0.57693E+56
    0.18000E+02,    0.70000E+02,    0.63923E+56
    0.20000E+02,    0.70000E+02,    0.71799E+56
    0.22000E+02,    0.70000E+02,    0.81921E+56
    0.24000E+02,    0.70000E+02,    0.95265E+56
    0.26000E+02,    0.70000E+02,    0.11341E+57
    0.28000E+02,    0.70000E+02,    0.13888E+57
    0.30000E+02,    0.70000E+02,    0.17571E+57
    0.32000E+02,    0.70000E+02,    0.23028E+57
    0.34000E+02,    0.70000E+02,    0.31258E+57
    0.36000E+02,    0.70000E+02,    0.43814E+57
    0.38000E+02,    0.70000E+02,    0.63098E+57
    0.40000E+02,    0.70000E+02,    0.92809E+57
    0.42000E+02,    0.70000E+02,    0.13863E+58
    0.44000E+02,    0.70000E+02,    0.20929E+58
    0.46000E+02,    0.70000E+02,    0.31816E+58
    0.48000E+02,    0.70000E+02,    0.48577E+58
    0.50000E+02,    0.70000E+02,    0.74364E+58
    0.00000E+00,    0.72000E+02,    0.14374E+56
    0.20000E+01,    0.72000E+02,    0.12490E+56
    0.40000E+01,    0.72000E+02,    0.12110E+56
    0.60000E+01,    0.72000E+02,    0.12170E+56
    0.80000E+01,    0.72000E+02,    0.12523E+56
    0.10000E+02,    0.72000E+02,    0.13129E+56
    0.12000E+02,    0.72000E+02,    0.13986E+56
    0.14000E+02,    0.72000E+02,    0.15112E+56
    0.16000E+02,    0.72000E+02,    0.16547E+56
    0.18000E+02,    0.72000E+02,    0.18361E+56
    0.20000E+02,    0.72000E+02,    0.20671E+56
    0.22000E+02,    0.72000E+02,    0.23664E+56
    0.24000E+02,    0.72000E+02,    0.27646E+56
    0.26000E+02,    0.72000E+02,    0.33107E+56
    0.28000E+02,    0.72000E+02,    0.40830E+56
    0.30000E+02,    0.72000E+02,    0.52063E+56
    0.32000E+02,    0.72000E+02,    0.68767E+56
    0.34000E+02,    0.72000E+02,    0.94006E+56
    0.36000E+02,    0.72000E+02,    0.13254E+57
    0.38000E+02,    0.72000E+02,    0.19171E+57
    0.40000E+02,    0.72000E+02,    0.28284E+57
    0.42000E+02,    0.72000E+02,    0.42330E+57
    0.44000E+02,    0.72000E+02,    0.63973E+57
    0.46000E+02,    0.72000E+02,    0.97303E+57
    0.48000E+02,    0.72000E+02,    0.14860E+58
    0.50000E+02,    0.72000E+02,    0.22749E+58
    0.00000E+00,    0.74000E+02,    0.41149E+55
    0.20000E+01,    0.74000E+02,    0.35756E+55
    0.40000E+01,    0.74000E+02,    0.34668E+55
    0.60000E+01,    0.74000E+02,    0.34840E+55
    0.80000E+01,    0.74000E+02,    0.35852E+55
    0.10000E+02,    0.74000E+02,    0.37594E+55
    0.12000E+02,    0.74000E+02,    0.40061E+55
    0.14000E+02,    0.74000E+02,    0.43312E+55
    0.16000E+02,    0.74000E+02,    0.47474E+55
    0.18000E+02,    0.74000E+02,    0.52770E+55
    0.20000E+02,    0.74000E+02,    0.59560E+55
    0.22000E+02,    0.74000E+02,    0.68434E+55
    0.24000E+02,    0.74000E+02,    0.80342E+55
    0.26000E+02,    0.74000E+02,    0.96806E+55
    0.28000E+02,    0.74000E+02,    0.12026E+56
    0.30000E+02,    0.74000E+02,    0.15454E+56
    0.32000E+02,    0.74000E+02,    0.20567E+56
    0.34000E+02,    0.74000E+02,    0.28307E+56
    0.36000E+02,    0.74000E+02,    0.40130E+56
    0.38000E+02,    0.74000E+02,    0.58284E+56
    0.40000E+02,    0.74000E+02,    0.86227E+56
    0.42000E+02,    0.74000E+02,    0.12927E+57
    0.44000E+02,    0.74000E+02,    0.19555E+57
    0.46000E+02,    0.74000E+02,    0.29758E+57
    0.48000E+02,    0.74000E+02,    0.45454E+57
    0.50000E+02,    0.74000E+02,    0.69589E+57
    0.00000E+00,    0.76000E+02,    0.11780E+55
    0.20000E+01,    0.76000E+02,    0.10236E+55
    0.40000E+01,    0.76000E+02,    0.99246E+54
    0.60000E+01,    0.76000E+02,    0.99739E+54
    0.80000E+01,    0.76000E+02,    0.10265E+55
    0.10000E+02,    0.76000E+02,    0.10766E+55
    0.12000E+02,    0.76000E+02,    0.11477E+55
    0.14000E+02,    0.76000E+02,    0.12417E+55
    0.16000E+02,    0.76000E+02,    0.13627E+55
    0.18000E+02,    0.76000E+02,    0.15176E+55
    0.20000E+02,    0.76000E+02,    0.17176E+55
    0.22000E+02,    0.76000E+02,    0.19813E+55
    0.24000E+02,    0.76000E+02,    0.23381E+55
    0.26000E+02,    0.76000E+02,    0.28354E+55
    0.28000E+02,    0.76000E+02,    0.35482E+55
    0.30000E+02,    0.76000E+02,    0.45948E+55
    0.32000E+02,    0.76000E+02,    0.61607E+55
    0.34000E+02,    0.76000E+02,    0.85341E+55
    0.36000E+02,    0.76000E+02,    0.12161E+56
    0.38000E+02,    0.76000E+02,    0.17729E+56
    0.40000E+02,    0.76000E+02,    0.26295E+56
    0.42000E+02,    0.76000E+02,    0.39482E+56
    0.44000E+02,    0.76000E+02,    0.59780E+56
    0.46000E+02,    0.76000E+02,    0.91010E+56
    0.48000E+02,    0.76000E+02,    0.13904E+57
    0.50000E+02,    0.76000E+02,    0.21287E+57
    0.00000E+00,    0.78000E+02,    0.33723E+54
    0.20000E+01,    0.78000E+02,    0.29304E+54
    0.40000E+01,    0.78000E+02,    0.28412E+54
    0.60000E+01,    0.78000E+02,    0.28555E+54
    0.80000E+01,    0.78000E+02,    0.29390E+54
    0.10000E+02,    0.78000E+02,    0.30832E+54
    0.12000E+02,    0.78000E+02,    0.32885E+54
    0.14000E+02,    0.78000E+02,    0.35610E+54
    0.16000E+02,    0.78000E+02,    0.39133E+54
    0.18000E+02,    0.78000E+02,    0.43672E+54
    0.20000E+02,    0.78000E+02,    0.49581E+54
    0.22000E+02,    0.78000E+02,    0.57432E+54
    0.24000E+02,    0.78000E+02,    0.68146E+54
    0.26000E+02,    0.78000E+02,    0.83187E+54
    0.28000E+02,    0.78000E+02,    0.10487E+55
    0.30000E+02,    0.78000E+02,    0.13685E+55
    0.32000E+02,    0.78000E+02,    0.18480E+55
    0.34000E+02,    0.78000E+02,    0.25757E+55
    0.36000E+02,    0.78000E+02,    0.36881E+55
    0.38000E+02,    0.78000E+02,    0.53954E+55
    0.40000E+02,    0.78000E+02,    0.80208E+55
    0.42000E+02,    0.78000E+02,    0.12061E+56
    0.44000E+02,    0.78000E+02,    0.18276E+56
    0.46000E+02,    0.78000E+02,    0.27834E+56
    0.48000E+02,    0.78000E+02,    0.42529E+56
    0.50000E+02,    0.78000E+02,    0.65115E+56
    0.00000E+00,    0.80000E+02,    0.96540E+53
    0.20000E+01,    0.80000E+02,    0.83890E+53
    0.40000E+01,    0.80000E+02,    0.81339E+53
    0.60000E+01,    0.80000E+02,    0.81753E+53
    0.80000E+01,    0.80000E+02,    0.84158E+53
    0.10000E+02,    0.80000E+02,    0.88316E+53
    0.12000E+02,    0.80000E+02,    0.94250E+53
    0.14000E+02,    0.80000E+02,    0.10216E+54
    0.16000E+02,    0.80000E+02,    0.11244E+54
    0.18000E+02,    0.80000E+02,    0.12577E+54
    0.20000E+02,    0.80000E+02,    0.14326E+54
    0.22000E+02,    0.80000E+02,    0.16669E+54
    0.24000E+02,    0.80000E+02,    0.19892E+54
    0.26000E+02,    0.80000E+02,    0.24447E+54
    0.28000E+02,    0.80000E+02,    0.31051E+54
    0.30000E+02,    0.80000E+02,    0.40823E+54
    0.32000E+02,    0.80000E+02,    0.55510E+54
    0.34000E+02,    0.80000E+02,    0.77819E+54
    0.36000E+02,    0.80000E+02,    0.11193E+55
    0.38000E+02,    0.80000E+02,    0.16427E+55
    0.40000E+02,    0.80000E+02,    0.24472E+55
    0.42000E+02,    0.80000E+02,    0.36845E+55
    0.44000E+02,    0.80000E+02,    0.55872E+55
    0.46000E+02,    0.80000E+02,    0.85125E+55
    0.48000E+02,    0.80000E+02,    0.13008E+56
    0.50000E+02,    0.80000E+02,    0.19918E+56
    0.00000E+00,    0.82000E+02,    0.27637E+53
    0.20000E+01,    0.82000E+02,    0.24016E+53
    0.40000E+01,    0.82000E+02,    0.23287E+53
    0.60000E+01,    0.82000E+02,    0.23407E+53
    0.80000E+01,    0.82000E+02,    0.24101E+53
    0.10000E+02,    0.82000E+02,    0.25301E+53
    0.12000E+02,    0.82000E+02,    0.27019E+53
    0.14000E+02,    0.82000E+02,    0.29319E+53
    0.16000E+02,    0.82000E+02,    0.32325E+53
    0.18000E+02,    0.82000E+02,    0.36249E+53
    0.20000E+02,    0.82000E+02,    0.41438E+53
    0.22000E+02,    0.82000E+02,    0.48445E+53
    0.24000E+02,    0.82000E+02,    0.58156E+53
    0.26000E+02,    0.82000E+02,    0.71970E+53
    0.28000E+02,    0.82000E+02,    0.92091E+53
    0.30000E+02,    0.82000E+02,    0.12197E+54
    0.32000E+02,    0.82000E+02,    0.16695E+54
    0.34000E+02,    0.82000E+02,    0.23534E+54
    0.36000E+02,    0.82000E+02,    0.33991E+54
    0.38000E+02,    0.82000E+02,    0.50034E+54
    0.40000E+02,    0.82000E+02,    0.74683E+54
    0.42000E+02,    0.82000E+02,    0.11257E+55
    0.44000E+02,    0.82000E+02,    0.17082E+55
    0.46000E+02,    0.82000E+02,    0.26034E+55
    0.48000E+02,    0.82000E+02,    0.39789E+55
    0.50000E+02,    0.82000E+02,    0.60924E+55
    0.00000E+00,    0.84000E+02,    0.79121E+52
    0.20000E+01,    0.84000E+02,    0.68755E+52
    0.40000E+01,    0.84000E+02,    0.66671E+52
    0.60000E+01,    0.84000E+02,    0.67025E+52
    0.80000E+01,    0.84000E+02,    0.69027E+52
    0.10000E+02,    0.84000E+02,    0.72499E+52
    0.12000E+02,    0.84000E+02,    0.77481E+52
    0.14000E+02,    0.84000E+02,    0.84180E+52
    0.16000E+02,    0.84000E+02,    0.92987E+52
    0.18000E+02,    0.84000E+02,    0.10457E+53
    0.20000E+02,    0.84000E+02,    0.11999E+53
    0.22000E+02,    0.84000E+02,    0.14099E+53
    0.24000E+02,    0.84000E+02,    0.17029E+53
    0.26000E+02,    0.84000E+02,    0.21223E+53
    0.28000E+02,    0.84000E+02,    0.27358E+53
    0.30000E+02,    0.84000E+02,    0.36494E+53
    0.32000E+02,    0.84000E+02,    0.50272E+53
    0.34000E+02,    0.84000E+02,    0.71233E+53
    0.36000E+02,    0.84000E+02,    0.10329E+54
    0.38000E+02,    0.84000E+02,    0.15245E+54
    0.40000E+02,    0.84000E+02,    0.22796E+54
    0.42000E+02,    0.84000E+02,    0.34398E+54
    0.44000E+02,    0.84000E+02,    0.52227E+54
    0.46000E+02,    0.84000E+02,    0.79619E+54
    0.48000E+02,    0.84000E+02,    0.12170E+55
    0.50000E+02,    0.84000E+02,    0.18635E+55
    0.00000E+00,    0.86000E+02,    0.22652E+52
    0.20000E+01,    0.86000E+02,    0.19684E+52
    0.40000E+01,    0.86000E+02,    0.19089E+52
    0.60000E+01,    0.86000E+02,    0.19193E+52
    0.80000E+01,    0.86000E+02,    0.19773E+52
    0.10000E+02,    0.86000E+02,    0.20778E+52
    0.12000E+02,    0.86000E+02,    0.22226E+52
    0.14000E+02,    0.86000E+02,    0.24181E+52
    0.16000E+02,    0.86000E+02,    0.26767E+52
    0.18000E+02,    0.86000E+02,    0.30190E+52
    0.20000E+02,    0.86000E+02,    0.34786E+52
    0.22000E+02,    0.86000E+02,    0.41089E+52
    0.24000E+02,    0.86000E+02,    0.49945E+52
    0.26000E+02,    0.86000E+02,    0.62688E+52
    0.28000E+02,    0.86000E+02,    0.81407E+52
    0.30000E+02,    0.86000E+02,    0.10935E+53
    0.32000E+02,    0.86000E+02,    0.15155E+53
    0.34000E+02,    0.86000E+02,    0.21579E+53
    0.36000E+02,    0.86000E+02,    0.31404E+53
    0.38000E+02,    0.86000E+02,    0.46467E+53
    0.40000E+02,    0.86000E+02,    0.69594E+53
    0.42000E+02,    0.86000E+02,    0.10512E+54
    0.44000E+02,    0.86000E+02,    0.15968E+54
    0.46000E+02,    0.86000E+02,    0.24350E+54
    0.48000E+02,    0.86000E+02,    0.37224E+54
    0.50000E+02,    0.86000E+02,    0.56999E+54
    0.00000E+00,    0.88000E+02,    0.64851E+51
    0.20000E+01,    0.88000E+02,    0.56358E+51
    0.40000E+01,    0.88000E+02,    0.54658E+51
    0.60000E+01,    0.88000E+02,    0.54967E+51
    0.80000E+01,    0.88000E+02,    0.56647E+51
    0.10000E+02,    0.88000E+02,    0.59564E+51
    0.12000E+02,    0.88000E+02,    0.63777E+51
    0.14000E+02,    0.88000E+02,    0.69496E+51
    0.16000E+02,    0.88000E+02,    0.77105E+51
    0.18000E+02,    0.88000E+02,    0.87250E+51
    0.20000E+02,    0.88000E+02,    0.10097E+52
    0.22000E+02,    0.88000E+02,    0.11992E+52
    0.24000E+02,    0.88000E+02,    0.14672E+52
    0.26000E+02,    0.88000E+02,    0.18548E+52
    0.28000E+02,    0.88000E+02,    0.24261E+52
    0.30000E+02,    0.88000E+02,    0.32810E+52
    0.32000E+02,    0.88000E+02,    0.45737E+52
    0.34000E+02,    0.88000E+02,    0.65422E+52
    0.36000E+02,    0.88000E+02,    0.95527E+52
    0.38000E+02,    0.88000E+02,    0.14168E+53
    0.40000E+02,    0.88000E+02,    0.21250E+53
    0.42000E+02,    0.88000E+02,    0.32125E+53
    0.44000E+02,    0.88000E+02,    0.48825E+53
    0.46000E+02,    0.88000E+02,    0.74470E+53
    0.48000E+02,    0.88000E+02,    0.11385E+54
    0.50000E+02,    0.88000E+02,    0.17434E+54
    0.00000E+00,    0.90000E+02,    0.18568E+51
    0.20000E+01,    0.90000E+02,    0.16136E+51
    0.40000E+01,    0.90000E+02,    0.15652E+51
    0.60000E+01,    0.90000E+02,    0.15744E+51
    0.80000E+01,    0.90000E+02,    0.16231E+51
    0.10000E+02,    0.90000E+02,    0.17079E+51
    0.12000E+02,    0.90000E+02,    0.18308E+51
    0.14000E+02,    0.90000E+02,    0.19984E+51
    0.16000E+02,    0.90000E+02,    0.22228E+51
    0.18000E+02,    0.90000E+02,    0.25240E+51
    0.20000E+02,    0.90000E+02,    0.29344E+51
    0.22000E+02,    0.90000E+02,    0.35052E+51
    0.24000E+02,    0.90000E+02,    0.43172E+51
    0.26000E+02,    0.90000E+02,    0.54969E+51
    0.28000E+02,    0.90000E+02,    0.72416E+51
    0.30000E+02,    0.90000E+02,    0.98572E+51
    0.32000E+02,    0.90000E+02,    0.13817E+52
    0.34000E+02,    0.90000E+02,    0.19848E+52
    0.36000E+02,    0.90000E+02,    0.29072E+52
    0.38000E+02,    0.90000E+02,    0.43208E+52
    0.40000E+02,    0.90000E+02,    0.64895E+52
    0.42000E+02,    0.90000E+02,    0.98183E+52
    0.44000E+02,    0.90000E+02,    0.14929E+53
    0.46000E+02,    0.90000E+02,    0.22775E+53
    0.48000E+02,    0.90000E+02,    0.34823E+53
    0.50000E+02,    0.90000E+02,    0.53324E+53
    0.00000E+00,    0.92000E+02,    0.53163E+50
    0.20000E+01,    0.92000E+02,    0.46205E+50
    0.40000E+01,    0.92000E+02,    0.44823E+50
    0.60000E+01,    0.92000E+02,    0.45099E+50
    0.80000E+01,    0.92000E+02,    0.46518E+50
    0.10000E+02,    0.92000E+02,    0.48988E+50
    0.12000E+02,    0.92000E+02,    0.52578E+50
    0.14000E+02,    0.92000E+02,    0.57500E+50
    0.16000E+02,    0.92000E+02,    0.64132E+50
    0.18000E+02,    0.92000E+02,    0.73096E+50
    0.20000E+02,    0.92000E+02,    0.85394E+50
    0.22000E+02,    0.92000E+02,    0.10261E+51
    0.24000E+02,    0.92000E+02,    0.12724E+51
    0.26000E+02,    0.92000E+02,    0.16317E+51
    0.28000E+02,    0.92000E+02,    0.21647E+51
    0.30000E+02,    0.92000E+02,    0.29651E+51
    0.32000E+02,    0.92000E+02,    0.41777E+51
    0.34000E+02,    0.92000E+02,    0.60256E+51
    0.36000E+02,    0.92000E+02,    0.88513E+51
    0.38000E+02,    0.92000E+02,    0.13181E+52
    0.40000E+02,    0.92000E+02,    0.19821E+52
    0.42000E+02,    0.92000E+02,    0.30010E+52
    0.44000E+02,    0.92000E+02,    0.45648E+52
    0.46000E+02,    0.92000E+02,    0.69653E+52
    0.48000E+02,    0.92000E+02,    0.10651E+53
    0.50000E+02,    0.92000E+02,    0.16310E+53
    0.00000E+00,    0.94000E+02,    0.15224E+50
    0.20000E+01,    0.94000E+02,    0.13232E+50
    0.40000E+01,    0.94000E+02,    0.12838E+50
    0.60000E+01,    0.94000E+02,    0.12921E+50
    0.80000E+01,    0.94000E+02,    0.13335E+50
    0.10000E+02,    0.94000E+02,    0.14056E+50
    0.12000E+02,    0.94000E+02,    0.15108E+50
    0.14000E+02,    0.94000E+02,    0.16556E+50
    0.16000E+02,    0.94000E+02,    0.18520E+50
    0.18000E+02,    0.94000E+02,    0.21193E+50
    0.20000E+02,    0.94000E+02,    0.24885E+50
    0.22000E+02,    0.94000E+02,    0.30086E+50
    0.24000E+02,    0.94000E+02,    0.37564E+50
    0.26000E+02,    0.94000E+02,    0.48516E+50
    0.28000E+02,    0.94000E+02,    0.64802E+50
    0.30000E+02,    0.94000E+02,    0.89299E+50
    0.32000E+02,    0.94000E+02,    0.12644E+51
    0.34000E+02,    0.94000E+02,    0.18305E+51
    0.36000E+02,    0.94000E+02,    0.26961E+51
    0.38000E+02,    0.94000E+02,    0.40220E+51
    0.40000E+02,    0.94000E+02,    0.60549E+51
    0.42000E+02,    0.94000E+02,    0.91736E+51
    0.44000E+02,    0.94000E+02,    0.13959E+52
    0.46000E+02,    0.94000E+02,    0.21303E+52
    0.48000E+02,    0.94000E+02,    0.32577E+52
    0.50000E+02,    0.94000E+02,    0.49887E+52
    0.00000E+00,    0.96000E+02,    0.43647E+49
    0.20000E+01,    0.96000E+02,    0.37944E+49
    0.40000E+01,    0.96000E+02,    0.36821E+49
    0.60000E+01,    0.96000E+02,    0.37074E+49
    0.80000E+01,    0.96000E+02,    0.38287E+49
    0.10000E+02,    0.96000E+02,    0.40397E+49
    0.12000E+02,    0.96000E+02,    0.43487E+49
    0.14000E+02,    0.96000E+02,    0.47766E+49
    0.16000E+02,    0.96000E+02,    0.53603E+49
    0.18000E+02,    0.96000E+02,    0.61601E+49
    0.20000E+02,    0.96000E+02,    0.72721E+49
    0.22000E+02,    0.96000E+02,    0.88476E+49
    0.24000E+02,    0.96000E+02,    0.11124E+50
    0.26000E+02,    0.96000E+02,    0.14469E+50
    0.28000E+02,    0.96000E+02,    0.19455E+50
    0.30000E+02,    0.96000E+02,    0.26965E+50
    0.32000E+02,    0.96000E+02,    0.38359E+50
    0.34000E+02,    0.96000E+02,    0.55728E+50
    0.36000E+02,    0.96000E+02,    0.82282E+50
    0.38000E+02,    0.96000E+02,    0.12295E+51
    0.40000E+02,    0.96000E+02,    0.18528E+51
    0.42000E+02,    0.96000E+02,    0.28088E+51
    0.44000E+02,    0.96000E+02,    0.42751E+51
    0.46000E+02,    0.96000E+02,    0.65244E+51
    0.48000E+02,    0.96000E+02,    0.99779E+51
    0.50000E+02,    0.96000E+02,    0.15276E+52
    0.00000E+00,    0.98000E+02,    0.12963E+49
    0.20000E+01,    0.98000E+02,    0.11242E+49
    0.40000E+01,    0.98000E+02,    0.10918E+49
    0.60000E+01,    0.98000E+02,    0.10999E+49
    0.80000E+01,    0.98000E+02,    0.11367E+49
    0.10000E+02,    0.98000E+02,    0.12008E+49
    0.12000E+02,    0.98000E+02,    0.12949E+49
    0.14000E+02,    0.98000E+02,    0.14260E+49
    0.16000E+02,    0.98000E+02,    0.16060E+49
    0.18000E+02,    0.98000E+02,    0.18543E+49
    0.20000E+02,    0.98000E+02,    0.22017E+49
    0.22000E+02,    0.98000E+02,    0.26967E+49
    0.24000E+02,    0.98000E+02,    0.34151E+49
    0.26000E+02,    0.98000E+02,    0.44744E+49
    0.28000E+02,    0.98000E+02,    0.60566E+49
    0.30000E+02,    0.98000E+02,    0.84427E+49
    0.32000E+02,    0.98000E+02,    0.12065E+50
    0.34000E+02,    0.98000E+02,    0.17587E+50
    0.36000E+02,    0.98000E+02,    0.26029E+50
    0.38000E+02,    0.98000E+02,    0.38954E+50
    0.40000E+02,    0.98000E+02,    0.58758E+50
    0.42000E+02,    0.98000E+02,    0.89113E+50
    0.44000E+02,    0.98000E+02,    0.13561E+51
    0.46000E+02,    0.98000E+02,    0.20666E+51
    0.48000E+02,    0.98000E+02,    0.31414E+51
    0.50000E+02,    0.98000E+02,    0.48285E+51
    0.00000E+00,    0.10000E+03,    0.64795E+48
    0.20000E+01,    0.10000E+03,    0.61466E+48
    0.40000E+01,    0.10000E+03,    0.59973E+48
    0.60000E+01,    0.10000E+03,    0.60471E+48
    0.80000E+01,    0.10000E+03,    0.62550E+48
    0.10000E+02,    0.10000E+03,    0.66159E+48
    0.12000E+02,    0.10000E+03,    0.71483E+48
    0.14000E+02,    0.10000E+03,    0.78933E+48
    0.16000E+02,    0.10000E+03,    0.89221E+48
    0.18000E+02,    0.10000E+03,    0.10350E+49
    0.20000E+02,    0.10000E+03,    0.12360E+49
    0.22000E+02,    0.10000E+03,    0.15239E+49
    0.24000E+02,    0.10000E+03,    0.19433E+49
    0.26000E+02,    0.10000E+03,    0.25634E+49
    0.28000E+02,    0.10000E+03,    0.34915E+49
    0.30000E+02,    0.10000E+03,    0.48925E+49
    0.32000E+02,    0.10000E+03,    0.70201E+49
    0.34000E+02,    0.10000E+03,    0.10264E+50
    0.36000E+02,    0.10000E+03,    0.15223E+50
    0.38000E+02,    0.10000E+03,    0.22812E+50
    0.40000E+02,    0.10000E+03,    0.34435E+50
    0.42000E+02,    0.10000E+03,    0.52226E+50
    0.44000E+02,    0.10000E+03,    0.79360E+50
    0.46000E+02,    0.10000E+03,    0.12007E+51
    0.48000E+02,    0.10000E+03,    0.17647E+51
    0.50000E+02,    0.10000E+03,    0.20782E+51
