X, Y, V
4.804, 44.351, 0.499443
4.289, 44.08, 0.499416
3.721, 44.127, 0.499421
3.116, 44.143, 0.499423
4.759, 43.979, 0.499406
3.096, 43.532, 0.499362
3.674, 43.529, 0.499362
4.238, 43.511, 0.49936
4.739, 43.512, 0.49936
2.532, 44.136, 0.499422
2.498, 43.519, 0.499361
5.22, 44.376, 0.499445
5.172, 43.974, 0.499405
5.104, 44.861, 0.499493
4.49, 44.694, 0.499477
3.78, 44.76, 0.499484
3.154, 44.783, 0.499486
2.542, 44.784, 0.499486
1.95, 44.106, 0.499419
2.479, 42.927, 0.499302
3.065, 42.931, 0.499302
5.207, 43.547, 0.499363
3.659, 42.932, 0.499302
4.231, 42.93, 0.499302
4.763, 42.989, 0.499308
5.266, 43.071, 0.499316
1.954, 43.494, 0.499358
1.417, 44.043, 0.499413
1.464, 43.454, 0.499355
1.967, 44.772, 0.499485
1.841, 42.896, 0.499299
5.534, 43.976, 0.499405
5.644, 43.631, 0.499371
1.376, 44.758, 0.499484
0, 44.762, 0.499484
0.755, 44.751, 0.499483
0, 43.81, 0.49939
0.804, 43.859, 0.499395
5.7, 44.899, 0.499497
5.754, 44.313, 0.499439
4.437, 45.432, 0.49955
5.061, 45.481, 0.499555
3.805, 45.442, 0.499551
3.17, 45.457, 0.499553
2.561, 45.458, 0.499553
1.962, 45.455, 0.499553
5.692, 45.542, 0.499561
1.939, 42.338, 0.499244
2.465, 42.339, 0.499244
3.054, 42.325, 0.499242
3.644, 42.332, 0.499243
1.408, 45.471, 0.499555
1.466, 42.307, 0.499241
1.085, 42.85, 0.499295
0, 42.857, 0.499296
6.03, 43.857, 0.499393
0.788, 45.625, 0.49957
0, 45.714, 0.499579
1.448, 46.051, 0.499612
1.958, 46.116, 0.499619
2.558, 46.154, 0.499622
3.198, 46.157, 0.499623
3.824, 46.144, 0.499621
4.436, 46.118, 0.499619
5.01, 46.127, 0.499619
5.537, 46.136, 0.49962
5.96, 45.823, 0.499589
5.929, 46.202, 0.499627
5.78, 43.119, 0.49932
5.632, 42.717, 0.499281
5.281, 42.604, 0.49927
4.831, 42.459, 0.499256
4.252, 42.258, 0.499236
6.242, 43.434, 0.499351
4.007, 41.843, 0.499194
3.599, 41.789, 0.499189
6.232, 45.368, 0.499544
6.231, 44.898, 0.499497
6.3, 44.436, 0.499451
6.44, 44.032, 0.49941
6.307, 45.779, 0.499585
1.924, 41.775, 0.499189
1.441, 41.759, 0.499187
2.45, 41.776, 0.499188
3.016, 41.662, 0.499177
6.609, 43.682, 0.499375
6.314, 46.183, 0.499625
6.864, 43.863, 0.499393
6.792, 44.139, 0.499421
6.723, 44.487, 0.499456
6.7, 44.874, 0.499494
6.736, 45.294, 0.499536
6.754, 45.726, 0.499579
6.771, 46.177, 0.499624
2.74, 41.298, 0.499141
2.375, 41.281, 0.49914
1.935, 41.259, 0.499138
1.488, 41.217, 0.499134
1.131, 41.209, 0.499133
0.84, 41.704, 0.499182
0, 41.905, 0.499202
0, 46.667, 0.499673
1.008, 46.552, 0.499662
1.82, 46.812, 0.499688
2.551, 46.889, 0.499695
3.228, 46.901, 0.499696
3.878, 46.86, 0.499692
4.465, 46.805, 0.499687
5.025, 46.758, 0.499682
5.542, 46.727, 0.499679
5.934, 46.634, 0.49967
6.321, 46.629, 0.499669
5.803, 42.415, 0.499251
6.137, 42.736, 0.499281
6.511, 43.057, 0.499312
5.435, 42.182, 0.499229
5.002, 41.956, 0.499207
4.551, 41.729, 0.499183
4.155, 41.465, 0.499156
6.867, 43.382, 0.499344
3.724, 41.293, 0.499139
3.248, 41.126, 0.499123
2.834, 40.918, 0.499104
6.762, 46.61, 0.499667
2.404, 40.816, 0.499094
1.948, 40.735, 0.499087
1.494, 40.691, 0.499083
1.05, 40.689, 0.499082
0.6, 40.842, 0.499097
0, 40.952, 0.499108
5.97, 47.017, 0.499708
6.316, 47.039, 0.49971
6.756, 47.055, 0.499712
0, 47.619, 0.499768
0.926, 47.609, 0.499767
1.784, 47.68, 0.499774
2.559, 47.719, 0.499778
3.294, 47.697, 0.499776
3.981, 47.631, 0.499769
4.533, 47.45, 0.499751
5.074, 47.405, 0.499746
5.696, 47.325, 0.499738
7.169, 43.77, 0.499384
7.098, 44.154, 0.499422
7.077, 44.488, 0.499456
7.098, 44.82, 0.499489
7.269, 45.18, 0.499525
7.278, 45.695, 0.499576
7.281, 46.162, 0.499623
7.254, 46.613, 0.499668
6.428, 42.34, 0.499241
6.038, 42.029, 0.499214
5.633, 41.738, 0.499188
6.802, 42.669, 0.499271
7.159, 43.018, 0.499307
5.214, 41.467, 0.49916
4.783, 41.218, 0.499133
4.339, 40.99, 0.499106
3.884, 40.785, 0.499086
7.498, 43.383, 0.499345
3.42, 40.603, 0.499072
2.948, 40.444, 0.499058
2.468, 40.309, 0.499045
7.238, 47.046, 0.499711
1.981, 40.198, 0.499034
1.49, 40.112, 0.499026
0.996, 40.05, 0.49902
0.498, 40.012, 0.499016
0, 40, 0.499015
6.228, 47.471, 0.499753
6.741, 47.493, 0.499755
7.243, 47.492, 0.499755
4.604, 48, 0.499806
5.075, 48.031, 0.499809
5.656, 48.033, 0.499809
6.212, 47.992, 0.499805
7.326, 44.232, 0.49943
7.367, 44.475, 0.499454
7.326, 44.715, 0.499478
7.509, 44.056, 0.499413
7.818, 43.765, 0.499384
7.521, 44.839, 0.499491
7.756, 44.967, 0.499504
7.763, 45.257, 0.499533
7.808, 45.684, 0.499575
0, 48.571, 0.499863
0.911, 48.576, 0.499863
1.776, 48.602, 0.499866
2.593, 48.605, 0.499866
3.382, 48.588, 0.499864
4.222, 48.485, 0.499854
7.9, 46.196, 0.499626
7.739, 46.622, 0.499668
7.723, 47.046, 0.499711
6.803, 42.668, 0.462705
6.429, 42.338, 0.449672
6.04, 42.027, 0.432944
5.635, 41.736, 0.440946
5.216, 41.465, 0.429506
7.16, 43.016, 0.454634
7.5, 43.381, 0.443918
4.784, 41.216, 0.445009
4.34, 40.988, 0.432507
3.885, 40.783, 0.430849
3.421, 40.601, 0.44178
7.82, 43.764, 0.458927
2.948, 40.442, 0.445673
2.468, 40.307, 0.444208
1.982, 40.196, 0.43737
7.739, 47.48, 0.499754
1.491, 40.109, 0.409518
0.996, 40.047, 0.410612
0.499, 40.01, 0.439053
0, 39.998, 0.44085
6.734, 47.962, 0.499802
7.261, 47.944, 0.4998
7.774, 47.93, 0.499799
4.971, 48.729, 0.499878
7.703, 44.469, 0.499454
8.119, 44.163, 0.499424
8.121, 44.161, 0.450831
8.019, 44.797, 0.499487
8.191, 45.165, 0.499523
8.358, 45.601, 0.499567
8.121, 46.406, 0.499647
8.135, 46.669, 0.499673
8.381, 46.376, 0.499644
8.506, 46.109, 0.499617
8.159, 47.041, 0.49971
8.217, 47.466, 0.499753
0, 49.524, 0.499957
0.906, 49.532, 0.499958
1.778, 49.539, 0.499959
2.604, 49.551, 0.49996
3.393, 49.542, 0.499959
4.173, 49.554, 0.49996
4.929, 49.614, 0.499966
1.982, 40.193, 0.353699
2.469, 40.304, 0.355343
2.949, 40.439, 0.357355
3.422, 40.598, 0.359712
3.886, 40.781, 0.362432
4.341, 40.986, 0.3655
4.785, 41.213, 0.36891
5.217, 41.463, 0.372655
5.636, 41.733, 0.376623
6.041, 42.025, 0.380975
6.431, 42.336, 0.385634
6.805, 42.666, 0.390576
7.162, 43.014, 0.395745
7.502, 43.38, 0.401219
7.822, 43.762, 0.406918
8.123, 44.16, 0.412838
1.491, 40.107, 0.352444
5.709, 48.78, 0.499883
6.235, 48.512, 0.499857
6.761, 48.429, 0.499848
1.761, 39.723, 0.352677
8.273, 47.913, 0.499797
0.996, 40.045, 0.351688
0.499, 40.007, 0.351638
0, 39.995, 0.352202
7.287, 48.395, 0.499845
7.814, 48.382, 0.499844
8.328, 48.368, 0.499842
8.4, 44.575, 0.499465
8.402, 44.573, 0.455066
8.404, 44.572, 0.418999
8.66, 45, 0.499507
8.899, 45.438, 0.49955
9.115, 45.887, 0.499595
8.473, 46.632, 0.499669
8.587, 47.003, 0.499706
8.832, 46.499, 0.499656
9.309, 46.347, 0.49964
8.677, 47.432, 0.499749
8.762, 47.884, 0.499794
2.109, 39.87, 0.353711
2.522, 39.945, 0.35502
3.002, 40.022, 0.356801
3.493, 40.165, 0.359044
3.989, 40.306, 0.361608
4.487, 40.465, 0.36453
5.016, 40.676, 0.368074
5.599, 40.908, 0.372329
5.938, 41.304, 0.376338
6.328, 41.564, 0.380196
6.747, 41.837, 0.384526
7.195, 42.159, 0.38957
7.522, 42.595, 0.39491
7.907, 42.957, 0.400347
8.258, 43.42, 0.406667
8.564, 43.867, 0.412801
1.492, 39.438, 0.351664
5.995, 48.976, 0.499903
6.335, 48.903, 0.499895
6.015, 49.312, 0.499936
6.802, 48.851, 0.49989
7.325, 48.839, 0.499889
1.997, 39.488, 0.352758
2.197, 39.647, 0.353553
1.759, 39.333, 0.351888
5.948, 40.829, 0.373718
6.21, 40.957, 0.375866
0, 50.476, 0.500052
0.904, 50.48, 0.500052
1.776, 50.488, 0.500053
2.598, 50.492, 0.500054
3.386, 50.519, 0.500056
4.153, 50.531, 0.500057
4.871, 50.526, 0.500057
5.748, 49.689, 0.499974
5.534, 50.561, 0.50006
8.962, 44.252, 0.419066
8.832, 48.346, 0.49984
7.854, 48.831, 0.499888
8.377, 48.825, 0.499888
8.891, 48.812, 0.499887
8.662, 44.999, 0.468626
8.665, 44.998, 0.425347
9.177, 44.757, 0.425678
8.901, 45.437, 0.465874
9.117, 45.886, 0.474499
9.311, 46.346, 0.472328
9.008, 46.922, 0.499698
9.143, 47.371, 0.499743
9.479, 46.815, 0.499688
9.482, 46.814, 0.470001
9.249, 47.838, 0.49979
9.335, 48.311, 0.499837
2.516, 39.598, 0.35424
3.027, 39.562, 0.355638
3.545, 39.722, 0.357858
1.85, 39.085, 0.351416
2.339, 39.267, 0.352991
4.057, 39.835, 0.360197
4.085, 39.406, 0.358511
3.559, 39.354, 0.356526
4.593, 39.861, 0.36246
5.186, 40.117, 0.366181
6.064, 40.572, 0.372775
5.865, 40.306, 0.370306
6.565, 41.137, 0.378869
6.365, 40.645, 0.374705
6.692, 40.719, 0.376745
7.041, 41.232, 0.381981
7.861, 42.194, 0.393639
7.699, 41.591, 0.388029
9.11, 43.914, 0.41633
8.933, 43.593, 0.41217
6.363, 49.286, 0.499934
6.839, 49.283, 0.499933
6.344, 49.724, 0.499977
7.361, 49.279, 0.499933
7.893, 49.282, 0.499933
6.07, 50.203, 0.500025
6.057, 50.708, 0.500075
6.464, 50.202, 0.500025
9.621, 44.571, 0.425885
9.542, 44.175, 0.42126
9.436, 43.831, 0.417105
0, 37.995, 0.34575
1.504, 38.649, 0.349501
0, 51.429, 0.500147
0.908, 51.433, 0.500147
1.768, 51.417, 0.500145
2.584, 51.425, 0.500146
3.366, 51.452, 0.500149
8.368, 42.451, 0.398543
8.775, 43.08, 0.406384
4.195, 51.566, 0.50016
4.899, 51.345, 0.500138
5.531, 51.32, 0.500136
6.115, 51.336, 0.500138
9.315, 43.521, 0.413384
9.169, 43.209, 0.409592
9.402, 48.789, 0.499884
8.419, 49.284, 0.499933
8.935, 49.28, 0.499933
9.449, 49.27, 0.499932
8.903, 45.436, 0.431889
9.477, 45.168, 0.431906
9.12, 45.885, 0.438598
9.313, 46.345, 0.44545
9.484, 46.814, 0.452428
9.626, 47.292, 0.499736
9.749, 47.775, 0.499784
9.629, 47.291, 0.4761
9.631, 47.29, 0.459539
9.848, 48.264, 0.499833
9.922, 48.757, 0.499881
3.048, 38.922, 0.353177
5.259, 39.598, 0.363641
4.597, 39.044, 0.358338
5.959, 39.638, 0.366604
6.506, 40.272, 0.372904
6.645, 39.758, 0.369989
7.12, 40.462, 0.376864
7.892, 40.684, 0.381702
6.871, 49.722, 0.499977
7.398, 49.732, 0.499978
6.935, 50.196, 0.500024
7.928, 49.738, 0.499979
8.45, 49.746, 0.499979
6.557, 50.732, 0.500077
7.001, 50.647, 0.500069
9.768, 43.741, 0.417678
9.683, 43.355, 0.413378
0, 35.995, 0.334542
3.256, 37.641, 0.347302
2.199, 36.488, 0.339258
9.153, 42.687, 0.404521
8.854, 42.35, 0.400029
9.454, 43.035, 0.409181
4.582, 52.027, 0.500206
5.037, 52.004, 0.500204
5.594, 51.982, 0.500202
6.164, 51.955, 0.500199
0, 33.996, 0.320904
0, 31.996, 0.305053
0, 29.996, 0.288011
6.756, 51.315, 0.500135
6.727, 51.952, 0.500199
0, 52.381, 0.500241
0.923, 52.395, 0.500243
1.779, 52.329, 0.500236
2.551, 52.296, 0.500233
3.284, 52.322, 0.500236
3.969, 52.388, 0.500242
4.522, 52.564, 0.50026
0, 27.996, 0.27021
10.107, 44.801, 0.430578
10.133, 43.963, 0.421514
8.544, 41.601, 0.392011
9.042, 41.934, 0.397053
8.694, 40.805, 0.385775
7.064, 51.035, 0.500108
8.982, 41.038, 0.38883
8.908, 41.384, 0.391613
9.972, 49.253, 0.499931
8.963, 49.751, 0.49998
9.476, 49.752, 0.49998
9.997, 49.751, 0.49998
9.687, 45.691, 0.439101
10.315, 45.51, 0.43956
9.853, 46.195, 0.446031
9.985, 46.657, 0.452443
10.207, 47.099, 0.459007
9.752, 47.774, 0.479325
9.851, 48.263, 0.484043
9.754, 47.774, 0.466769
10.332, 47.636, 0.466567
9.925, 48.756, 0.488615
9.975, 49.253, 0.493536
4.555, 37.555, 0.349373
6.049, 38.891, 0.361958
6.148, 37.493, 0.352323
8.021, 40.027, 0.376891
7.429, 39.359, 0.369787
8.694, 40.048, 0.379319
7.438, 50.19, 0.500023
7.951, 50.203, 0.500025
7.46, 50.657, 0.50007
8.464, 50.213, 0.500026
8.973, 50.225, 0.500027
7.445, 51.081, 0.500112
9.745, 42.815, 0.408229
10.201, 43.145, 0.413281
2.055, 34.123, 0.322514
4.191, 35.958, 0.337817
4.036, 34.01, 0.322835
9.606, 42.272, 0.402468
5.062, 52.604, 0.500264
2.022, 32.032, 0.305724
2.032, 30.008, 0.288361
2.084, 28, 0.270421
7.33, 51.514, 0.500155
7.274, 52.007, 0.500204
0, 25.997, 0.251914
2.106, 25.992, 0.251993
9.254, 41.464, 0.393641
9.711, 41.594, 0.396464
9.356, 40.631, 0.386532
9.319, 41.063, 0.390247
9.296, 40.098, 0.381617
0, 23.997, 0.233254
0, 21.997, 0.214338
0, 19.997, 0.19523
0, 53.333, 0.500336
0, 17.998, 0.175988
5.68, 52.68, 0.500271
6.215, 52.512, 0.500255
6.737, 52.48, 0.500251
7.246, 52.495, 0.500253
1.008, 53.449, 0.500347
1.817, 53.191, 0.500322
2.547, 53.116, 0.500314
3.224, 53.105, 0.500313
3.873, 53.146, 0.500317
4.463, 53.198, 0.500323
5.022, 53.245, 0.500327
10.991, 43.978, 0.424744
10.979, 44.744, 0.433115
11.009, 45.464, 0.441408
11.032, 43.174, 0.416376
10.392, 46.089, 0.446819
10.423, 46.521, 0.452282
9.712, 41.094, 0.391841
9.999, 49.751, 0.498668
9.479, 50.237, 0.500028
9.997, 50.249, 0.500029
9.999, 50.249, 0.501335
11.005, 46.132, 0.449302
10.846, 46.817, 0.457306
10.97, 47.507, 0.466431
9.853, 48.263, 0.474071
9.927, 48.756, 0.481426
10.417, 48.173, 0.474108
11.01, 48.104, 0.47433
9.977, 49.252, 0.488827
10.002, 49.751, 0.496278
6.017, 35.806, 0.339212
8.712, 39.391, 0.373817
8.844, 38.525, 0.366743
7.974, 37.697, 0.357955
7.776, 35.749, 0.341305
7.953, 50.665, 0.500071
8.454, 50.684, 0.500073
7.92, 51.129, 0.500117
8.955, 50.7, 0.500074
9.459, 50.722, 0.500076
7.85, 51.579, 0.500162
10.3, 42.328, 0.405486
11.089, 42.368, 0.408313
3.983, 32, 0.30622
5.893, 33.904, 0.32358
5.865, 31.945, 0.306802
10.31, 41.531, 0.397795
5.539, 53.274, 0.50033
4.046, 30.014, 0.28895
4.177, 28.057, 0.271331
4.267, 26.002, 0.252378
7.788, 52.055, 0.500209
7.743, 52.513, 0.500255
2.116, 23.981, 0.233197
4.283, 23.974, 0.233347
10.049, 40.699, 0.389214
9.782, 39.638, 0.378841
2.12, 21.978, 0.214226
2.135, 19.974, 0.195062
2.167, 17.972, 0.175779
0, 15.998, 0.156629
2.193, 15.973, 0.156419
5.966, 52.983, 0.500301
6.313, 52.958, 0.500299
5.933, 53.367, 0.50034
6.756, 52.94, 0.500297
7.239, 52.951, 0.500298
7.724, 52.954, 0.500299
1.448, 53.949, 0.500397
1.958, 53.885, 0.500391
2.557, 53.847, 0.500387
3.197, 53.845, 0.500387
3.823, 53.858, 0.500388
4.435, 53.882, 0.500391
5.01, 53.873, 0.50039
5.537, 53.865, 0.500389
0, 13.998, 0.137188
0, 54.286, 0.500431
0.787, 54.375, 0.500439
1.408, 54.529, 0.500455
0, 11.999, 0.117692
11.744, 44.737, 0.435241
11.772, 43.978, 0.426994
11.806, 43.206, 0.418867
11.739, 45.461, 0.443415
11.705, 46.154, 0.451419
11.864, 42.415, 0.410823
10.002, 50.249, 0.503715
9.972, 50.747, 0.500079
9.975, 50.747, 0.506464
9.977, 50.748, 0.511168
11.659, 46.832, 0.459485
11.652, 47.485, 0.467535
11.646, 48.088, 0.475145
10.462, 48.703, 0.481563
10.491, 49.228, 0.489002
11.029, 48.665, 0.481842
11.617, 48.66, 0.482463
10.501, 49.751, 0.496445
10.496, 50.272, 0.503877
7.686, 33.805, 0.324474
9.808, 38.466, 0.368414
9.534, 37.24, 0.357049
9.435, 35.589, 0.342222
9.376, 33.679, 0.325002
8.415, 51.15, 0.500119
8.912, 51.175, 0.500121
8.352, 51.618, 0.500165
9.411, 51.205, 0.500124
9.922, 51.243, 0.500128
8.283, 52.08, 0.500211
11.099, 41.523, 0.399961
11.929, 41.581, 0.402562
5.918, 30.108, 0.290534
7.557, 31.867, 0.307223
7.449, 30.257, 0.292606
11.032, 40.608, 0.390961
5.929, 53.798, 0.500383
6.362, 28.252, 0.273744
6.497, 26.1, 0.253766
6.538, 23.976, 0.233715
8.22, 52.533, 0.500257
8.16, 52.959, 0.500299
4.294, 21.954, 0.214159
6.552, 21.926, 0.21415
10.957, 39.563, 0.380913
10.931, 38.398, 0.37002
4.332, 19.944, 0.194897
4.383, 17.936, 0.175526
4.459, 15.941, 0.156184
2.207, 13.984, 0.137076
4.47, 13.963, 0.136931
6.321, 53.371, 0.50034
6.762, 53.389, 0.500342
6.314, 53.817, 0.500384
7.255, 53.388, 0.500342
7.739, 53.378, 0.500341
8.135, 53.331, 0.500336
1.962, 54.545, 0.500456
2.561, 54.542, 0.500456
3.17, 54.543, 0.500456
3.805, 54.558, 0.500458
4.437, 54.568, 0.500459
5.061, 54.519, 0.500454
5.96, 54.177, 0.50042
5.692, 54.459, 0.500448
2.205, 12, 0.117721
0, 9.999, 0.0981387
2.199, 10.019, 0.0983491
0, 7.999, 0.0785483
0, 55.238, 0.500525
0.755, 55.249, 0.500526
1.376, 55.242, 0.500525
1.967, 55.228, 0.500524
0, 5.999, 0.0589306
12.476, 44.74, 0.437004
12.45, 45.479, 0.445237
12.496, 43.985, 0.428795
12.533, 43.228, 0.420802
12.578, 42.496, 0.413259
12.425, 46.189, 0.453361
12.382, 46.872, 0.46134
12.776, 41.734, 0.40587
10.472, 50.791, 0.511278
9.925, 51.244, 0.511387
9.927, 51.244, 0.518571
10.429, 51.308, 0.518637
12.349, 47.521, 0.46911
12.289, 48.134, 0.476557
12.217, 48.687, 0.483379
11.03, 49.213, 0.489253
11.027, 49.757, 0.496671
11.594, 49.216, 0.48969
12.167, 49.239, 0.490313
11.015, 50.297, 0.504061
10.993, 50.835, 0.511421
9.301, 31.464, 0.304736
10.9, 37.081, 0.357832
10.855, 35.578, 0.343935
11.169, 33.8, 0.327788
11.312, 31.493, 0.306342
8.846, 51.646, 0.500168
9.342, 51.686, 0.500172
8.768, 52.114, 0.500215
9.848, 51.736, 0.500177
9.851, 51.737, 0.51596
8.679, 52.568, 0.50026
11.968, 40.638, 0.393335
12.868, 40.749, 0.396148
8.743, 28.985, 0.28149
11.978, 39.574, 0.383041
6.307, 54.221, 0.500425
8.894, 26.264, 0.255974
8.869, 23.992, 0.234324
8.84, 21.887, 0.21411
8.588, 52.997, 0.500303
8.473, 53.368, 0.50034
8.121, 53.594, 0.500362
8.381, 53.624, 0.500365
6.579, 19.898, 0.19465
8.857, 19.805, 0.194005
12.051, 38.363, 0.371593
12.069, 37.015, 0.358878
6.675, 17.882, 0.175158
6.785, 15.88, 0.155713
6.775, 13.961, 0.137006
4.476, 12.012, 0.117885
6.786, 12.027, 0.118105
6.771, 53.824, 0.500385
7.281, 53.838, 0.500387
6.754, 54.274, 0.50043
7.9, 53.805, 0.500383
2.542, 55.216, 0.500523
3.154, 55.217, 0.500523
3.78, 55.24, 0.500526
6.232, 54.632, 0.500466
4.469, 10.025, 0.0984425
2.155, 8.039, 0.0789508
4.448, 8.019, 0.0787814
2.137, 6.125, 0.060174
0, 3.999, 0.0392937
2.029, 4.511, 0.0443265
13.164, 42.601, 0.415502
13.192, 43.22, 0.422039
13.212, 43.974, 0.430107
13.194, 44.752, 0.438539
13.17, 45.508, 0.446906
13.139, 46.238, 0.455149
13.1, 46.935, 0.463171
13.041, 47.613, 0.4711
0, 2, 0.0196508
0, 0, 0
0, 56.19, 0.500619
0.803, 56.14, 0.500614
1.417, 55.957, 0.500596
1.95, 55.894, 0.50059
2.532, 55.864, 0.500587
4.49, 55.306, 0.500532
5.104, 55.139, 0.500516
5.7, 55.101, 0.500512
6.231, 55.105, 0.500513
13.663, 42.08, 0.410982
13.813, 40.936, 0.399559
11.996, 35.7, 0.346406
10.953, 51.372, 0.518749
9.853, 51.737, 0.525929
10.363, 51.826, 0.525992
10.897, 51.912, 0.526082
12.949, 48.242, 0.478554
12.787, 48.76, 0.484714
12.736, 49.266, 0.490913
11.574, 49.772, 0.496989
11.557, 50.327, 0.504309
12.139, 49.795, 0.49738
12.708, 49.824, 0.497813
11.533, 50.881, 0.511613
11.5, 51.434, 0.518879
9.251, 52.161, 0.500219
9.749, 52.225, 0.500225
9.144, 52.629, 0.500266
9.752, 52.226, 0.520677
9.754, 52.226, 0.533229
9.008, 53.078, 0.500311
12.973, 39.655, 0.385521
13.896, 39.822, 0.388535
13.083, 38.393, 0.373398
6.736, 54.71, 0.500473
8.832, 53.501, 0.500353
8.506, 53.891, 0.500392
8.876, 17.789, 0.174448
9.23, 15.796, 0.155059
8.94, 13.927, 0.136789
10.719, 17.663, 0.173401
11.12, 21.773, 0.213387
11.013, 19.638, 0.192659
11.211, 23.932, 0.234261
11.389, 26.183, 0.255939
11.838, 28.87, 0.281794
13.209, 30.169, 0.294812
13.128, 31.969, 0.311993
12.866, 34.483, 0.335743
13.457, 36.761, 0.3581
8.968, 12.216, 0.120049
10.615, 13.998, 0.137582
10.59, 12.45, 0.122422
6.871, 10.127, 0.0995012
9.31, 10.312, 0.101397
7.278, 54.308, 0.500433
7.808, 54.316, 0.500434
8.358, 54.4, 0.500443
3.116, 55.857, 0.500587
3.721, 55.873, 0.500588
4.289, 55.92, 0.500593
6.7, 55.126, 0.500515
6.791, 7.997, 0.0786071
4.274, 5.931, 0.0582877
6.702, 6.216, 0.0611185
4.063, 3.422, 0.0336338
5, 0, 0
13.9, 43.067, 0.421625
13.948, 43.939, 0.430964
13.943, 44.761, 0.439854
13.915, 45.553, 0.448545
13.867, 46.296, 0.456821
13.823, 47.018, 0.465007
13.762, 47.73, 0.473193
1.464, 56.545, 0.500655
1.954, 56.506, 0.500651
2.498, 56.481, 0.500648
3.096, 56.468, 0.500647
4.804, 55.649, 0.500566
5.22, 55.624, 0.500564
4.759, 56.021, 0.500603
13.654, 48.513, 0.482316
0, 57.143, 0.500713
7.269, 54.82, 0.500484
1.085, 57.15, 0.500714
5.754, 55.688, 0.500571
6.3, 55.564, 0.500559
6.722, 55.518, 0.500554
14.778, 41.017, 0.401721
14.728, 42.055, 0.412295
14.764, 43.021, 0.422393
14.909, 39.965, 0.391259
13.4, 23.769, 0.23318
13.244, 48.838, 0.48594
14.038, 38.7, 0.377633
14.118, 37.7, 0.367926
5.172, 56.026, 0.500604
5.534, 56.024, 0.500604
11.451, 51.992, 0.526171
10.275, 52.344, 0.533318
10.822, 52.458, 0.533448
11.388, 52.558, 0.533508
13.274, 49.291, 0.491423
13.282, 49.839, 0.498051
12.115, 50.361, 0.504604
12.093, 50.926, 0.511814
12.689, 50.395, 0.504897
13.272, 50.43, 0.505201
12.062, 51.493, 0.519024
12.021, 52.063, 0.526228
9.626, 52.708, 0.500273
9.629, 52.709, 0.523899
9.479, 53.185, 0.500321
9.631, 52.71, 0.540452
10.166, 52.866, 0.540658
9.309, 53.653, 0.500369
14.974, 38.797, 0.379674
7.098, 55.189, 0.500521
9.115, 54.113, 0.500414
8.899, 54.562, 0.500459
13.263, 21.667, 0.212737
13.293, 19.184, 0.188532
12.064, 15.523, 0.152626
13.635, 25.79, 0.252817
14.265, 27.82, 0.272677
14.835, 29.807, 0.292103
14.84, 31.931, 0.312647
14.877, 34.161, 0.334264
14.901, 36.192, 0.354017
15.076, 37.595, 0.367894
12.001, 11.481, 0.112998
9.285, 7.851, 0.0772367
11.895, 8.251, 0.0812504
8.854, 4.6, 0.0452597
10, 0, 0
7.762, 54.748, 0.500477
8.191, 54.835, 0.500486
8.66, 55, 0.500502
3.674, 56.471, 0.500648
4.238, 56.489, 0.50065
4.739, 56.488, 0.50065
7.077, 55.512, 0.500554
14.777, 43.932, 0.432054
14.756, 44.807, 0.441445
14.687, 45.621, 0.450264
14.615, 46.369, 0.458485
14.552, 47.081, 0.466436
14.508, 47.799, 0.474579
14.468, 48.513, 0.482763
1.841, 57.103, 0.50071
2.479, 57.073, 0.500707
3.065, 57.069, 0.500707
3.659, 57.068, 0.500707
5.208, 56.453, 0.500646
13.827, 49.203, 0.490559
14.497, 49.213, 0.490869
7.52, 55.17, 0.500519
7.756, 55.033, 0.500506
7.326, 55.285, 0.500531
1.465, 57.69, 0.500768
1.939, 57.662, 0.500765
5.644, 56.369, 0.500638
6.03, 56.143, 0.500616
6.44, 55.969, 0.500599
6.792, 55.861, 0.500588
7.098, 55.851, 0.500587
15.354, 23.653, 0.232492
15.113, 21.75, 0.213878
15.295, 25.463, 0.250097
0, 58.095, 0.500807
15, 0, 0
0.839, 58.292, 0.500827
1.441, 58.241, 0.500822
15.677, 42.051, 0.413398
15.728, 41.124, 0.403923
15.945, 40.124, 0.393996
15.686, 43.018, 0.423469
15.68, 43.965, 0.433452
16.088, 38.918, 0.382004
7.366, 55.534, 0.500556
7.326, 55.768, 0.500579
11.968, 52.643, 0.533497
10.723, 53.017, 0.540933
11.313, 53.138, 0.540935
11.906, 53.236, 0.54084
13.872, 49.847, 0.498189
13.87, 50.458, 0.505421
12.667, 50.973, 0.512063
12.64, 51.549, 0.519179
13.254, 51.018, 0.512309
13.857, 51.065, 0.512598
12.605, 52.128, 0.52629
12.561, 52.716, 0.533452
9.482, 53.186, 0.529997
9.484, 53.186, 0.547562
9.311, 53.654, 0.527685
10.018, 53.389, 0.54802
10.6, 53.603, 0.548692
9.117, 54.114, 0.525522
16.15, 37.646, 0.369383
8.901, 54.563, 0.53414
8.662, 55.001, 0.531378
16.491, 36.206, 0.355424
16.612, 34.168, 0.33548
16.822, 31.838, 0.312788
16.737, 29.586, 0.290751
16.892, 26.812, 0.263717
14.33, 5.775, 0.0569362
15.751, 10.596, 0.10448
16.591, 19.843, 0.195446
16.285, 15.241, 0.150224
17.409, 23.518, 0.231608
8.019, 55.207, 0.500523
8.4, 55.425, 0.500544
8.402, 55.427, 0.544939
4.231, 57.07, 0.500707
4.763, 57.011, 0.500701
5.266, 56.929, 0.500693
15.616, 44.887, 0.443254
15.524, 45.769, 0.452738
15.318, 46.459, 0.460132
15.271, 47.136, 0.467625
15.228, 47.84, 0.475497
15.198, 48.552, 0.48353
15.18, 49.238, 0.491317
2.465, 57.66, 0.500765
3.054, 57.675, 0.500767
3.644, 57.668, 0.500766
14.503, 49.862, 0.498398
15.159, 49.907, 0.498939
7.703, 55.531, 0.500555
1.923, 58.222, 0.50082
2.45, 58.224, 0.500821
6.864, 56.138, 0.500616
6.609, 56.318, 0.500634
6.242, 56.566, 0.500659
5.78, 56.882, 0.500689
7.509, 55.948, 0.500597
7.169, 56.23, 0.500626
20, 0, 0
19.891, 5.201, 0.0513995
1.131, 58.791, 0.500876
1.487, 58.776, 0.500875
1.935, 58.741, 0.500871
16.478, 41.214, 0.405604
16.577, 42.036, 0.414156
16.635, 42.999, 0.42421
16.626, 44.01, 0.434825
16.584, 45.027, 0.445606
17.174, 37.851, 0.37225
17.174, 39.015, 0.383908
17.13, 40.525, 0.399151
25, 0, 0
0, 59.048, 0.500901
0.6, 59.158, 0.500912
1.049, 59.306, 0.500926
30, 0, 0
4.252, 57.743, 0.500774
12.512, 53.316, 0.540676
11.217, 53.741, 0.548557
11.84, 53.847, 0.548278
12.456, 53.933, 0.548001
14.493, 50.501, 0.505815
14.472, 51.115, 0.512938
13.232, 51.604, 0.519368
13.204, 52.189, 0.526375
13.837, 51.659, 0.519599
14.456, 51.714, 0.519864
13.173, 52.778, 0.533371
13.137, 53.38, 0.540448
9.313, 53.655, 0.554566
9.835, 53.904, 0.555296
9.12, 54.115, 0.561438
8.903, 54.564, 0.568131
8.665, 55.002, 0.574652
8.404, 55.428, 0.581003
18.724, 29.722, 0.292822
18.788, 31.954, 0.314814
18.598, 34.398, 0.33884
18.067, 36.859, 0.362965
20.307, 10.159, 0.100395
20.552, 14.829, 0.146518
20.697, 19.353, 0.191168
20.868, 23.506, 0.232145
20.414, 27.873, 0.275109
8.119, 55.837, 0.500586
8.121, 55.839, 0.549165
8.123, 55.84, 0.587145
4.831, 57.541, 0.500754
5.281, 57.396, 0.500739
5.632, 57.283, 0.500729
15.909, 46.571, 0.461824
16.405, 46.102, 0.457061
15.926, 47.154, 0.46826
15.936, 47.863, 0.476121
15.903, 48.583, 0.48413
15.869, 49.282, 0.491945
15.829, 49.953, 0.499471
4.007, 58.157, 0.500815
3.599, 58.211, 0.50082
3.016, 58.339, 0.500833
2.374, 58.717, 0.500869
2.74, 58.702, 0.500868
15.131, 50.548, 0.506252
15.787, 50.605, 0.506799
7.818, 56.235, 0.500626
6.867, 56.618, 0.500665
6.511, 56.944, 0.500697
6.137, 57.264, 0.500728
5.804, 57.585, 0.500758
7.498, 56.617, 0.500664
7.159, 56.982, 0.500702
24.914, 5.003, 0.0495449
24.918, 9.829, 0.0973331
1.494, 59.309, 0.500927
1.947, 59.263, 0.500922
2.404, 59.184, 0.500915
17.498, 41.799, 0.41249
17.625, 42.952, 0.424528
17.667, 44.032, 0.435857
17.607, 45.107, 0.447182
17.484, 46.121, 0.457928
18.403, 38.766, 0.382277
18.487, 40.343, 0.39831
18.637, 41.709, 0.412377
29.737, 4.909, 0.0486971
0, 60, 0.500994
0.498, 59.988, 0.500993
0.996, 59.95, 0.50099
1.49, 59.888, 0.500983
35, 0, 0
34.422, 5.074, 0.0504004
5.003, 58.044, 0.500802
4.551, 58.271, 0.500826
4.155, 58.536, 0.500853
10.39, 54.259, 0.557416
11.125, 54.378, 0.556386
9.576, 54.311, 0.561474
9.969, 54.487, 0.561799
5.435, 57.818, 0.50078
13.094, 54.003, 0.547682
11.765, 54.48, 0.55584
12.399, 54.57, 0.555426
13.044, 54.645, 0.555032
15.103, 51.173, 0.513382
15.072, 51.775, 0.520236
13.821, 52.244, 0.526452
13.803, 52.829, 0.533251
14.44, 52.296, 0.526561
15.056, 52.349, 0.526741
13.79, 53.43, 0.54016
13.762, 54.053, 0.547255
9.399, 54.743, 0.567471
9.2, 55.211, 0.573836
8.962, 55.695, 0.58039
24.917, 14.507, 0.143651
24.898, 18.992, 0.18806
24.761, 23.278, 0.230502
24.73, 27.274, 0.270137
7.82, 56.236, 0.541092
7.822, 56.238, 0.593112
16.623, 47.04, 0.467402
17.429, 47.04, 0.46779
16.638, 47.855, 0.476334
16.619, 48.611, 0.484649
16.568, 49.325, 0.492527
16.516, 50.006, 0.500066
16.46, 50.664, 0.507364
3.724, 58.708, 0.50087
3.248, 58.874, 0.500886
2.834, 59.082, 0.500905
15.742, 51.238, 0.513916
16.402, 51.31, 0.514534
7.5, 56.619, 0.556099
6.802, 57.331, 0.500739
6.428, 57.66, 0.500768
6.038, 57.971, 0.500796
5.633, 58.262, 0.500821
7.16, 56.984, 0.545376
6.803, 57.332, 0.537312
29.503, 9.648, 0.0957064
29.3, 14.221, 0.141075
1.981, 59.802, 0.500975
2.468, 59.691, 0.500964
2.948, 59.556, 0.500951
18.729, 42.91, 0.424835
18.748, 44.064, 0.436864
33.841, 9.599, 0.0953442
40, 0, 0
38.902, 5.803, 0.057695
37.649, 9.978, 0.0991967
5.214, 58.533, 0.50085
4.783, 58.782, 0.500876
4.339, 59.01, 0.500903
3.884, 59.215, 0.500924
9.891, 54.891, 0.56684
10.443, 54.938, 0.565174
11.071, 55.032, 0.564093
11.708, 55.133, 0.563406
45, 0, 0
50, 0, 0
0, 60.002, 0.559143
0.499, 59.99, 0.560976
0.996, 59.953, 0.589389
1.491, 59.891, 0.590495
1.982, 59.804, 0.562646
8.692, 56.21, 0.587193
8.241, 56.529, 0.592992
21.52, 31.663, 0.312902
24.581, 30.824, 0.305396
20.706, 34.808, 0.343873
19.96, 36.966, 0.3651
19.795, 38.788, 0.383332
19.799, 40.327, 0.398938
19.844, 41.684, 0.412828
19.866, 42.905, 0.425412
18.797, 45.252, 0.449367
18.399, 46.232, 0.459558
18.274, 47.11, 0.468883
3.42, 59.397, 0.500937
13.721, 54.705, 0.554601
12.338, 55.226, 0.562925
12.99, 55.308, 0.562498
13.672, 55.376, 0.562062
15.696, 51.851, 0.520801
15.625, 52.415, 0.527137
14.446, 52.868, 0.533079
15.054, 52.878, 0.532694
15.553, 52.865, 0.532194
14.465, 53.451, 0.539646
14.462, 54.087, 0.54676
14.43, 54.748, 0.554103
9.759, 55.405, 0.573221
9.569, 55.964, 0.58012
29.111, 18.702, 0.185549
29.052, 23.043, 0.228681
28.698, 27.247, 0.270488
28.223, 31.043, 0.308279
7.502, 56.62, 0.598804
7.9, 56.914, 0.598597
17.41, 47.877, 0.476853
18.178, 47.932, 0.477678
17.35, 48.651, 0.485263
17.29, 49.374, 0.493151
17.221, 50.06, 0.500657
17.153, 50.725, 0.507947
17.084, 51.379, 0.515124
16.326, 51.947, 0.521607
17.015, 52.033, 0.522298
7.162, 56.986, 0.604265
6.429, 57.662, 0.550347
6.04, 57.973, 0.567066
5.635, 58.264, 0.559038
5.216, 58.535, 0.570529
6.805, 57.334, 0.609456
6.431, 57.664, 0.614396
33.478, 14.027, 0.139339
33.412, 18.388, 0.182707
2.468, 59.693, 0.555814
2.948, 59.558, 0.554339
3.421, 59.399, 0.558218
19.889, 44.014, 0.436922
19.869, 45.038, 0.447593
37.245, 13.841, 0.137615
40.4, 10.626, 0.105694
39.95, 13.886, 0.138132
43.307, 8.537, 0.0849303
50, 9.091, 0.0904671
4.784, 58.784, 0.555021
4.34, 59.012, 0.567518
3.885, 59.217, 0.569148
10.359, 55.581, 0.572683
11.004, 55.697, 0.5717
11.64, 55.803, 0.570988
12.277, 55.902, 0.570478
8.755, 56.533, 0.590059
8.579, 56.806, 0.593601
9.025, 56.65, 0.589778
9.281, 56.465, 0.586653
8.295, 57.204, 0.598794
22.741, 33.196, 0.328522
24.721, 33.144, 0.328549
22.569, 34.711, 0.343598
21.498, 36.134, 0.35744
22.581, 36.217, 0.358677
21.226, 37.466, 0.370704
21.132, 38.955, 0.385679
21.091, 40.411, 0.400431
21.076, 41.721, 0.413798
21.067, 42.924, 0.426149
21.017, 44.05, 0.437759
19.271, 45.832, 0.455691
19.961, 45.799, 0.455598
19.161, 46.451, 0.462192
19.04, 47.215, 0.470257
18.969, 48.005, 0.478657
0, 60.005, 0.64777
0.499, 59.993, 0.648415
0.996, 59.955, 0.648305
1.491, 59.893, 0.647572
1.982, 59.807, 0.646326
2.469, 59.696, 0.6447
26.996, 33.895, 0.33658
24.114, 34.793, 0.344884
25.701, 35.009, 0.34746
14.387, 55.433, 0.561633
12.935, 55.991, 0.570046
13.624, 56.067, 0.569621
14.342, 56.135, 0.569248
16.213, 52.589, 0.528743
15.172, 53.429, 0.538739
15.94, 53.267, 0.536368
15.189, 54.088, 0.54601
15.169, 54.782, 0.553623
15.125, 55.483, 0.561256
9.794, 56.598, 0.585695
10.188, 56.303, 0.581058
33.124, 22.933, 0.227935
37.408, 18.043, 0.179462
36.992, 22.7, 0.225853
33.6, 27.413, 0.272672
29.701, 34.14, 0.339513
31.845, 32.221, 0.320565
7.534, 57.3, 0.604165
7.94, 57.648, 0.604598
18.111, 48.704, 0.485987
18.883, 48.769, 0.486809
18.029, 49.429, 0.493817
17.946, 50.117, 0.501268
17.864, 50.785, 0.508517
17.791, 51.443, 0.515664
17.719, 52.104, 0.522841
16.92, 52.694, 0.52955
17.661, 52.772, 0.530079
7.158, 57.691, 0.609593
6.041, 57.975, 0.619036
5.636, 58.267, 0.623336
5.217, 58.537, 0.627401
4.785, 58.787, 0.631148
6.756, 58.038, 0.614609
6.375, 58.374, 0.619167
2.949, 59.561, 0.642662
3.422, 59.402, 0.640269
3.886, 59.219, 0.637553
4.341, 59.014, 0.634542
20.949, 45.061, 0.448229
20.747, 45.83, 0.456177
42.219, 17.09, 0.170086
50, 18.182, 0.181049
10.924, 56.395, 0.579443
11.569, 56.497, 0.578627
12.215, 56.6, 0.578095
12.88, 56.694, 0.57766
8.933, 56.971, 0.59332
9.367, 56.999, 0.591548
9.81, 57.047, 0.590136
24.125, 36.277, 0.359775
22.56, 37.645, 0.373029
24.032, 37.793, 0.375006
22.487, 39.129, 0.387989
22.433, 40.502, 0.401899
22.363, 41.785, 0.414954
22.308, 42.978, 0.427157
22.239, 44.133, 0.439021
19.892, 46.52, 0.463159
20.713, 46.549, 0.463692
19.842, 47.287, 0.471238
19.767, 48.072, 0.47953
19.686, 48.842, 0.48769
1.408, 60.557, 0.648518
1.704, 60.356, 0.647598
2.116, 60.205, 0.646429
2.558, 60.088, 0.644982
3.04, 60.044, 0.643255
25.671, 36.33, 0.360722
27.565, 36.114, 0.358958
29.65, 36.195, 0.360141
22.087, 45.362, 0.451686
0, 62.005, 0.654297
8.786, 57.53, 0.599219
8.361, 57.99, 0.605341
1.545, 61.385, 0.650444
21.465, 45.899, 0.457098
1.818, 60.764, 0.648298
2.233, 60.587, 0.646965
2.611, 60.427, 0.645609
15.084, 56.198, 0.568952
13.577, 56.777, 0.577257
14.307, 56.851, 0.576892
15.047, 56.913, 0.576554
16.813, 53.387, 0.537138
15.962, 54.074, 0.545185
16.763, 54.113, 0.545022
15.931, 54.806, 0.553144
15.885, 55.536, 0.561025
15.83, 56.26, 0.568779
10.31, 57.038, 0.588178
10.889, 57.111, 0.586999
36.221, 31.93, 0.318061
39.909, 27.263, 0.271554
50, 27.273, 0.27187
7.54, 58.073, 0.610214
18.791, 49.493, 0.49456
19.57, 49.582, 0.495551
18.685, 50.18, 0.501934
18.592, 50.844, 0.509075
18.507, 51.507, 0.516213
18.444, 52.17, 0.523345
18.389, 52.831, 0.530444
17.599, 53.45, 0.537407
18.37, 53.497, 0.537565
7.082, 58.431, 0.615422
6.679, 58.684, 0.619374
6.413, 58.866, 0.622011
6.049, 58.799, 0.623581
5.496, 59.044, 0.628036
5.002, 59.259, 0.631747
4.556, 59.447, 0.634838
3.594, 59.902, 0.64073
4.141, 59.721, 0.63778
21.506, 46.546, 0.463852
11.513, 57.214, 0.586258
12.153, 57.321, 0.585776
12.826, 57.421, 0.585374
13.537, 57.509, 0.584983
9.302, 57.539, 0.596993
9.793, 57.621, 0.595819
10.263, 57.718, 0.595097
25.721, 37.879, 0.376328
23.984, 39.25, 0.38971
25.577, 39.417, 0.391829
23.853, 40.638, 0.403748
23.718, 41.855, 0.416098
23.604, 43.01, 0.42787
23.538, 44.155, 0.439597
23.476, 45.286, 0.451221
20.657, 47.329, 0.471865
21.525, 47.341, 0.472157
20.607, 48.132, 0.480303
20.516, 48.946, 0.488874
20.376, 49.715, 0.496989
27.432, 37.916, 0.377073
29.359, 38.054, 0.378797
30.798, 38.193, 0.3804
32.498, 36.552, 0.36409
36.327, 36.248, 0.361387
22.392, 46.388, 0.462396
23.502, 46.368, 0.462389
8.925, 57.948, 0.602386
9.267, 58.085, 0.602231
8.717, 58.296, 0.606356
8.449, 58.553, 0.609734
8.015, 58.587, 0.611929
2.399, 60.967, 0.647855
3.026, 60.618, 0.645018
3.78, 60.493, 0.642183
2.779, 61.326, 0.648378
2.645, 61.799, 0.650882
2.808, 62.691, 0.655365
0, 64.004, 0.665341
2.081, 63.574, 0.661266
15.779, 56.983, 0.576445
14.279, 57.583, 0.584586
15.033, 57.643, 0.584193
15.762, 57.649, 0.583409
17.569, 54.162, 0.545054
16.72, 54.853, 0.553003
17.524, 54.894, 0.552884
16.66, 55.592, 0.56093
16.579, 56.349, 0.569003
16.473, 57.057, 0.576524
10.837, 57.837, 0.594462
11.441, 57.953, 0.593952
7.364, 58.883, 0.617294
6.873, 59.056, 0.620907
6.539, 59.118, 0.622986
19.432, 50.247, 0.502633
20.142, 50.348, 0.503684
19.321, 50.908, 0.509687
19.237, 51.568, 0.516736
19.16, 52.237, 0.52388
19.113, 52.892, 0.530861
19.09, 53.507, 0.537394
18.375, 54.18, 0.544827
19.215, 54.156, 0.544204
4.75, 59.833, 0.635534
5.183, 59.744, 0.633116
5.723, 59.6, 0.629835
6.341, 59.416, 0.625813
4.511, 60.288, 0.638567
22.439, 47.33, 0.47219
12.09, 58.069, 0.593559
12.774, 58.174, 0.593201
13.501, 58.27, 0.592874
14.261, 58.35, 0.592518
9.685, 58.19, 0.60162
10.143, 58.426, 0.602316
10.725, 58.582, 0.60207
27.367, 39.61, 0.394162
25.428, 40.833, 0.406144
25.023, 41.963, 0.417534
24.964, 43.031, 0.428412
24.85, 44.153, 0.439861
24.797, 45.306, 0.451671
24.719, 46.412, 0.463024
21.479, 48.195, 0.481083
22.417, 48.228, 0.481532
21.403, 49.065, 0.490192
20.715, 50.443, 0.504669
21.249, 50.039, 0.500411
29.033, 39.727, 0.395631
27.067, 41.307, 0.411293
30.857, 40.092, 0.399557
33.017, 39.644, 0.395266
36.049, 39.575, 0.394806
38.442, 39.707, 0.396272
41.202, 37.043, 0.369591
50, 36.364, 0.362931
23.482, 47.353, 0.472571
24.591, 47.467, 0.473871
9.047, 58.634, 0.608044
9.546, 58.687, 0.606705
8.623, 58.865, 0.61171
3.306, 61.228, 0.646694
3.926, 61.126, 0.644565
3.413, 61.842, 0.649487
4.635, 61.153, 0.642618
3.73, 62.645, 0.65347
7.506, 59.533, 0.62157
8.298, 59.308, 0.616659
0, 66.004, 0.679098
2.005, 65.885, 0.67758
4.039, 63.947, 0.661706
3.951, 65.914, 0.676635
16.343, 57.646, 0.582782
6.916, 59.481, 0.623653
28.842, 41.239, 0.410892
26.192, 42.086, 0.419035
4.005, 61.703, 0.647399
4.6, 62.104, 0.64841
4.836, 63.061, 0.654297
15.068, 58.392, 0.591877
15.868, 58.356, 0.590591
18.355, 54.934, 0.552821
17.455, 55.666, 0.561108
18.294, 55.718, 0.561112
17.352, 56.452, 0.569452
17.163, 57.29, 0.578351
16.796, 58.152, 0.587588
11.362, 58.722, 0.601762
12.022, 58.843, 0.601447
20.043, 50.96, 0.510173
20.728, 51.003, 0.510571
19.961, 51.634, 0.517323
19.885, 52.315, 0.524545
19.781, 52.967, 0.531463
19.683, 53.492, 0.537036
19.218, 54.937, 0.552424
5.256, 60.32, 0.635864
5.889, 60.198, 0.632675
6.471, 60.038, 0.62933
6.939, 59.974, 0.627058
5.453, 61.054, 0.639509
23.399, 48.294, 0.482308
12.723, 58.958, 0.601196
13.46, 59.059, 0.600932
14.265, 59.158, 0.600729
15.087, 59.238, 0.600488
26.244, 43.002, 0.428371
26.266, 44.143, 0.440008
26.135, 45.342, 0.45224
26.023, 46.565, 0.464749
25.775, 47.678, 0.476145
22.352, 49.133, 0.490959
23.327, 49.194, 0.491637
22.3, 50.033, 0.500345
21.451, 50.902, 0.509461
22.325, 50.916, 0.509555
27.852, 42.756, 0.42613
38.497, 42.625, 0.425653
35.94, 42.521, 0.424485
33.223, 42.546, 0.424569
30.013, 42.63, 0.42513
24.434, 48.389, 0.483366
25.44, 48.551, 0.485092
9.076, 59.367, 0.614388
9.824, 59.187, 0.610396
10.586, 59.387, 0.610105
11.266, 59.514, 0.60966
50, 45.455, 0.454277
0, 68.004, 0.694973
2.061, 67.918, 0.693859
4.054, 67.853, 0.6925
20.137, 53.968, 0.541894
20.141, 54.927, 0.551936
40.869, 45.56, 0.455263
5.834, 61.91, 0.644126
5.845, 63.148, 0.653046
5.679, 64.361, 0.662599
5.69, 66.002, 0.67587
5.724, 67.569, 0.689108
7.392, 60.278, 0.627632
8.264, 60.378, 0.625587
9.034, 60.174, 0.621552
6.075, 60.788, 0.635815
6.714, 60.632, 0.632588
6.266, 61.354, 0.639117
27.608, 44.076, 0.439516
29.032, 44.05, 0.439419
6.874, 61.219, 0.63633
7.519, 61.07, 0.633322
15.905, 59.139, 0.598566
16.728, 59.155, 0.597943
19.167, 55.771, 0.561186
18.186, 56.559, 0.569983
19.072, 56.627, 0.570157
18.035, 57.42, 0.579039
17.82, 58.344, 0.58873
17.688, 59.266, 0.598277
11.952, 59.642, 0.609431
12.665, 59.761, 0.609259
20.7, 51.682, 0.517726
20.617, 52.416, 0.525463
20.476, 53.167, 0.533388
21.474, 51.711, 0.517935
20.076, 55.805, 0.561115
24.314, 49.284, 0.492602
13.44, 59.869, 0.609056
14.227, 59.981, 0.609041
15.881, 59.793, 0.605238
15.247, 60.227, 0.610281
27.631, 45.411, 0.453122
27.396, 46.788, 0.467155
26.25, 48.72, 0.486864
27.058, 48.21, 0.481675
23.266, 50.09, 0.500934
24.236, 50.166, 0.501716
23.24, 50.967, 0.510039
22.324, 51.75, 0.51825
23.203, 51.825, 0.518944
36.575, 45.518, 0.454748
33.363, 45.263, 0.452043
30.936, 45.257, 0.451839
29.062, 45.423, 0.453382
25.303, 49.378, 0.493597
26.259, 49.473, 0.494592
9.768, 60.177, 0.619544
10.49, 60.219, 0.618118
11.182, 60.327, 0.617581
11.88, 60.44, 0.617279
5.806, 68.831, 0.700091
38.449, 48.559, 0.485461
38.572, 51.437, 0.514499
7.011, 61.988, 0.641816
7.08, 63.089, 0.650278
7.14, 64.437, 0.661164
8.999, 60.941, 0.628286
8.277, 61.478, 0.634589
9.679, 60.965, 0.626816
50, 54.545, 0.545725
0, 70.004, 0.712026
2.19, 69.951, 0.71129
4.666, 69.792, 0.709107
21.326, 53.288, 0.534456
21.192, 54.116, 0.543128
21.097, 54.984, 0.552192
21.021, 55.865, 0.561362
40.945, 54.301, 0.543338
35.717, 48.679, 0.486649
7.534, 65.921, 0.673293
7.304, 67.616, 0.688368
7.211, 68.96, 0.700439
21.432, 52.495, 0.526147
16.62, 59.969, 0.606314
17.523, 60.137, 0.607262
19.988, 56.698, 0.570423
18.94, 57.534, 0.579631
19.874, 57.617, 0.57997
18.789, 58.457, 0.589227
18.641, 59.387, 0.598837
18.504, 60.281, 0.608017
12.609, 60.572, 0.617286
13.391, 60.655, 0.616894
14.113, 60.668, 0.616036
22.28, 52.571, 0.526806
20.929, 56.765, 0.570702
25.246, 50.257, 0.502646
16.274, 60.73, 0.614293
29.018, 47.072, 0.470165
28.492, 48.393, 0.483601
27.16, 49.43, 0.494167
26.197, 50.324, 0.503327
27.081, 50.38, 0.503893
28.323, 49.769, 0.497639
24.194, 51.051, 0.510864
25.176, 51.157, 0.511915
24.1, 51.941, 0.520067
23.146, 52.665, 0.527661
23.987, 52.81, 0.529055
33.261, 47.853, 0.478255
30.724, 47.685, 0.476477
10.396, 61.039, 0.625866
11.117, 61.089, 0.624872
11.782, 61.191, 0.624617
12.516, 61.407, 0.625502
6.851, 70.347, 0.713206
36.396, 51.529, 0.515447
36.816, 54.207, 0.542471
8.344, 62.967, 0.646922
8.364, 64.154, 0.657037
8.417, 65.185, 0.665935
9.494, 61.831, 0.634851
10.354, 61.749, 0.632423
22.225, 53.383, 0.53526
22.155, 54.206, 0.54382
22.055, 55.054, 0.552632
21.964, 55.923, 0.561641
21.894, 56.832, 0.571031
38.424, 57.177, 0.572357
38.449, 60.054, 0.601326
34.355, 50.076, 0.500766
32.783, 49.801, 0.49798
34.376, 51.754, 0.517744
14.669, 61.343, 0.622039
16.022, 61.712, 0.62433
9.76, 62.91, 0.643923
50, 63.636, 0.637069
41.131, 62.795, 0.628784
0, 72.003, 0.729799
2.179, 71.99, 0.729479
4.426, 72.014, 0.729253
6.727, 72.151, 0.72986
9.445, 65.334, 0.666043
9.08, 66.484, 0.676743
8.904, 67.78, 0.688628
8.799, 69.043, 0.700239
9.004, 70.341, 0.712142
35.634, 57.236, 0.573081
13.505, 61.485, 0.624852
23.091, 53.465, 0.535956
29.716, 48.648, 0.486235
29.623, 49.886, 0.498839
23.817, 53.552, 0.536739
31.128, 49.718, 0.497136
11.046, 61.791, 0.631544
11.685, 61.78, 0.630357
9.566, 64.231, 0.65602
10.382, 62.404, 0.638339
17.371, 60.997, 0.616057
18.39, 61.097, 0.616342
20.834, 57.702, 0.58039
19.745, 58.565, 0.589776
20.719, 58.678, 0.590446
19.598, 59.52, 0.599613
19.428, 60.398, 0.608631
19.231, 61.132, 0.616174
21.816, 57.785, 0.580844
26.334, 51.262, 0.512948
17.213, 61.934, 0.62557
25.071, 52.098, 0.521608
26.044, 52.217, 0.52276
24.828, 53.136, 0.532313
9.049, 72.149, 0.729019
34.164, 53.884, 0.539294
11.159, 62.451, 0.63748
12.166, 62.326, 0.634781
13.415, 62.505, 0.634855
23.151, 54.291, 0.544482
22.958, 55.112, 0.552999
22.902, 55.962, 0.561769
22.862, 56.888, 0.571295
22.825, 57.86, 0.581262
36.117, 60.14, 0.602322
32.696, 51.627, 0.516489
31.038, 51.511, 0.515348
27.684, 51.369, 0.513995
29.523, 51.484, 0.515112
32.484, 53.365, 0.534108
14.631, 62.588, 0.634327
15.829, 62.807, 0.635356
17.069, 63.039, 0.636683
10.941, 63.314, 0.64576
10.83, 64.387, 0.655793
10.682, 65.561, 0.666766
10.503, 66.737, 0.677776
10.305, 67.95, 0.689156
10.154, 68.943, 0.698484
34.133, 58.419, 0.585105
34.07, 60.026, 0.601311
24.347, 54.393, 0.545313
33.114, 56.026, 0.561008
32.51, 58.097, 0.581985
35.886, 63.292, 0.634024
36.075, 67.896, 0.680207
50, 72.727, 0.728129
0, 74.003, 0.748085
2.135, 74.017, 0.748085
4.349, 74.037, 0.747968
6.618, 74.101, 0.748099
8.965, 74.117, 0.747639
39.886, 72.647, 0.727548
11.254, 69.75, 0.705426
11.535, 71.977, 0.726422
26.972, 52.289, 0.523436
32.111, 54.782, 0.548484
23.71, 55.146, 0.553179
34.134, 61.68, 0.617964
18.474, 62.022, 0.625583
21.738, 58.776, 0.591012
20.584, 59.665, 0.60058
21.626, 59.805, 0.60154
20.343, 60.704, 0.611246
19.86, 61.801, 0.622566
22.763, 58.874, 0.591634
18.383, 63.181, 0.637232
25.949, 53.28, 0.533671
26.966, 53.309, 0.533872
25.758, 54.495, 0.546144
11.382, 74.073, 0.746515
12.153, 63.437, 0.645307
13.361, 63.577, 0.645248
14.542, 63.707, 0.645329
23.796, 55.946, 0.56138
23.84, 56.903, 0.571179
23.852, 57.926, 0.581632
23.824, 58.976, 0.592338
30.974, 53.235, 0.532858
29.484, 53.143, 0.532001
28.112, 53.125, 0.531907
30.872, 54.749, 0.548228
15.669, 63.864, 0.645888
16.772, 64.257, 0.648947
18.186, 64.479, 0.650256
12.068, 64.555, 0.655937
11.992, 65.721, 0.666977
11.842, 66.957, 0.678726
11.602, 68.24, 0.690978
32.338, 59.848, 0.599675
32.168, 61.74, 0.61876
24.705, 55.739, 0.559067
25.818, 55.745, 0.558924
30.985, 56.294, 0.563878
30.767, 57.921, 0.580371
30.454, 59.625, 0.597633
32.651, 64.1, 0.642441
36.988, 77.268, 0.773828
12.912, 68.192, 0.689669
50, 81.818, 0.818951
0, 76.003, 0.766744
2.123, 76.019, 0.766801
4.301, 76.045, 0.766831
6.564, 76.078, 0.7668
8.897, 76.114, 0.766691
11.197, 76.148, 0.766515
31.921, 67.68, 0.67843
33.571, 72.516, 0.726621
33.136, 77.036, 0.771756
42.217, 82.896, 0.829775
37.409, 81.943, 0.820398
13.801, 69.266, 0.699448
14.525, 71.778, 0.723338
13.681, 74.171, 0.746794
19.803, 63.251, 0.637153
22.709, 59.897, 0.602061
21.523, 60.844, 0.612123
22.639, 60.919, 0.612447
23.713, 60.02, 0.602977
21.363, 62.022, 0.624082
21.318, 63.355, 0.637502
19.67, 64.637, 0.651052
26.955, 54.578, 0.546841
28.093, 54.63, 0.54725
29.457, 54.732, 0.548163
26.856, 55.796, 0.559283
29.36, 56.212, 0.563204
13.445, 76.212, 0.766624
13.323, 64.682, 0.655879
14.506, 64.747, 0.655455
15.454, 64.763, 0.654857
13.299, 65.846, 0.667025
13.139, 67.116, 0.679261
14.462, 67.392, 0.681041
24.846, 56.877, 0.570677
25.878, 56.821, 0.569898
26.748, 56.766, 0.569185
24.936, 57.946, 0.58156
24.93, 59.106, 0.593362
24.81, 60.316, 0.605667
16.186, 65.616, 0.66268
17.887, 65.907, 0.664537
19.474, 66.08, 0.665478
29.125, 57.771, 0.579043
28.972, 59.205, 0.593585
28.82, 60.375, 0.605438
29.927, 61.442, 0.616036
30.135, 63.703, 0.638766
30.145, 65.702, 0.658841
33.412, 81.601, 0.817184
39.95, 86.108, 0.861808
37.246, 86.157, 0.862366
40.401, 89.373, 0.894296
33.48, 85.971, 0.860641
16.059, 67.388, 0.68006
15.959, 68.97, 0.695516
16.062, 70.505, 0.710422
15.492, 74.536, 0.749839
15.404, 76.362, 0.767642
50, 90.909, 0.909533
43.307, 91.46, 0.91504
0, 78.003, 0.785662
2.12, 78.022, 0.785774
4.296, 78.046, 0.785843
6.557, 78.087, 0.785977
8.841, 78.135, 0.786105
11.124, 78.238, 0.78672
13.265, 78.334, 0.787273
28.643, 72.653, 0.728525
29.02, 76.93, 0.771055
29.121, 81.302, 0.81449
28.011, 65.771, 0.659884
27.806, 68.418, 0.686399
17.217, 73.334, 0.737608
17.905, 70.594, 0.710593
23.599, 60.876, 0.611687
27.955, 56.092, 0.562149
27.485, 57.522, 0.576752
15.147, 78.252, 0.786135
14.616, 65.92, 0.66672
26.124, 57.895, 0.580785
26.194, 59.134, 0.593356
26.186, 60.458, 0.606771
17.751, 67.411, 0.679416
19.278, 67.54, 0.680008
27.561, 59.111, 0.592862
27.618, 60.436, 0.60626
27.934, 61.864, 0.620613
28.122, 63.706, 0.639125
17.635, 68.973, 0.694803
50, 100, 1
45, 100, 1
24.571, 72.922, 0.731842
20.806, 73.149, 0.73487
19.168, 68.756, 0.692054
21.19, 64.815, 0.652166
22.827, 62.007, 0.623366
24.347, 61.717, 0.619958
26.185, 61.887, 0.621202
22.822, 63.455, 0.63794
22.784, 64.966, 0.6531
26.214, 63.596, 0.638407
26.219, 65.334, 0.655855
26.061, 66.888, 0.671452
21.036, 66.307, 0.667096
20.83, 67.873, 0.682728
23.898, 69.172, 0.694724
24.281, 66.922, 0.67222
20.491, 69.913, 0.703016
29.3, 85.776, 0.858895
37.649, 90.022, 0.900803
33.841, 90.401, 0.904656
38.902, 94.197, 0.942305
40, 100, 1
29.503, 90.351, 0.904283
17.578, 76.581, 0.769329
24.807, 76.851, 0.770769
20.965, 76.767, 0.770527
24.901, 81.032, 0.812176
24.924, 85.503, 0.856447
16.615, 80.179, 0.804766
13.302, 80.819, 0.811496
11.012, 80.365, 0.807371
8.858, 80.198, 0.806025
6.58, 80.102, 0.805352
4.332, 80.056, 0.805104
0, 80.002, 0.804761
2.135, 80.026, 0.804939
22.634, 66.506, 0.668529
24.473, 63.462, 0.637501
24.413, 65.175, 0.654708
22.465, 67.844, 0.681907
20.751, 80.732, 0.809663
24.918, 90.171, 0.902667
34.422, 94.926, 0.9496
35, 100, 1
29.737, 95.091, 0.951303
24.914, 94.997, 0.950455
20.558, 85.182, 0.85359
20.309, 89.844, 0.899635
16.294, 84.767, 0.849854
10.719, 82.337, 0.826599
8.876, 82.211, 0.825554
6.675, 82.118, 0.824843
4.383, 82.064, 0.824475
2.167, 82.028, 0.824223
0, 82.002, 0.824013
12.064, 84.477, 0.847374
30, 100, 1
25, 100, 1
19.891, 94.799, 0.9486
20, 100, 1
15.751, 89.404, 0.895519
9.23, 84.204, 0.844941
6.785, 84.12, 0.844288
4.459, 84.059, 0.843817
2.193, 84.027, 0.843582
0, 84.002, 0.843372
10.615, 86.002, 0.862418
8.94, 86.073, 0.863212
10.59, 87.55, 0.877578
12.001, 88.519, 0.887002
14.33, 94.225, 0.943064
15, 100, 1
11.895, 91.749, 0.91875
6.775, 86.039, 0.862994
4.47, 86.037, 0.86307
2.207, 86.016, 0.862924
0, 86.002, 0.862813
8.968, 87.784, 0.879951
6.786, 87.973, 0.881895
9.31, 89.688, 0.898603
9.285, 92.149, 0.922763
10, 100, 1
8.854, 95.4, 0.95474
4.476, 87.988, 0.882116
2.205, 88, 0.882279
0, 88.001, 0.882308
6.871, 89.873, 0.900499
6.791, 92.003, 0.921393
6.702, 93.784, 0.938882
4.469, 89.975, 0.901558
5, 100, 1
4.274, 94.069, 0.941712
4.063, 96.578, 0.966366
4.448, 91.981, 0.921219
0, 100, 1
0, 98, 0.980349
2.199, 89.981, 0.901651
0, 90.001, 0.901862
2.155, 91.961, 0.921049
2.029, 95.489, 0.955674
2.137, 93.875, 0.939826
0, 96.001, 0.960706
0, 92.001, 0.921452
0, 94.001, 0.94107